Address,Area,Frontage,Access Road,House direction,Balcony direction,Bedrooms,Bathrooms,Legal status,Furniture state,Price,Day,Province,District,Detail,Price_per_m2,Area_Group,Price_Segment,Latitude,Longitude
"Hà Nội, Hà Đông, Căn hộ chung cư tại Khu đô thị mới Dương Nội",84.0,6.0,10.0,Đông,Đông - Bắc,2.0,2.0,Đã có sổ,Đầy đủ,13.81,1,Hà Nội,Hà Đông,Căn hộ chung cư tại Khu đô thị mới Dương Nội,0.16,70-90 m²,>10 tỷ,21.0285,105.8542
"Hà Nội, Hà Đông, Căn hộ chung cư tại The Pride",73.0,6.0,10.0,Không xác định,Không xác định,2.0,2.0,Đã có sổ,Đầy đủ,12.0,1,Hà Nội,Hà Đông,Căn hộ chung cư tại The Pride,0.16,70-90 m²,>10 tỷ,21.0285,105.8542
"Quảng Ninh, Vân Đồn, Căn hộ chung cư tại Vân Bay Tower",70.0,6.0,10.0,Không xác định,Không xác định,3.0,2.0,Không xác định,Không xác định,1.54,1,Quảng Ninh,Vân Đồn,Căn hộ chung cư tại Vân Bay Tower,0.02,50-70 m²,<4 tỷ,21.0069,107.2925
"Hồ Chí Minh, Bình Tân, Căn hộ chung cư tại Lê Thành Tân Tạo",34.0,6.0,10.0,Không xác định,Không xác định,1.0,1.0,Hợp đồng mua bán,Không xác định,0.75,1,Hồ Chí Minh,Bình Tân,Căn hộ chung cư tại Lê Thành Tân Tạo,0.02,30-50 m²,<4 tỷ,10.7769,106.7009
"Hà Nội, Hà Đông, Căn hộ chung cư tại SDU - 143 Trần Phú",52.0,6.0,10.0,Tây - Nam,Đông - Bắc,2.0,2.0,Đã có sổ,Đầy đủ,3.95,1,Hà Nội,Hà Đông,Căn hộ chung cư tại SDU - 143 Trần Phú,0.08,50-70 m²,<4 tỷ,21.0285,105.8542
"Hà Nội, Hà Đông, Căn hộ chung cư tại Xuân Mai Sparks Tower",69.0,6.0,10.0,Đông - Bắc,Tây - Nam,2.0,2.0,Đã có sổ,Đầy đủ,4.66,1,Hà Nội,Hà Đông,Căn hộ chung cư tại Xuân Mai Sparks Tower,0.07,50-70 m²,4-6 tỷ,21.0285,105.8542
"Hà Nội, Hà Đông, Căn hộ chung cư tại CT1 Yên Nghĩa",60.0,6.0,10.0,Bắc,Nam,2.0,1.0,Đã có sổ,Đầy đủ,4.13,1,Hà Nội,Hà Đông,Căn hộ chung cư tại CT1 Yên Nghĩa,0.07,50-70 m²,4-6 tỷ,21.0285,105.8542
"Hà Nội, Hà Đông, Căn hộ chung cư tại The Sparks",56.0,6.0,10.0,Đông - Nam,Tây - Bắc,2.0,2.0,Đã có sổ,Đầy đủ,3.8,1,Hà Nội,Hà Đông,Căn hộ chung cư tại The Sparks,0.07,50-70 m²,<4 tỷ,21.0285,105.8542
"Hà Nội, Hà Đông, Căn hộ chung cư tại Khu nhà ở Hưng Thịnh",56.0,6.0,10.0,Tây - Bắc,Đông - Nam,2.0,1.0,Đã có sổ,Không xác định,3.25,1,Hà Nội,Hà Đông,Căn hộ chung cư tại Khu nhà ở Hưng Thịnh,0.06,50-70 m²,<4 tỷ,21.0285,105.8542
"Hà Nội, Hà Đông, Căn hộ chung cư tại Chung cư Sails Tower",48.0,6.0,10.0,Tây - Bắc,Đông - Nam,2.0,1.0,Đã có sổ,Đầy đủ,3.17,1,Hà Nội,Hà Đông,Căn hộ chung cư tại Chung cư Sails Tower,0.07,30-50 m²,<4 tỷ,21.0285,105.8542
"Hà Nội, Hà Đông, Căn hộ chung cư tại Park View Residence Dương Nội",56.0,6.0,10.0,Tây - Bắc,Đông - Nam,2.0,1.0,Đã có sổ,Đầy đủ,3.75,1,Hà Nội,Hà Đông,Căn hộ chung cư tại Park View Residence Dương Nội,0.07,50-70 m²,<4 tỷ,21.0285,105.8542
"Hà Nội, Hà Đông, Căn hộ chung cư tại Khu đô thị mới Xa La",62.0,6.0,10.0,Tây - Bắc,Đông - Nam,2.0,2.0,Đã có sổ,Đầy đủ,3.95,1,Hà Nội,Hà Đông,Căn hộ chung cư tại Khu đô thị mới Xa La,0.06,50-70 m²,<4 tỷ,21.0285,105.8542
"Hà Nội, Thanh Trì, Căn hộ chung cư tại Greenera Southmark",124.0,6.0,10.0,Không xác định,Không xác định,3.0,2.0,Không xác định,Không xác định,12.0,1,Hà Nội,Thanh Trì,Căn hộ chung cư tại Greenera Southmark,0.1,>90 m²,>10 tỷ,21.0285,105.8542
"Hồ Chí Minh, Quận 5, Căn hộ chung cư tại Legacy 66",48.0,6.0,10.0,Không xác định,Không xác định,1.0,1.0,Hợp đồng mua bán,Đầy đủ,5.23,3,Hồ Chí Minh,Quận 5,Căn hộ chung cư tại Legacy 66,0.11,30-50 m²,4-6 tỷ,10.7769,106.7009
"Hồ Chí Minh, Tân Phú, Căn hộ chung cư tại Chung cư Khuông Việt",70.0,6.0,10.0,Không xác định,Không xác định,2.0,2.0,Không xác định,Không xác định,3.9,3,Hồ Chí Minh,Tân Phú,Căn hộ chung cư tại Chung cư Khuông Việt,0.06,50-70 m²,<4 tỷ,10.7769,106.7009
"Khánh Hòa, Nha Trang, Căn hộ chung cư tại The Onsen",58.5,6.0,10.0,Đông - Nam,Tây - Bắc,1.0,1.0,Hợp đồng mua bán,Cơ bản,4.65,3,Khánh Hòa,Nha Trang,Căn hộ chung cư tại The Onsen,0.08,50-70 m²,4-6 tỷ,12.2388,109.1967
"Hà Nội, Long Biên, Căn hộ chung cư tại Ruby Park",45.3,6.0,10.0,Không xác định,Không xác định,1.0,1.0,Hợp đồng mua bán,Không xác định,2.96,1,Hà Nội,Long Biên,Căn hộ chung cư tại Ruby Park,0.07,30-50 m²,<4 tỷ,21.0285,105.8542
"Hưng Yên, Văn Giang, Căn hộ chung cư tại Aqua Bay Sky Residences",158.0,6.0,10.0,Đông - Nam,Tây - Bắc,3.0,3.0,Đã có sổ,Không xác định,12.0,3,Hưng Yên,Văn Giang,Căn hộ chung cư tại Aqua Bay Sky Residences,0.08,>90 m²,>10 tỷ,20.6464,106.0511
"Hưng Yên, Văn Giang, Căn hộ chung cư tại Swan Lake Onsen Residences",420.0,6.0,10.0,Đông - Bắc,Đông - Nam,5.0,6.0,Đã có sổ,Không xác định,41.0,3,Hưng Yên,Văn Giang,Căn hộ chung cư tại Swan Lake Onsen Residences,0.1,>90 m²,>10 tỷ,20.6464,106.0511
"Bình Dương, Thủ Dầu Một, Căn hộ chung cư tại Orchard Hill - Sycamore",94.0,6.0,10.0,Đông - Nam,Tây - Bắc,2.0,2.0,Hợp đồng mua bán,Cơ bản,5.8,3,Bình Dương,Thủ Dầu Một,Căn hộ chung cư tại Orchard Hill - Sycamore,0.06,>90 m²,4-6 tỷ,11.1604,106.6508
"Bắc Giang, Bắc Giang, Căn hộ chung cư tại đường Đào Sư Tích",61.0,6.0,10.0,Tây - Bắc,Đông - Nam,2.0,2.0,Đã có sổ,Đầy đủ,2.45,3,Bắc Giang,Bắc Giang,Căn hộ chung cư tại đường Đào Sư Tích,0.04,50-70 m²,<4 tỷ,21.2731,106.1946
"Hà Nội, Đan Phượng, Căn hộ chung cư tại Masteri Sky Quarter",47.0,6.0,10.0,Tây - Nam,Đông - Bắc,3.0,2.0,Hợp đồng mua bán,Đầy đủ,3.67,3,Hà Nội,Đan Phượng,Căn hộ chung cư tại Masteri Sky Quarter,0.08,30-50 m²,<4 tỷ,21.0285,105.8542
"Hồ Chí Minh, Thủ Đức, Căn hộ chung cư tại Diamond Sky",70.0,6.0,10.0,Tây - Bắc,Đông - Nam,2.0,2.0,Đã có sổ,Đầy đủ,0.13,3,Hồ Chí Minh,Thủ Đức,Căn hộ chung cư tại Diamond Sky,0.0,50-70 m²,<4 tỷ,10.7769,106.7009
"Hồ Chí Minh, Quận 10, Căn hộ chung cư tại Thiên Nam Apartment",126.2,6.0,10.0,Bắc,Nam,3.0,3.0,Đã có sổ,Đầy đủ,10.9,2,Hồ Chí Minh,Quận 10,Căn hộ chung cư tại Thiên Nam Apartment,0.09,>90 m²,>10 tỷ,10.7769,106.7009
"Hà Nội, Hoài Đức, Căn hộ chung cư tại Imperia Sky Park",154.0,6.0,10.0,Đông - Bắc,Đông,3.0,2.0,Hợp đồng mua bán,Không xác định,0.09,1,Hà Nội,Hoài Đức,Căn hộ chung cư tại Imperia Sky Park,0.0,>90 m²,<4 tỷ,21.0285,105.8542
"Hồ Chí Minh, Thủ Đức, Căn hộ chung cư tại Urban Green",65.0,6.0,10.0,Không xác định,Không xác định,3.0,2.0,Không xác định,Không xác định,5.15,2,Hồ Chí Minh,Thủ Đức,Căn hộ chung cư tại Urban Green,0.08,50-70 m²,4-6 tỷ,10.7769,106.7009
"Hải Phòng, Thủy Nguyên, Căn hộ chung cư tại Hoàng Huy New City",62.0,6.0,10.0,Không xác định,Không xác định,3.0,2.0,Không xác định,Không xác định,5.06,2,Hải Phòng,Thủy Nguyên,Căn hộ chung cư tại Hoàng Huy New City,0.08,50-70 m²,4-6 tỷ,20.8449,106.6881
"Hà Nội, Thanh Xuân, Căn hộ chung cư tại Hanoi Seasons Garden",84.7,6.0,10.0,Không xác định,Tây - Nam,1.0,2.0,Không xác định,Không xác định,13.1,2,Hà Nội,Thanh Xuân,Căn hộ chung cư tại Hanoi Seasons Garden,0.15,70-90 m²,>10 tỷ,21.0285,105.8542
"Hà Nội, Nam Từ Liêm, Căn hộ chung cư tại The Sakura - Vinhomes Smart City",77.6,6.0,10.0,Đông - Bắc,Tây - Nam,3.0,2.0,Đã có sổ,Đầy đủ,6.65,2,Hà Nội,Nam Từ Liêm,Căn hộ chung cư tại The Sakura - Vinhomes Smart City,0.09,70-90 m²,6-8 tỷ,21.0285,105.8542
"Hà Nội, Tây Hồ, Căn hộ chung cư tại Udic Westlake",168.0,6.0,10.0,Tây - Bắc,Tây - Bắc,3.0,2.0,Đã có sổ,Đầy đủ,15.99,2,Hà Nội,Tây Hồ,Căn hộ chung cư tại Udic Westlake,0.1,>90 m²,>10 tỷ,21.0285,105.8542
"Hà Nội, Tây Hồ, Căn hộ chung cư tại Udic Westlake",86.0,6.0,10.0,Tây,Tây,2.0,2.0,Đã có sổ,Đầy đủ,9.09,2,Hà Nội,Tây Hồ,Căn hộ chung cư tại Udic Westlake,0.11,70-90 m²,8-10 tỷ,21.0285,105.8542
"Hà Nội, Nam Từ Liêm, Căn hộ chung cư tại Imperia Smart City",55.0,6.0,10.0,Không xác định,Đông - Nam,2.0,1.0,Đã có sổ,Cơ bản,4.52,5,Hà Nội,Nam Từ Liêm,Căn hộ chung cư tại Imperia Smart City,0.08,50-70 m²,4-6 tỷ,21.0285,105.8542
"Hà Nội, Hà Đông, Căn hộ chung cư tại The Pride",102.8,6.0,10.0,Không xác định,Không xác định,3.0,2.0,Đã có sổ,Đầy đủ,16.9,1,Hà Nội,Hà Đông,Căn hộ chung cư tại The Pride,0.16,>90 m²,>10 tỷ,21.0285,105.8542
"Hà Nội, Đông Anh, Căn hộ chung cư tại Masteri Grand Avenue",28.0,6.0,10.0,Đông - Nam,Tây - Bắc,1.0,1.0,Hợp đồng mua bán,Đầy đủ,3.75,5,Hà Nội,Đông Anh,Căn hộ chung cư tại Masteri Grand Avenue,0.13,<30 m²,<4 tỷ,21.0285,105.8542
"Hải Phòng, Kiến An, Căn hộ chung cư tại Golden Point Đồng Hòa",63.0,6.0,10.0,Bắc,Nam,2.0,2.0,Đã có sổ,Cơ bản,0.02,7,Hải Phòng,Kiến An,Căn hộ chung cư tại Golden Point Đồng Hòa,0.0,50-70 m²,<4 tỷ,20.8449,106.6881
"Hồ Chí Minh, Bình Thạnh, Căn hộ chung cư tại Sunwah Pearl",98.92,6.0,10.0,Không xác định,Không xác định,2.0,2.0,Hợp đồng mua bán,Cơ bản,18.46,7,Hồ Chí Minh,Bình Thạnh,Căn hộ chung cư tại Sunwah Pearl,0.19,>90 m²,>10 tỷ,10.7769,106.7009
"Hà Nội, Hoài Đức, Căn hộ chung cư tại Thăng Long Capital",69.9,6.0,10.0,Đông,Tây,2.0,2.0,Đã có sổ,Đầy đủ,4.5,6,Hà Nội,Hoài Đức,Căn hộ chung cư tại Thăng Long Capital,0.06,50-70 m²,4-6 tỷ,21.0285,105.8542
"Hồ Chí Minh, Thủ Đức, Căn hộ chung cư tại đường Đỗ Xuân Hợp",97.1,6.0,10.0,Tây - Bắc,Không xác định,3.0,2.0,Hợp đồng mua bán,Không xác định,14.0,6,Hồ Chí Minh,Thủ Đức,Căn hộ chung cư tại đường Đỗ Xuân Hợp,0.14,>90 m²,>10 tỷ,10.7769,106.7009
"Bình Dương, Thuận An, Căn hộ chung cư tại Monrei Saigon",55.0,6.0,10.0,Nam,Nam,2.0,1.0,Hợp đồng mua bán,Đầy đủ,2.06,6,Bình Dương,Thuận An,Căn hộ chung cư tại Monrei Saigon,0.04,50-70 m²,<4 tỷ,11.1604,106.6508
"Hồ Chí Minh, Thủ Đức, Căn hộ chung cư tại Flora Novia",58.0,6.0,10.0,Không xác định,Không xác định,2.0,2.0,Đã có sổ,Không xác định,3.66,6,Hồ Chí Minh,Thủ Đức,Căn hộ chung cư tại Flora Novia,0.06,50-70 m²,<4 tỷ,10.7769,106.7009
"Hồ Chí Minh, Quận 8, Căn hộ chung cư tại Dream Home Palace",66.0,6.0,10.0,Không xác định,Không xác định,2.0,2.0,Hợp đồng mua bán,Không xác định,2.65,6,Hồ Chí Minh,Quận 8,Căn hộ chung cư tại Dream Home Palace,0.04,50-70 m²,<4 tỷ,10.7769,106.7009
"Phú Thọ, Việt Trì, Căn hộ chung cư tại Nexus Tower",81.61,6.0,10.0,Tây - Nam,Đông - Bắc,3.0,2.0,Đã có sổ,Cơ bản,1.83,6,Phú Thọ,Việt Trì,Căn hộ chung cư tại Nexus Tower,0.02,70-90 m²,<4 tỷ,21.3167,105.2167
"Hà Nội, Nam Từ Liêm, Căn hộ chung cư tại Masteri West Heights",55.0,6.0,10.0,Không xác định,Không xác định,3.0,2.0,Không xác định,Không xác định,5.9,7,Hà Nội,Nam Từ Liêm,Căn hộ chung cư tại Masteri West Heights,0.11,50-70 m²,4-6 tỷ,21.0285,105.8542
"Hà Nội, Nam Từ Liêm, Căn hộ chung cư tại Vinhomes Smart City",48.0,6.0,10.0,Không xác định,Không xác định,3.0,2.0,Không xác định,Không xác định,4.7,7,Hà Nội,Nam Từ Liêm,Căn hộ chung cư tại Vinhomes Smart City,0.1,30-50 m²,4-6 tỷ,21.0285,105.8542
"Hà Nội, Nam Từ Liêm, Căn hộ chung cư tại Masteri West Heights",63.0,6.0,10.0,Không xác định,Không xác định,3.0,2.0,Không xác định,Không xác định,6.8,7,Hà Nội,Nam Từ Liêm,Căn hộ chung cư tại Masteri West Heights,0.11,50-70 m²,6-8 tỷ,21.0285,105.8542
"Hà Nội, Nam Từ Liêm, Căn hộ chung cư tại Vinhomes Smart City",32.0,6.0,10.0,Không xác định,Không xác định,3.0,2.0,Không xác định,Không xác định,3.3,7,Hà Nội,Nam Từ Liêm,Căn hộ chung cư tại Vinhomes Smart City,0.1,30-50 m²,<4 tỷ,21.0285,105.8542
"Hà Nội, Nam Từ Liêm, Căn hộ chung cư tại Vinhomes Smart City",64.0,6.0,10.0,Không xác định,Không xác định,3.0,2.0,Không xác định,Không xác định,5.9,7,Hà Nội,Nam Từ Liêm,Căn hộ chung cư tại Vinhomes Smart City,0.09,50-70 m²,4-6 tỷ,21.0285,105.8542
"Hà Nội, Nam Từ Liêm, Căn hộ chung cư tại Vinhomes Smart City",47.0,6.0,10.0,Không xác định,Không xác định,3.0,2.0,Không xác định,Không xác định,4.8,7,Hà Nội,Nam Từ Liêm,Căn hộ chung cư tại Vinhomes Smart City,0.1,30-50 m²,4-6 tỷ,21.0285,105.8542
"Hà Nội, Nam Từ Liêm, Căn hộ chung cư tại Vinhomes Smart City",32.0,6.0,10.0,Không xác định,Không xác định,1.0,1.0,Đã có sổ,Đầy đủ,3.1,7,Hà Nội,Nam Từ Liêm,Căn hộ chung cư tại Vinhomes Smart City,0.1,30-50 m²,<4 tỷ,21.0285,105.8542
"Hà Nội, Nam Từ Liêm, Căn hộ chung cư tại Vinhomes Smart City",31.0,6.0,10.0,Không xác định,Không xác định,1.0,2.0,Đã có sổ,Đầy đủ,2.75,7,Hà Nội,Nam Từ Liêm,Căn hộ chung cư tại Vinhomes Smart City,0.09,30-50 m²,<4 tỷ,21.0285,105.8542
"Hà Nội, Nam Từ Liêm, Căn hộ chung cư tại Vinhomes Smart City",55.0,6.0,10.0,Không xác định,Không xác định,2.0,1.0,Đã có sổ,Đầy đủ,5.25,7,Hà Nội,Nam Từ Liêm,Căn hộ chung cư tại Vinhomes Smart City,0.1,50-70 m²,4-6 tỷ,21.0285,105.8542
"Hồ Chí Minh, Bình Thạnh, Căn hộ chung cư tại Sunwah Pearl",104.72,6.0,10.0,Không xác định,Không xác định,2.0,2.0,Hợp đồng mua bán,Cơ bản,24.92,7,Hồ Chí Minh,Bình Thạnh,Căn hộ chung cư tại Sunwah Pearl,0.24,>90 m²,>10 tỷ,10.7769,106.7009
"Hà Nội, Hà Đông, Căn hộ chung cư tại Chung cư cao cấp CT5 Văn Khê",81.8,6.0,10.0,Nam,Bắc,2.0,2.0,Đã có sổ,Không xác định,5.4,7,Hà Nội,Hà Đông,Căn hộ chung cư tại Chung cư cao cấp CT5 Văn Khê,0.07,70-90 m²,4-6 tỷ,21.0285,105.8542
"Hưng Yên, Văn Giang, Căn hộ chung cư tại Alumi - Alluvia City",114.93,6.0,10.0,Bắc,Bắc,3.0,3.0,Hợp đồng mua bán,Cơ bản,8.81,3,Hưng Yên,Văn Giang,Căn hộ chung cư tại Alumi - Alluvia City,0.08,>90 m²,8-10 tỷ,20.6464,106.0511
"Hưng Yên, Văn Giang, Căn hộ chung cư tại Khu đô thị Ecopark",152.0,6.0,10.0,Không xác định,Tây - Bắc,3.0,3.0,Đã có sổ,Đầy đủ,14.0,3,Hưng Yên,Văn Giang,Căn hộ chung cư tại Khu đô thị Ecopark,0.09,>90 m²,>10 tỷ,20.6464,106.0511
"Hưng Yên, Văn Giang, Căn hộ chung cư tại Aqua Bay Sky Residences",152.0,6.0,10.0,Không xác định,Tây - Bắc,3.0,2.0,Đã có sổ,Đầy đủ,13.2,3,Hưng Yên,Văn Giang,Căn hộ chung cư tại Aqua Bay Sky Residences,0.09,>90 m²,>10 tỷ,20.6464,106.0511
"Hưng Yên, Văn Giang, Căn hộ chung cư tại Alumi - Alluvia City",34.46,6.0,10.0,Nam,Bắc,1.0,1.0,Hợp đồng mua bán,Cơ bản,2.54,3,Hưng Yên,Văn Giang,Căn hộ chung cư tại Alumi - Alluvia City,0.07,30-50 m²,<4 tỷ,20.6464,106.0511
"Hà Nội, Hoàng Mai, Căn hộ chung cư tại Vinhomes Times City - Park Hill",95.0,6.0,10.0,Tây,Tây - Nam,3.0,2.0,Không xác định,Đầy đủ,12.0,8,Hà Nội,Hoàng Mai,Căn hộ chung cư tại Vinhomes Times City - Park Hill,0.13,>90 m²,>10 tỷ,21.0285,105.8542
"Hà Nội, Cầu Giấy, Căn hộ chung cư tại Khu đô thị Trung Hòa - Nhân Chính",152.5,6.0,10.0,Không xác định,Không xác định,3.0,3.0,Đã có sổ,Không xác định,14.5,8,Hà Nội,Cầu Giấy,Căn hộ chung cư tại Khu đô thị Trung Hòa - Nhân Chính,0.1,>90 m²,>10 tỷ,21.0285,105.8542
"Hưng Yên, Văn Giang, Căn hộ chung cư tại Alumi - Alluvia City",114.93,6.0,10.0,Tây - Bắc,Bắc,3.0,2.0,Hợp đồng mua bán,Không xác định,7.65,2,Hưng Yên,Văn Giang,Căn hộ chung cư tại Alumi - Alluvia City,0.07,>90 m²,6-8 tỷ,20.6464,106.0511
"Đà Nẵng, Sơn Trà, Căn hộ chung cư tại The Legend City",500.0,6.0,10.0,Không xác định,Không xác định,8.0,6.0,Đã có sổ,Đầy đủ,58.0,8,Đà Nẵng,Sơn Trà,Căn hộ chung cư tại The Legend City,0.12,>90 m²,>10 tỷ,16.0544,108.2022
"Hà Nội, Thanh Trì, Căn hộ chung cư tại BlueGem Tower",99.0,6.0,10.0,Không xác định,Không xác định,3.0,2.0,Đã có sổ,Đầy đủ,13.17,8,Hà Nội,Thanh Trì,Căn hộ chung cư tại BlueGem Tower,0.13,>90 m²,>10 tỷ,21.0285,105.8542
"Bà Rịa Vũng Tàu, Phú Mỹ, Căn hộ chung cư tại Maison Grand Phú Mỹ",49.0,6.0,10.0,Không xác định,Không xác định,1.0,1.0,Hợp đồng mua bán,Đầy đủ,1.95,8,Bà Rịa Vũng Tàu,Phú Mỹ,Căn hộ chung cư tại Maison Grand Phú Mỹ,0.04,30-50 m²,<4 tỷ,10.4114,107.1362
"Phú Thọ, Việt Trì, Căn hộ chung cư tại Nexus Tower",60.8,6.0,10.0,Không xác định,Không xác định,3.0,2.0,Hợp đồng mua bán,Không xác định,0.05,11,Phú Thọ,Việt Trì,Căn hộ chung cư tại Nexus Tower,0.0,50-70 m²,<4 tỷ,21.3167,105.2167
"Hà Nội, Thanh Trì, Căn hộ chung cư tại Tứ Hiệp Plaza",64.0,6.0,10.0,Đông - Nam,Tây - Bắc,2.0,2.0,Đã có sổ,Đầy đủ,4.5,5,Hà Nội,Thanh Trì,Căn hộ chung cư tại Tứ Hiệp Plaza,0.07,50-70 m²,4-6 tỷ,21.0285,105.8542
"Long An, Bến Lức, Căn hộ chung cư tại Sky Retreat",111.78,6.0,10.0,Tây - Bắc,Đông - Nam,3.0,2.0,Hợp đồng mua bán,Cơ bản,6.4,11,Long An,Bến Lức,Căn hộ chung cư tại Sky Retreat,0.06,>90 m²,6-8 tỷ,10.536,106.4099
"Bình Dương, Thuận An, Căn hộ chung cư tại Setia Edenia",50.9,6.0,10.0,Không xác định,Không xác định,1.0,1.0,Hợp đồng mua bán,Cơ bản,1.91,11,Bình Dương,Thuận An,Căn hộ chung cư tại Setia Edenia,0.04,50-70 m²,<4 tỷ,11.1604,106.6508
"Bình Dương, Dĩ An, Căn hộ chung cư tại The Gió Riverside",65.0,6.0,10.0,Không xác định,Không xác định,2.0,2.0,Hợp đồng mua bán,Cơ bản,4.2,11,Bình Dương,Dĩ An,Căn hộ chung cư tại The Gió Riverside,0.06,50-70 m²,4-6 tỷ,11.1604,106.6508
"Hà Nội, Long Biên, Căn hộ chung cư tại The Magnolia Private Residences",72.0,6.0,10.0,Không xác định,Không xác định,3.0,2.0,Không xác định,Không xác định,11.0,5,Hà Nội,Long Biên,Căn hộ chung cư tại The Magnolia Private Residences,0.15,70-90 m²,>10 tỷ,21.0285,105.8542
"Hà Nội, Hai Bà Trưng, Căn hộ chung cư tại Green Pearl 378 Minh Khai",98.0,6.0,10.0,Không xác định,Nam,3.0,2.0,Đã có sổ,Không xác định,9.7,6,Hà Nội,Hai Bà Trưng,Căn hộ chung cư tại Green Pearl 378 Minh Khai,0.1,>90 m²,8-10 tỷ,21.0285,105.8542
"Hà Nội, Tây Hồ, Căn hộ chung cư tại Tây Hồ Riverview",92.0,6.0,10.0,Tây - Nam,Đông - Bắc,3.0,2.0,Không xác định,Không xác định,7.5,7,Hà Nội,Tây Hồ,Căn hộ chung cư tại Tây Hồ Riverview,0.08,>90 m²,6-8 tỷ,21.0285,105.8542
"Hồ Chí Minh, Tân Phú, Căn hộ chung cư tại Diamond Centery",290.0,6.0,10.0,Không xác định,Không xác định,5.0,4.0,Hợp đồng mua bán,Đầy đủ,18.0,11,Hồ Chí Minh,Tân Phú,Căn hộ chung cư tại Diamond Centery,0.06,>90 m²,>10 tỷ,10.7769,106.7009
"Hà Nội, Hoài Đức, Căn hộ chung cư tại Imperia Sky Park",60.0,6.0,10.0,Không xác định,Đông - Nam,2.0,2.0,Hợp đồng mua bán,Cơ bản,6.75,10,Hà Nội,Hoài Đức,Căn hộ chung cư tại Imperia Sky Park,0.11,50-70 m²,6-8 tỷ,21.0285,105.8542
"Hồ Chí Minh, Quận 2, Căn hộ chung cư tại The Global City",74.2,6.0,10.0,Đông - Nam,Tây - Bắc,2.0,2.0,Hợp đồng mua bán,Cơ bản,11.2,12,Hồ Chí Minh,Quận 2,Căn hộ chung cư tại The Global City,0.15,70-90 m²,>10 tỷ,10.7769,106.7009
"Hồ Chí Minh, Quận 2, Căn hộ chung cư tại Eaton Park",75.0,6.0,10.0,Không xác định,Không xác định,2.0,2.0,Hợp đồng mua bán,Không xác định,11.3,12,Hồ Chí Minh,Quận 2,Căn hộ chung cư tại Eaton Park,0.15,70-90 m²,>10 tỷ,10.7769,106.7009
"Hà Nội, Hai Bà Trưng, Căn hộ chung cư tại Chung cư 536A Minh Khai",74.0,6.0,10.0,Bắc,Nam,2.0,2.0,Đã có sổ,Đầy đủ,7.4,14,Hà Nội,Hai Bà Trưng,Căn hộ chung cư tại Chung cư 536A Minh Khai,0.1,70-90 m²,6-8 tỷ,21.0285,105.8542
"Quảng Ninh, Hạ Long, Căn hộ chung cư tại Green Bay Towers",90.0,6.0,10.0,Đông - Nam,Không xác định,3.0,2.0,Đã có sổ,Đầy đủ,3.29,5,Quảng Ninh,Hạ Long,Căn hộ chung cư tại Green Bay Towers,0.04,70-90 m²,<4 tỷ,21.0069,107.2925
"Hồ Chí Minh, Quận 7, Căn hộ chung cư tại Sky Garden II",91.0,6.0,10.0,Bắc,Không xác định,3.0,2.0,Đã có sổ,Không xác định,6.3,14,Hồ Chí Minh,Quận 7,Căn hộ chung cư tại Sky Garden II,0.07,>90 m²,6-8 tỷ,10.7769,106.7009
"Hồ Chí Minh, Quận 7, Căn hộ chung cư tại Căn hộ Luxcity",85.0,6.0,10.0,Nam,Đông,3.0,2.0,Đã có sổ,Không xác định,5.1,14,Hồ Chí Minh,Quận 7,Căn hộ chung cư tại Căn hộ Luxcity,0.06,70-90 m²,4-6 tỷ,10.7769,106.7009
"Bình Dương, Thuận An, Căn hộ chung cư tại Monrei Saigon",52.0,6.0,10.0,Không xác định,Không xác định,2.0,1.0,Hợp đồng mua bán,Đầy đủ,2.2,14,Bình Dương,Thuận An,Căn hộ chung cư tại Monrei Saigon,0.04,50-70 m²,<4 tỷ,11.1604,106.6508
"Hà Nội, Bắc Từ Liêm, Căn hộ chung cư tại Sunshine City",104.1,6.0,10.0,Đông - Nam,Đông - Nam,3.0,2.0,Đã có sổ,Đầy đủ,12.99,8,Hà Nội,Bắc Từ Liêm,Căn hộ chung cư tại Sunshine City,0.12,>90 m²,>10 tỷ,21.0285,105.8542
"Hà Nội, Thanh Trì, Căn hộ chung cư tại Greenera Southmark",82.67,6.0,10.0,Bắc,Nam,2.0,2.0,Hợp đồng mua bán,Cơ bản,7.76,11,Hà Nội,Thanh Trì,Căn hộ chung cư tại Greenera Southmark,0.09,70-90 m²,6-8 tỷ,21.0285,105.8542
"Hồ Chí Minh, Thủ Đức, Căn hộ chung cư tại Flora Novia",58.0,6.0,10.0,Không xác định,Không xác định,2.0,2.0,Đã có sổ,Không xác định,3.66,17,Hồ Chí Minh,Thủ Đức,Căn hộ chung cư tại Flora Novia,0.06,50-70 m²,<4 tỷ,10.7769,106.7009
"Cần Thơ, Cái Răng, Căn hộ chung cư tại Nam Long II Central Lake",57.0,6.0,10.0,Đông - Bắc,Không xác định,3.0,2.0,Không xác định,Không xác định,1.1,17,Cần Thơ,Cái Răng,Căn hộ chung cư tại Nam Long II Central Lake,0.02,50-70 m²,<4 tỷ,10.0452,105.7469
"Quảng Ninh, Vân Đồn, Căn hộ chung cư tại Vân Bay Tower",29.0,6.0,10.0,Tây - Nam,Đông - Bắc,1.0,1.0,Hợp đồng mua bán,Đầy đủ,1.6,10,Quảng Ninh,Vân Đồn,Căn hộ chung cư tại Vân Bay Tower,0.06,<30 m²,<4 tỷ,21.0069,107.2925
"Hồ Chí Minh, Bình Tân, Căn hộ chung cư tại Chung cư Lý Chiêu Hoàng",60.0,6.0,10.0,Đông,Tây,2.0,1.0,Đã có sổ,Không xác định,1.85,17,Hồ Chí Minh,Bình Tân,Căn hộ chung cư tại Chung cư Lý Chiêu Hoàng,0.03,50-70 m²,<4 tỷ,10.7769,106.7009
"Hải Phòng, Ngô Quyền, Căn hộ chung cư tại Chung cư Lakeside Garden",66.8,6.0,10.0,Đông - Bắc,Tây - Nam,2.0,2.0,Đã có sổ,Cơ bản,2.97,16,Hải Phòng,Ngô Quyền,Căn hộ chung cư tại Chung cư Lakeside Garden,0.04,50-70 m²,<4 tỷ,20.8449,106.6881
"Hà Nội, Hà Đông, Căn hộ chung cư tại Xuân Mai Complex",70.1,6.0,10.0,Tây - Nam,Đông - Bắc,3.0,2.0,Đã có sổ,Không xác định,4.3,16,Hà Nội,Hà Đông,Căn hộ chung cư tại Xuân Mai Complex,0.06,70-90 m²,4-6 tỷ,21.0285,105.8542
"Hà Nội, Cầu Giấy, Căn hộ chung cư tại Hanoi Signature",178.0,6.0,10.0,Không xác định,Không xác định,3.0,2.0,Đã có sổ,Không xác định,33.0,13,Hà Nội,Cầu Giấy,Căn hộ chung cư tại Hanoi Signature,0.19,>90 m²,>10 tỷ,21.0285,105.8542
"Hà Nội, Thanh Xuân, Căn hộ chung cư tại Hanoi Seasons Garden",81.4,6.0,10.0,Đông - Bắc,Không xác định,2.0,2.0,Hợp đồng mua bán,Cơ bản,13.6,2,Hà Nội,Thanh Xuân,Căn hộ chung cư tại Hanoi Seasons Garden,0.17,70-90 m²,>10 tỷ,21.0285,105.8542
"Hà Nội, Thanh Xuân, Căn hộ chung cư tại Hanoi Seasons Garden",84.9,6.0,10.0,Không xác định,Đông - Bắc,2.0,2.0,Hợp đồng mua bán,Cơ bản,14.32,2,Hà Nội,Thanh Xuân,Căn hộ chung cư tại Hanoi Seasons Garden,0.17,70-90 m²,>10 tỷ,21.0285,105.8542
"Hà Nội, Nam Từ Liêm, Căn hộ chung cư tại Vinhomes Gardenia",80.0,6.0,10.0,Đông - Bắc,Tây - Nam,2.0,2.0,Đã có sổ,Đầy đủ,7.2,10,Hà Nội,Nam Từ Liêm,Căn hộ chung cư tại Vinhomes Gardenia,0.09,70-90 m²,6-8 tỷ,21.0285,105.8542
"Bình Dương, Thuận An, Căn hộ chung cư tại Monrei Saigon",88.0,6.0,10.0,Tây - Bắc,Đông - Bắc,3.0,2.0,Hợp đồng mua bán,Cơ bản,3.95,15,Bình Dương,Thuận An,Căn hộ chung cư tại Monrei Saigon,0.04,70-90 m²,<4 tỷ,11.1604,106.6508
"Khánh Hòa, Nha Trang, Căn hộ chung cư tại Khu đô thị VCN Phước Long 2",67.0,6.0,10.0,Không xác định,Không xác định,2.0,1.0,Đã có sổ,Đầy đủ,2.8,16,Khánh Hòa,Nha Trang,Căn hộ chung cư tại Khu đô thị VCN Phước Long 2,0.04,50-70 m²,<4 tỷ,12.2388,109.1967
"Thừa Thiên Huế, Huế, Căn hộ chung cư tại Hue Heritage",82.0,6.0,10.0,Tây,Đông,3.0,2.0,Đã có sổ,Đầy đủ,6.15,13,Thừa Thiên Huế,Huế,Căn hộ chung cư tại Hue Heritage,0.08,70-90 m²,6-8 tỷ,16.4637,107.5909
"Hà Nội, Hoài Đức, Căn hộ chung cư tại Moonlight 2 - An Lạc Green Symphony",75.0,6.0,10.0,Không xác định,Không xác định,2.0,2.0,Không xác định,Đầy đủ,0.07,16,Hà Nội,Hoài Đức,Căn hộ chung cư tại Moonlight 2 - An Lạc Green Symphony,0.0,70-90 m²,<4 tỷ,21.0285,105.8542
"Long An, Đức Hòa, Căn hộ chung cư tại The Win City",61.1,6.0,10.0,Đông,Tây,2.0,2.0,Hợp đồng mua bán,Cơ bản,2.05,12,Long An,Đức Hòa,Căn hộ chung cư tại The Win City,0.03,50-70 m²,<4 tỷ,10.536,106.4099
"Quảng Ninh, Hạ Long, Căn hộ chung cư tại Sun Festo Town",30.0,6.0,10.0,Tây - Bắc,Đông - Nam,1.0,1.0,Hợp đồng mua bán,Đầy đủ,2.1,16,Quảng Ninh,Hạ Long,Căn hộ chung cư tại Sun Festo Town,0.07,<30 m²,<4 tỷ,21.0069,107.2925
"Thái Nguyên, Phổ Yên, Căn hộ chung cư tại Khu đô thị Yên Bình Thái Nguyên",62.0,6.0,10.0,Bắc,Nam,2.0,2.0,Hợp đồng mua bán,Cơ bản,1.57,13,Thái Nguyên,Phổ Yên,Căn hộ chung cư tại Khu đô thị Yên Bình Thái Nguyên,0.03,50-70 m²,<4 tỷ,21.5928,105.8442
"Hà Nội, Thanh Trì, Căn hộ chung cư tại Greenera Southmark",46.87,6.0,10.0,Tây,Đông,1.0,1.0,Hợp đồng mua bán,Cơ bản,5.55,12,Hà Nội,Thanh Trì,Căn hộ chung cư tại Greenera Southmark,0.12,30-50 m²,4-6 tỷ,21.0285,105.8542
"Bắc Giang, Bắc Giang, Căn hộ chung cư tại Gold Park",69.7,6.0,10.0,Tây - Nam,Đông - Bắc,2.0,2.0,Hợp đồng mua bán,Cơ bản,3.82,2,Bắc Giang,Bắc Giang,Căn hộ chung cư tại Gold Park,0.05,50-70 m²,<4 tỷ,21.2731,106.1946
"Đồng Nai, Nhơn Trạch, Căn hộ chung cư tại Căn hộ Terra Flora",89.0,6.0,10.0,Bắc,Nam,3.0,2.0,Đã có sổ,Đầy đủ,2.5,2,Đồng Nai,Nhơn Trạch,Căn hộ chung cư tại Căn hộ Terra Flora,0.03,70-90 m²,<4 tỷ,10.9454,106.8248
"Hà Nội, Hoàng Mai, Căn hộ chung cư tại Rivea Residences",102.0,6.0,10.0,Tây - Bắc,Đông - Nam,3.0,2.0,Đã có sổ,Đầy đủ,10.15,18,Hà Nội,Hoàng Mai,Căn hộ chung cư tại Rivea Residences,0.1,>90 m²,>10 tỷ,21.0285,105.8542
"Hồ Chí Minh, Nhà Bè, Căn hộ chung cư tại Essensia Sky",115.0,6.0,10.0,Không xác định,Không xác định,3.0,2.0,Hợp đồng mua bán,Cơ bản,9.2,18,Hồ Chí Minh,Nhà Bè,Căn hộ chung cư tại Essensia Sky,0.08,>90 m²,8-10 tỷ,10.7769,106.7009
"Hồ Chí Minh, Nhà Bè, Căn hộ chung cư tại Essensia Sky",81.0,6.0,10.0,Đông - Nam,Tây - Bắc,2.0,2.0,Hợp đồng mua bán,Cơ bản,6.2,18,Hồ Chí Minh,Nhà Bè,Căn hộ chung cư tại Essensia Sky,0.08,70-90 m²,6-8 tỷ,10.7769,106.7009
"Hà Nội, Hà Đông, Căn hộ chung cư tại Tháp đôi Kepler Land",98.0,6.0,10.0,Tây - Nam,Không xác định,3.0,2.0,Hợp đồng mua bán,Đầy đủ,10.0,18,Hà Nội,Hà Đông,Căn hộ chung cư tại Tháp đôi Kepler Land,0.1,>90 m²,8-10 tỷ,21.0285,105.8542
"Hà Nội, Hoàng Mai, Căn hộ chung cư tại Rose Town 79 Ngọc Hồi",104.0,6.0,10.0,Không xác định,Không xác định,3.0,2.0,Hợp đồng mua bán,Không xác định,0.08,17,Hà Nội,Hoàng Mai,Căn hộ chung cư tại Rose Town 79 Ngọc Hồi,0.0,>90 m²,<4 tỷ,21.0285,105.8542
"Long An, Đức Hòa, Căn hộ chung cư tại The Win City",50.0,6.0,10.0,Đông - Nam,Tây - Nam,2.0,1.0,Đã có sổ,Đầy đủ,1.96,19,Long An,Đức Hòa,Căn hộ chung cư tại The Win City,0.04,30-50 m²,<4 tỷ,10.536,106.4099
"Hà Nội, Nam Từ Liêm, Căn hộ chung cư tại Iconia Lakeside",126.0,6.0,10.0,Không xác định,Đông - Nam,4.0,2.0,Đã có sổ,Cơ bản,14.75,19,Hà Nội,Nam Từ Liêm,Căn hộ chung cư tại Iconia Lakeside,0.12,>90 m²,>10 tỷ,21.0285,105.8542
"Hà Nội, Nam Từ Liêm, Căn hộ chung cư tại Iconia Lakeside",78.0,6.0,10.0,Không xác định,Đông - Nam,2.0,2.0,Đã có sổ,Cơ bản,8.12,19,Hà Nội,Nam Từ Liêm,Căn hộ chung cư tại Iconia Lakeside,0.1,70-90 m²,8-10 tỷ,21.0285,105.8542
"Hà Nội, Hoài Đức, Căn hộ chung cư tại The Flame Vine",73.0,6.0,10.0,Đông - Nam,Đông - Nam,2.0,2.0,Hợp đồng mua bán,Cơ bản,5.6,19,Hà Nội,Hoài Đức,Căn hộ chung cư tại The Flame Vine,0.08,70-90 m²,4-6 tỷ,21.0285,105.8542
"Hà Nội, Tây Hồ, Căn hộ chung cư tại Tây Hồ Riverview",74.0,6.0,10.0,Không xác định,Không xác định,2.0,2.0,Đã có sổ,Đầy đủ,6.0,18,Hà Nội,Tây Hồ,Căn hộ chung cư tại Tây Hồ Riverview,0.08,70-90 m²,4-6 tỷ,21.0285,105.8542
"Hà Nội, Tây Hồ, Căn hộ chung cư tại Khu đô thị Nam Thăng Long - Ciputra",150.5,6.0,10.0,Không xác định,Không xác định,3.0,2.0,Đã có sổ,Không xác định,16.5,18,Hà Nội,Tây Hồ,Căn hộ chung cư tại Khu đô thị Nam Thăng Long - Ciputra,0.11,>90 m²,>10 tỷ,21.0285,105.8542
"Hà Nội, Tây Hồ, Căn hộ chung cư tại Sunshine Riverside",76.0,6.0,10.0,Không xác định,Không xác định,3.0,2.0,Đã có sổ,Đầy đủ,6.5,18,Hà Nội,Tây Hồ,Căn hộ chung cư tại Sunshine Riverside,0.09,70-90 m²,6-8 tỷ,21.0285,105.8542
"Hà Nội, Tây Hồ, Căn hộ chung cư tại Tây Hồ Riverview",76.0,6.0,10.0,Không xác định,Không xác định,2.0,2.0,Đã có sổ,Đầy đủ,6.2,18,Hà Nội,Tây Hồ,Căn hộ chung cư tại Tây Hồ Riverview,0.08,70-90 m²,6-8 tỷ,21.0285,105.8542
"Hà Nội, Long Biên, Căn hộ chung cư tại đường Ngọc Thụy",74.0,6.0,10.0,Bắc,Nam,2.0,2.0,Không xác định,Không xác định,4.85,15,Hà Nội,Long Biên,Căn hộ chung cư tại đường Ngọc Thụy,0.07,70-90 m²,4-6 tỷ,21.0285,105.8542
"Quảng Ninh, Hạ Long, Căn hộ chung cư tại Sun Centro Town",31.0,6.0,10.0,Tây - Bắc,Tây - Bắc,1.0,1.0,Hợp đồng mua bán,Đầy đủ,1.8,18,Quảng Ninh,Hạ Long,Căn hộ chung cư tại Sun Centro Town,0.06,30-50 m²,<4 tỷ,21.0069,107.2925
"Hà Nội, Hoàng Mai, Căn hộ chung cư tại Rivea Residences",61.26,6.0,10.0,Không xác định,Nam,2.0,2.0,Đã có sổ,Đầy đủ,7.3,12,Hà Nội,Hoàng Mai,Căn hộ chung cư tại Rivea Residences,0.12,50-70 m²,6-8 tỷ,21.0285,105.8542
"Hồ Chí Minh, Quận 9, Căn hộ chung cư tại Ehome 2",64.0,6.0,10.0,Đông,Tây,2.0,2.0,Đã có sổ,Cơ bản,3.3,18,Hồ Chí Minh,Quận 9,Căn hộ chung cư tại Ehome 2,0.05,50-70 m²,<4 tỷ,10.7769,106.7009
"Hồ Chí Minh, Quận 2, Căn hộ chung cư tại D'Edge Thảo Điền",420.0,6.0,10.0,Không xác định,Không xác định,5.0,3.0,Đã có sổ,Đầy đủ,80.0,18,Hồ Chí Minh,Quận 2,Căn hộ chung cư tại D'Edge Thảo Điền,0.19,>90 m²,>10 tỷ,10.7769,106.7009
"Hồ Chí Minh, Quận 2, Căn hộ chung cư tại Paris Hoàng Kim",65.0,6.0,10.0,Đông - Bắc,Nam,2.0,2.0,Không xác định,Đầy đủ,8.0,18,Hồ Chí Minh,Quận 2,Căn hộ chung cư tại Paris Hoàng Kim,0.12,50-70 m²,6-8 tỷ,10.7769,106.7009
"Hà Nội, Nam Từ Liêm, Căn hộ chung cư tại Vinhomes Skylake",44.0,6.0,10.0,Không xác định,Không xác định,1.0,1.0,Đã có sổ,Đầy đủ,6.5,1,Hà Nội,Nam Từ Liêm,Căn hộ chung cư tại Vinhomes Skylake,0.15,30-50 m²,6-8 tỷ,21.0285,105.8542
"Đà Nẵng, Ngũ Hành Sơn, Căn hộ chung cư tại FourS Tower",98.0,6.0,10.0,Đông - Bắc,Tây - Nam,2.0,1.0,Đã có sổ,Đầy đủ,2.7,18,Đà Nẵng,Ngũ Hành Sơn,Căn hộ chung cư tại FourS Tower,0.03,>90 m²,<4 tỷ,16.0544,108.2022
"Bình Dương, Thuận An, Căn hộ chung cư tại Iris Tower",45.0,6.0,10.0,Nam,Bắc,1.0,1.0,Đã có sổ,Đầy đủ,1.25,9,Bình Dương,Thuận An,Căn hộ chung cư tại Iris Tower,0.03,30-50 m²,<4 tỷ,11.1604,106.6508
"Bình Dương, Thuận An, Căn hộ chung cư tại Iris Tower",59.0,6.0,10.0,Không xác định,Không xác định,2.0,2.0,Đã có sổ,Đầy đủ,1.55,9,Bình Dương,Thuận An,Căn hộ chung cư tại Iris Tower,0.03,50-70 m²,<4 tỷ,11.1604,106.6508
"Hà Nội, Thanh Trì, Căn hộ chung cư tại Greenera Southmark",46.87,6.0,10.0,Tây,Đông,1.0,1.0,Hợp đồng mua bán,Cơ bản,5.52,12,Hà Nội,Thanh Trì,Căn hộ chung cư tại Greenera Southmark,0.12,30-50 m²,4-6 tỷ,21.0285,105.8542
"Hưng Yên, Văn Giang, Căn hộ chung cư tại Aqua Bay Sky Residences",70.0,6.0,10.0,Đông - Nam,Tây - Bắc,2.0,2.0,Đã có sổ,Đầy đủ,4.2,20,Hưng Yên,Văn Giang,Căn hộ chung cư tại Aqua Bay Sky Residences,0.06,50-70 m²,4-6 tỷ,20.6464,106.0511
"Hồ Chí Minh, Quận 9, Căn hộ chung cư tại The Rainbow - Vinhomes Grand Park",47.0,6.0,10.0,Không xác định,Không xác định,1.0,1.0,Đã có sổ,Không xác định,2.2,17,Hồ Chí Minh,Quận 9,Căn hộ chung cư tại The Rainbow - Vinhomes Grand Park,0.05,30-50 m²,<4 tỷ,10.7769,106.7009
"Bình Định, Quy Nhơn, Căn hộ chung cư tại Altara Residences",61.0,6.0,10.0,Đông - Nam,Không xác định,2.0,2.0,Đã có sổ,Đầy đủ,1.7,20,Bình Định,Quy Nhơn,Căn hộ chung cư tại Altara Residences,0.03,50-70 m²,<4 tỷ,13.782,109.2194
"Hưng Yên, Văn Giang, Căn hộ chung cư tại The Parkland - Imperia Ocean City",58.0,6.0,10.0,Không xác định,Không xác định,2.0,2.0,Hợp đồng mua bán,Cơ bản,2.9,20,Hưng Yên,Văn Giang,Căn hộ chung cư tại The Parkland - Imperia Ocean City,0.05,50-70 m²,<4 tỷ,20.6464,106.0511
"Bình Định, Quy Nhơn, Căn hộ chung cư tại Ecolife Riverside",64.0,6.0,10.0,Tây - Bắc,Đông - Nam,2.0,2.0,Đã có sổ,Cơ bản,1.48,22,Bình Định,Quy Nhơn,Căn hộ chung cư tại Ecolife Riverside,0.02,50-70 m²,<4 tỷ,13.782,109.2194
"Đà Nẵng, Sơn Trà, Căn hộ chung cư tại The Legend City",71.7,6.0,10.0,Tây,Không xác định,2.0,2.0,Đã có sổ,Đầy đủ,8.48,23,Đà Nẵng,Sơn Trà,Căn hộ chung cư tại The Legend City,0.12,70-90 m²,8-10 tỷ,16.0544,108.2022
"Bình Dương, Dĩ An, Căn hộ chung cư tại Bcons Center City",55.0,6.0,10.0,Đông - Nam,Đông - Nam,2.0,2.0,Hợp đồng mua bán,Cơ bản,3.0,23,Bình Dương,Dĩ An,Căn hộ chung cư tại Bcons Center City,0.05,50-70 m²,<4 tỷ,11.1604,106.6508
"Bình Dương, Dĩ An, Căn hộ chung cư tại Bcons Center City",60.0,6.0,10.0,Đông - Nam,Đông - Nam,2.0,2.0,Hợp đồng mua bán,Cơ bản,3.5,23,Bình Dương,Dĩ An,Căn hộ chung cư tại Bcons Center City,0.06,50-70 m²,<4 tỷ,11.1604,106.6508
"Hồ Chí Minh, Tân Phú, Căn hộ chung cư tại Chung cư Khang Phú",77.0,6.0,10.0,Tây - Bắc,Đông - Nam,2.0,2.0,Đã có sổ,Đầy đủ,3.8,23,Hồ Chí Minh,Tân Phú,Căn hộ chung cư tại Chung cư Khang Phú,0.05,70-90 m²,<4 tỷ,10.7769,106.7009
"Thanh Hóa, Thanh Hóa, Căn hộ chung cư tại Vinhomes Star City",71.7,6.0,10.0,Tây - Bắc,Đông - Nam,2.0,2.0,Đã có sổ,Cơ bản,2.8,23,Thanh Hóa,Thanh Hóa,Căn hộ chung cư tại Vinhomes Star City,0.04,70-90 m²,<4 tỷ,19.8067,105.7852
"Hà Nội, Nam Từ Liêm, Căn hộ chung cư tại The Matrix One",115.0,6.0,10.0,Đông - Nam,Tây - Nam,3.0,2.0,Đã có sổ,Đầy đủ,0.14,23,Hà Nội,Nam Từ Liêm,Căn hộ chung cư tại The Matrix One,0.0,>90 m²,<4 tỷ,21.0285,105.8542
"Hà Nội, Long Biên, Căn hộ chung cư tại Khu đô thị Việt Hưng",40.0,6.0,10.0,Không xác định,Không xác định,3.0,2.0,Không xác định,Đầy đủ,2.65,6,Hà Nội,Long Biên,Căn hộ chung cư tại Khu đô thị Việt Hưng,0.07,30-50 m²,<4 tỷ,21.0285,105.8542
"Hà Nội, Long Biên, Căn hộ chung cư tại Vinhomes Symphony Riverside",125.0,6.0,10.0,Tây - Bắc,Đông - Nam,3.0,2.0,Đã có sổ,Không xác định,16.0,23,Hà Nội,Long Biên,Căn hộ chung cư tại Vinhomes Symphony Riverside,0.13,>90 m²,>10 tỷ,21.0285,105.8542
"Kiên Giang, Phú Quốc, Căn hộ chung cư tại Sun Grand City Hillside Residence",62.8,6.0,10.0,Không xác định,Không xác định,2.0,2.0,Không xác định,Đầy đủ,4.65,23,Kiên Giang,Phú Quốc,Căn hộ chung cư tại Sun Grand City Hillside Residence,0.07,50-70 m²,4-6 tỷ,10.0125,105.0809
"Hưng Yên, Văn Giang, Căn hộ chung cư tại Sky Forest Residences Ecopark",111.0,6.0,10.0,Không xác định,Không xác định,3.0,2.0,Hợp đồng mua bán,Không xác định,9.4,22,Hưng Yên,Văn Giang,Căn hộ chung cư tại Sky Forest Residences Ecopark,0.08,>90 m²,8-10 tỷ,20.6464,106.0511
"Đà Nẵng, Sơn Trà, Căn hộ chung cư tại Sun Symphony Residence",62.7,6.0,10.0,Tây - Nam,Tây - Nam,2.0,2.0,Hợp đồng mua bán,Không xác định,5.51,22,Đà Nẵng,Sơn Trà,Căn hộ chung cư tại Sun Symphony Residence,0.09,50-70 m²,4-6 tỷ,16.0544,108.2022
"Đà Nẵng, Sơn Trà, Căn hộ chung cư tại Sun Symphony Residence",30.1,6.0,10.0,Đông - Bắc,Đông - Bắc,3.0,1.0,Hợp đồng mua bán,Không xác định,2.6,10,Đà Nẵng,Sơn Trà,Căn hộ chung cư tại Sun Symphony Residence,0.09,30-50 m²,<4 tỷ,16.0544,108.2022
"Đà Nẵng, Sơn Trà, Căn hộ chung cư tại Sun Symphony Residence",311.0,6.0,10.0,Tây,Tây - Nam,3.0,3.0,Hợp đồng mua bán,Không xác định,24.0,22,Đà Nẵng,Sơn Trà,Căn hộ chung cư tại Sun Symphony Residence,0.08,>90 m²,>10 tỷ,16.0544,108.2022
"Đà Nẵng, Sơn Trà, Căn hộ chung cư tại Sun Symphony Residence",30.1,6.0,10.0,Đông - Bắc,Đông - Bắc,3.0,1.0,Hợp đồng mua bán,Không xác định,2.56,22,Đà Nẵng,Sơn Trà,Căn hộ chung cư tại Sun Symphony Residence,0.09,30-50 m²,<4 tỷ,16.0544,108.2022
"Hà Nội, Đan Phượng, Căn hộ chung cư tại Masteri Sky Quarter",67.4,6.0,10.0,Tây - Nam,Đông - Bắc,3.0,2.0,Hợp đồng mua bán,Không xác định,4.91,22,Hà Nội,Đan Phượng,Căn hộ chung cư tại Masteri Sky Quarter,0.07,50-70 m²,4-6 tỷ,21.0285,105.8542
"Hồ Chí Minh, Bình Tân, Căn hộ chung cư tại Ansana By Kita",60.0,6.0,10.0,Đông - Bắc,Đông - Bắc,2.0,1.0,Đã có sổ,Cơ bản,5.45,11,Hồ Chí Minh,Bình Tân,Căn hộ chung cư tại Ansana By Kita,0.09,50-70 m²,4-6 tỷ,10.7769,106.7009
"Bình Định, Quy Nhơn, Căn hộ chung cư tại Ecolife Riverside",68.0,6.0,10.0,Tây - Bắc,Không xác định,3.0,2.0,Đã có sổ,Không xác định,1.5,22,Bình Định,Quy Nhơn,Căn hộ chung cư tại Ecolife Riverside,0.02,50-70 m²,<4 tỷ,13.782,109.2194
"Bình Định, Quy Nhơn, Căn hộ chung cư tại Q1 Tower",45.0,6.0,10.0,Không xác định,Không xác định,1.0,1.0,Đã có sổ,Cơ bản,1.3,22,Bình Định,Quy Nhơn,Căn hộ chung cư tại Q1 Tower,0.03,30-50 m²,<4 tỷ,13.782,109.2194
"Bình Định, Phù Cát, Căn hộ chung cư tại The Ocean Suites Quy Nhơn",45.0,6.0,10.0,Không xác định,Không xác định,1.0,1.0,Hợp đồng mua bán,Không xác định,1.89,22,Bình Định,Phù Cát,Căn hộ chung cư tại The Ocean Suites Quy Nhơn,0.04,30-50 m²,<4 tỷ,13.782,109.2194
"Đà Nẵng, Cẩm Lệ, Căn hộ chung cư tại S-Light Tower",54.0,6.0,10.0,Đông - Bắc,Đông - Bắc,2.0,1.0,Hợp đồng mua bán,Cơ bản,3.4,22,Đà Nẵng,Cẩm Lệ,Căn hộ chung cư tại S-Light Tower,0.06,50-70 m²,<4 tỷ,16.0544,108.2022
"Hồ Chí Minh, Quận 7, Căn hộ chung cư tại Khu căn hộ An Hòa",54.7,6.0,10.0,Không xác định,Không xác định,3.0,2.0,Đã có sổ,Không xác định,2.75,23,Hồ Chí Minh,Quận 7,Căn hộ chung cư tại Khu căn hộ An Hòa,0.05,50-70 m²,<4 tỷ,10.7769,106.7009
"Hồ Chí Minh, Quận 2, Căn hộ chung cư tại Gladia Heights",54.0,6.0,10.0,Không xác định,Không xác định,3.0,2.0,Không xác định,Không xác định,0.08,23,Hồ Chí Minh,Quận 2,Căn hộ chung cư tại Gladia Heights,0.0,50-70 m²,<4 tỷ,10.7769,106.7009
"Hà Nội, Hoàng Mai, Căn hộ chung cư tại Sunshine Palace",65.0,6.0,10.0,Không xác định,Không xác định,1.0,2.0,Không xác định,Đầy đủ,2.85,23,Hà Nội,Hoàng Mai,Căn hộ chung cư tại Sunshine Palace,0.04,50-70 m²,<4 tỷ,21.0285,105.8542
"Hà Nội, Hoàng Mai, Căn hộ chung cư tại Sunshine Palace",65.0,6.0,10.0,Không xác định,Không xác định,3.0,2.0,Không xác định,Đầy đủ,2.9,23,Hà Nội,Hoàng Mai,Căn hộ chung cư tại Sunshine Palace,0.04,50-70 m²,<4 tỷ,21.0285,105.8542
"Hà Nội, Hoài Đức, Căn hộ chung cư tại Moonlight 2 - An Lạc Green Symphony",67.49,6.0,10.0,Đông - Nam,Đông - Nam,2.0,2.0,Không xác định,Cơ bản,5.4,23,Hà Nội,Hoài Đức,Căn hộ chung cư tại Moonlight 2 - An Lạc Green Symphony,0.08,50-70 m²,4-6 tỷ,21.0285,105.8542
"Bình Dương, Dĩ An, Căn hộ chung cư tại Bcons Center City",45.0,6.0,10.0,Đông - Nam,Đông - Nam,1.0,1.0,Hợp đồng mua bán,Cơ bản,2.7,23,Bình Dương,Dĩ An,Căn hộ chung cư tại Bcons Center City,0.06,30-50 m²,<4 tỷ,11.1604,106.6508
"Hà Nội, Hai Bà Trưng, Căn hộ chung cư tại đường Nguyễn Hiền",65.0,6.0,10.0,Không xác định,Không xác định,2.0,1.0,Đã có sổ,Không xác định,3.65,23,Hà Nội,Hai Bà Trưng,Căn hộ chung cư tại đường Nguyễn Hiền,0.06,50-70 m²,<4 tỷ,21.0285,105.8542
"Đà Nẵng, Sơn Trà, Căn hộ chung cư tại Sun Ponte Residence Đà Nẵng",52.0,6.0,10.0,Không xác định,Tây - Nam,1.0,1.0,Hợp đồng mua bán,Đầy đủ,6.0,23,Đà Nẵng,Sơn Trà,Căn hộ chung cư tại Sun Ponte Residence Đà Nẵng,0.12,50-70 m²,4-6 tỷ,16.0544,108.2022
"Quảng Ninh, Hạ Long, Căn hộ chung cư tại The Sapphire Residence",59.0,6.0,10.0,Đông - Bắc,Không xác định,2.0,1.0,Đã có sổ,Không xác định,2.8,23,Quảng Ninh,Hạ Long,Căn hộ chung cư tại The Sapphire Residence,0.05,50-70 m²,<4 tỷ,21.0069,107.2925
"Hà Nội, Hoài Đức, Căn hộ chung cư tại CT Number One",64.0,6.0,10.0,Đông - Nam,Tây - Bắc,2.0,2.0,Hợp đồng mua bán,Đầy đủ,3.1,23,Hà Nội,Hoài Đức,Căn hộ chung cư tại CT Number One,0.05,50-70 m²,<4 tỷ,21.0285,105.8542
"Đà Nẵng, Cẩm Lệ, Căn hộ chung cư tại S-Light Tower",50.0,6.0,10.0,Đông,Đông,1.0,1.0,Đã có sổ,Không xác định,3.09,23,Đà Nẵng,Cẩm Lệ,Căn hộ chung cư tại S-Light Tower,0.06,30-50 m²,<4 tỷ,16.0544,108.2022
"Hồ Chí Minh, Quận 2, Căn hộ chung cư tại The Privé",89.0,6.0,10.0,Đông,Tây,3.0,2.0,Hợp đồng mua bán,Đầy đủ,13.0,23,Hồ Chí Minh,Quận 2,Căn hộ chung cư tại The Privé,0.15,70-90 m²,>10 tỷ,10.7769,106.7009
"Hải Phòng, Ngô Quyền, Căn hộ chung cư tại Diamond Crown Hải Phòng",56.0,6.0,10.0,Không xác định,Không xác định,2.0,2.0,Đã có sổ,Đầy đủ,2.7,23,Hải Phòng,Ngô Quyền,Căn hộ chung cư tại Diamond Crown Hải Phòng,0.05,50-70 m²,<4 tỷ,20.8449,106.6881
"Bà Rịa Vũng Tàu, Vũng Tàu, Căn hộ chung cư tại Vung Tau Centre Point",87.0,6.0,10.0,Tây - Bắc,Đông - Nam,2.0,2.0,Hợp đồng mua bán,Đầy đủ,4.35,23,Bà Rịa Vũng Tàu,Vũng Tàu,Căn hộ chung cư tại Vung Tau Centre Point,0.05,70-90 m²,4-6 tỷ,10.4114,107.1362
"Bắc Giang, Bắc Giang, Căn hộ chung cư tại Ecolife Retreat",25.2,6.0,10.0,Tây - Bắc,Đông - Nam,3.0,1.0,Hợp đồng mua bán,Cơ bản,0.85,23,Bắc Giang,Bắc Giang,Căn hộ chung cư tại Ecolife Retreat,0.03,<30 m²,<4 tỷ,21.2731,106.1946
"Thừa Thiên Huế, Huế, Căn hộ chung cư tại Hue Heritage",119.5,6.0,10.0,Tây - Bắc,Đông - Nam,3.0,4.0,Đã có sổ,Không xác định,8.96,23,Thừa Thiên Huế,Huế,Căn hộ chung cư tại Hue Heritage,0.07,>90 m²,8-10 tỷ,16.4637,107.5909
"Bình Định, Quy Nhơn, Căn hộ chung cư tại EcoHome Nhơn Bình",53.0,6.0,10.0,Đông - Nam,Không xác định,2.0,1.0,Đã có sổ,Đầy đủ,0.95,23,Bình Định,Quy Nhơn,Căn hộ chung cư tại EcoHome Nhơn Bình,0.02,50-70 m²,<4 tỷ,13.782,109.2194
"Bình Dương, Dĩ An, Căn hộ chung cư tại Bcons Center City",86.0,6.0,10.0,Đông - Nam,Đông - Nam,3.0,2.0,Hợp đồng mua bán,Cơ bản,0.05,23,Bình Dương,Dĩ An,Căn hộ chung cư tại Bcons Center City,0.0,70-90 m²,<4 tỷ,11.1604,106.6508
"Hà Nội, Cầu Giấy, Căn hộ chung cư tại Sun Feliza Suites",70.0,6.0,10.0,Không xác định,Không xác định,2.0,2.0,Không xác định,Không xác định,12.8,15,Hà Nội,Cầu Giấy,Căn hộ chung cư tại Sun Feliza Suites,0.18,50-70 m²,>10 tỷ,21.0285,105.8542
"Hà Nội, Nam Từ Liêm, Căn hộ chung cư tại Iconia Lakeside",75.4,6.0,10.0,Đông - Nam,Tây - Bắc,2.0,2.0,Đã có sổ,Cơ bản,7.2,23,Hà Nội,Nam Từ Liêm,Căn hộ chung cư tại Iconia Lakeside,0.1,70-90 m²,6-8 tỷ,21.0285,105.8542
"Hà Nội, Bắc Từ Liêm, Căn hộ chung cư tại Green Stars",67.0,6.0,10.0,Không xác định,Không xác định,2.0,2.0,Đã có sổ,Cơ bản,5.5,23,Hà Nội,Bắc Từ Liêm,Căn hộ chung cư tại Green Stars,0.08,50-70 m²,4-6 tỷ,21.0285,105.8542
"Hà Nội, Bắc Từ Liêm, Căn hộ chung cư tại Green Stars",102.0,6.0,10.0,Không xác định,Không xác định,3.0,2.0,Đã có sổ,Cơ bản,8.1,23,Hà Nội,Bắc Từ Liêm,Căn hộ chung cư tại Green Stars,0.08,>90 m²,8-10 tỷ,21.0285,105.8542
"Hưng Yên, Mỹ Hào, Căn hộ chung cư tại Majestic City",60.0,6.0,10.0,Tây,Đông,2.0,2.0,Hợp đồng mua bán,Cơ bản,0.02,23,Hưng Yên,Mỹ Hào,Căn hộ chung cư tại Majestic City,0.0,50-70 m²,<4 tỷ,20.6464,106.0511
"Hà Nội, Hà Đông, Căn hộ chung cư tại The Pride",110.0,6.0,10.0,Bắc,Nam,3.0,3.0,Đã có sổ,Đầy đủ,6.3,23,Hà Nội,Hà Đông,Căn hộ chung cư tại The Pride,0.06,>90 m²,6-8 tỷ,21.0285,105.8542
"Hà Nội, Thanh Xuân, Căn hộ chung cư tại Hanoi Seasons Garden",79.2,6.0,10.0,Đông - Nam,Tây - Bắc,2.0,2.0,Hợp đồng mua bán,Cơ bản,12.14,23,Hà Nội,Thanh Xuân,Căn hộ chung cư tại Hanoi Seasons Garden,0.15,70-90 m²,>10 tỷ,21.0285,105.8542
"Cần Thơ, Cái Răng, Căn hộ chung cư tại Cara River Park",157.6,6.0,10.0,Không xác định,Không xác định,4.0,3.0,Không xác định,Không xác định,8.6,23,Cần Thơ,Cái Răng,Căn hộ chung cư tại Cara River Park,0.05,>90 m²,8-10 tỷ,10.0452,105.7469
"Cần Thơ, Cái Răng, Căn hộ chung cư tại Cara River Park",70.0,6.0,10.0,Không xác định,Không xác định,2.0,2.0,Không xác định,Đầy đủ,3.5,23,Cần Thơ,Cái Răng,Căn hộ chung cư tại Cara River Park,0.05,50-70 m²,<4 tỷ,10.0452,105.7469
"Cần Thơ, Cái Răng, Căn hộ chung cư tại Cara River Park",85.0,6.0,10.0,Không xác định,Không xác định,3.0,2.0,Không xác định,Đầy đủ,3.56,23,Cần Thơ,Cái Răng,Căn hộ chung cư tại Cara River Park,0.04,70-90 m²,<4 tỷ,10.0452,105.7469
"Hồ Chí Minh, Bình Thạnh, Căn hộ chung cư tại Saigon Pearl",86.0,6.0,10.0,Không xác định,Không xác định,3.0,2.0,Không xác định,Không xác định,16.37,23,Hồ Chí Minh,Bình Thạnh,Căn hộ chung cư tại Saigon Pearl,0.19,70-90 m²,>10 tỷ,10.7769,106.7009
"Hồ Chí Minh, Bình Thạnh, Căn hộ chung cư tại Saigon Pearl",86.0,6.0,10.0,Không xác định,Không xác định,2.0,2.0,Đã có sổ,Đầy đủ,16.37,23,Hồ Chí Minh,Bình Thạnh,Căn hộ chung cư tại Saigon Pearl,0.19,70-90 m²,>10 tỷ,10.7769,106.7009
"Hồ Chí Minh, Bình Thạnh, Căn hộ chung cư tại Saigon Pearl",152.0,6.0,10.0,Không xác định,Không xác định,3.0,2.0,Đã có sổ,Cơ bản,20.0,23,Hồ Chí Minh,Bình Thạnh,Căn hộ chung cư tại Saigon Pearl,0.13,>90 m²,>10 tỷ,10.7769,106.7009
"Đà Nẵng, Sơn Trà, Căn hộ chung cư tại Peninsula Đà Nẵng",48.3,6.0,10.0,Đông - Nam,Không xác định,1.0,1.0,Không xác định,Không xác định,6.46,23,Đà Nẵng,Sơn Trà,Căn hộ chung cư tại Peninsula Đà Nẵng,0.13,30-50 m²,6-8 tỷ,16.0544,108.2022
"Đà Nẵng, Ngũ Hành Sơn, Căn hộ chung cư tại Regal Complex Da Nang",88.0,6.0,10.0,Không xác định,Không xác định,2.0,2.0,Đã có sổ,Đầy đủ,9.21,23,Đà Nẵng,Ngũ Hành Sơn,Căn hộ chung cư tại Regal Complex Da Nang,0.1,70-90 m²,8-10 tỷ,16.0544,108.2022
"Quảng Ninh, Hạ Long, Căn hộ chung cư tại SkyM",35.0,6.0,10.0,Đông - Nam,Không xác định,1.0,1.0,Hợp đồng mua bán,Cơ bản,1.56,23,Quảng Ninh,Hạ Long,Căn hộ chung cư tại SkyM,0.04,30-50 m²,<4 tỷ,21.0069,107.2925
"Hải Phòng, Ngô Quyền, Căn hộ chung cư tại Diamond Crown Hải Phòng",56.0,6.0,10.0,Không xác định,Đông - Nam,2.0,1.0,Đã có sổ,Không xác định,2.55,23,Hải Phòng,Ngô Quyền,Căn hộ chung cư tại Diamond Crown Hải Phòng,0.05,50-70 m²,<4 tỷ,20.8449,106.6881
"Hà Nội, Nam Từ Liêm, Căn hộ chung cư tại Vinhomes West Point",69.0,6.0,10.0,Đông - Nam,Đông - Nam,2.0,2.0,Đã có sổ,Đầy đủ,8.8,23,Hà Nội,Nam Từ Liêm,Căn hộ chung cư tại Vinhomes West Point,0.13,50-70 m²,8-10 tỷ,21.0285,105.8542
"Thừa Thiên Huế, Huế, Căn hộ chung cư tại Hue Heritage",82.8,6.0,10.0,Đông - Nam,Tây - Bắc,3.0,2.0,Hợp đồng mua bán,Cơ bản,5.37,23,Thừa Thiên Huế,Huế,Căn hộ chung cư tại Hue Heritage,0.06,70-90 m²,4-6 tỷ,16.4637,107.5909
"Hà Nội, Hoài Đức, Căn hộ chung cư tại Imperia Sky Park",44.02,6.0,10.0,Không xác định,Không xác định,3.0,2.0,Không xác định,Không xác định,4.2,23,Hà Nội,Hoài Đức,Căn hộ chung cư tại Imperia Sky Park,0.1,30-50 m²,4-6 tỷ,21.0285,105.8542
"Hồ Chí Minh, Quận 9, Căn hộ chung cư tại The Eastern",111.0,6.0,10.0,Bắc,Không xác định,3.0,2.0,Đã có sổ,Đầy đủ,4.8,23,Hồ Chí Minh,Quận 9,Căn hộ chung cư tại The Eastern,0.04,>90 m²,4-6 tỷ,10.7769,106.7009
"Hà Nội, Cầu Giấy, Căn hộ chung cư tại đường Thành Thái",154.0,6.0,10.0,Nam,Tây - Nam,4.0,3.0,Đã có sổ,Đầy đủ,21.5,23,Hà Nội,Cầu Giấy,Căn hộ chung cư tại đường Thành Thái,0.14,>90 m²,>10 tỷ,21.0285,105.8542
"Hà Nội, Cầu Giấy, Căn hộ chung cư tại Home City Trung Kính",98.0,6.0,10.0,Tây - Bắc,Tây - Nam,3.0,2.0,Không xác định,Không xác định,10.5,23,Hà Nội,Cầu Giấy,Căn hộ chung cư tại Home City Trung Kính,0.11,>90 m²,>10 tỷ,21.0285,105.8542
"Hồ Chí Minh, Quận 2, Căn hộ chung cư tại Gateway Thảo Điền",142.13,6.0,10.0,Đông,Tây,4.0,3.0,Hợp đồng mua bán,Cơ bản,23.0,23,Hồ Chí Minh,Quận 2,Căn hộ chung cư tại Gateway Thảo Điền,0.16,>90 m²,>10 tỷ,10.7769,106.7009
"Hồ Chí Minh, Quận 7, Căn hộ chung cư tại Star Hill",112.0,6.0,10.0,Không xác định,Không xác định,3.0,2.0,Đã có sổ,Không xác định,10.9,23,Hồ Chí Minh,Quận 7,Căn hộ chung cư tại Star Hill,0.1,>90 m²,>10 tỷ,10.7769,106.7009
"Bình Dương, Thuận An, Căn hộ chung cư tại Bcons NewSky",99.0,6.0,10.0,Tây - Nam,Đông - Nam,3.0,3.0,Đã có sổ,Cơ bản,5.0,23,Bình Dương,Thuận An,Căn hộ chung cư tại Bcons NewSky,0.05,>90 m²,4-6 tỷ,11.1604,106.6508
"Bình Dương, Dĩ An, Căn hộ chung cư tại Bcons Center City",60.0,6.0,10.0,Không xác định,Không xác định,2.0,2.0,Đã có sổ,Cơ bản,3.0,23,Bình Dương,Dĩ An,Căn hộ chung cư tại Bcons Center City,0.05,50-70 m²,<4 tỷ,11.1604,106.6508
"Đà Nẵng, Ngũ Hành Sơn, Căn hộ chung cư tại FourS Tower",53.81,6.0,10.0,Đông - Nam,Đông - Nam,1.0,1.0,Không xác định,Không xác định,2.3,23,Đà Nẵng,Ngũ Hành Sơn,Căn hộ chung cư tại FourS Tower,0.04,50-70 m²,<4 tỷ,16.0544,108.2022
"Hà Nội, Hoài Đức, Căn hộ chung cư tại Gemek Tower",68.0,6.0,10.0,Không xác định,Không xác định,2.0,2.0,Đã có sổ,Đầy đủ,7.65,23,Hà Nội,Hoài Đức,Căn hộ chung cư tại Gemek Tower,0.11,50-70 m²,6-8 tỷ,21.0285,105.8542
"Hà Nội, Tây Hồ, Căn hộ chung cư tại Celestine Westlake",517.2,6.0,10.0,Tây - Bắc,Đông - Nam,5.0,2.0,Đã có sổ,Đầy đủ,87.77,23,Hà Nội,Tây Hồ,Căn hộ chung cư tại Celestine Westlake,0.17,>90 m²,>10 tỷ,21.0285,105.8542
"Hà Nội, Hoài Đức, Căn hộ chung cư tại Hinode Royal Park",110.0,6.0,10.0,Không xác định,Không xác định,3.0,2.0,Không xác định,Không xác định,7.5,23,Hà Nội,Hoài Đức,Căn hộ chung cư tại Hinode Royal Park,0.07,>90 m²,6-8 tỷ,21.0285,105.8542
"Hải Phòng, Thủy Nguyên, Căn hộ chung cư tại Hoàng Huy Green River",63.0,6.0,10.0,Bắc,Nam,2.0,2.0,Đã có sổ,Không xác định,1.5,23,Hải Phòng,Thủy Nguyên,Căn hộ chung cư tại Hoàng Huy Green River,0.02,50-70 m²,<4 tỷ,20.8449,106.6881
"Đà Nẵng, Sơn Trà, Căn hộ chung cư tại Sun Symphony Residence",30.1,6.0,10.0,Tây - Nam,Không xác định,1.0,2.0,Hợp đồng mua bán,Không xác định,2.5,23,Đà Nẵng,Sơn Trà,Căn hộ chung cư tại Sun Symphony Residence,0.08,30-50 m²,<4 tỷ,16.0544,108.2022
"Hồ Chí Minh, Gò Vấp, Căn hộ chung cư tại CityLand Park Hills",100.0,6.0,10.0,Nam,Không xác định,3.0,2.0,Đã có sổ,Đầy đủ,6.8,23,Hồ Chí Minh,Gò Vấp,Căn hộ chung cư tại CityLand Park Hills,0.07,>90 m²,6-8 tỷ,10.7769,106.7009
"Hồ Chí Minh, Gò Vấp, Căn hộ chung cư tại CityLand Park Hills",72.0,6.0,10.0,Bắc,Nam,2.0,2.0,Đã có sổ,Đầy đủ,5.5,23,Hồ Chí Minh,Gò Vấp,Căn hộ chung cư tại CityLand Park Hills,0.08,70-90 m²,4-6 tỷ,10.7769,106.7009
"Hà Nội, Bắc Từ Liêm, Căn hộ chung cư tại Goldmark City",100.0,6.0,10.0,Tây - Bắc,Đông - Nam,3.0,2.0,Không xác định,Đầy đủ,8.6,23,Hà Nội,Bắc Từ Liêm,Căn hộ chung cư tại Goldmark City,0.09,>90 m²,8-10 tỷ,21.0285,105.8542
"Hồ Chí Minh, Quận 2, Căn hộ chung cư tại Thu Thiem Zeit River",135.0,6.0,10.0,Đông - Nam,Tây - Bắc,3.0,2.0,Hợp đồng mua bán,Cơ bản,34.5,23,Hồ Chí Minh,Quận 2,Căn hộ chung cư tại Thu Thiem Zeit River,0.26,>90 m²,>10 tỷ,10.7769,106.7009
"Hồ Chí Minh, Quận 9, Căn hộ chung cư tại The Origami - Vinhomes Grand Park",59.0,6.0,10.0,Không xác định,Không xác định,2.0,2.0,Đã có sổ,Không xác định,3.15,23,Hồ Chí Minh,Quận 9,Căn hộ chung cư tại The Origami - Vinhomes Grand Park,0.05,50-70 m²,<4 tỷ,10.7769,106.7009
"Hồ Chí Minh, Quận 8, Căn hộ chung cư tại City Gate Towers",92.0,6.0,10.0,Bắc,Tây,3.0,2.0,Hợp đồng mua bán,Đầy đủ,3.7,23,Hồ Chí Minh,Quận 8,Căn hộ chung cư tại City Gate Towers,0.04,>90 m²,<4 tỷ,10.7769,106.7009
"Hồ Chí Minh, Quận 2, Căn hộ chung cư tại Masteri Cosmo Central",54.6,6.0,10.0,Bắc,Nam,1.0,1.0,Hợp đồng mua bán,Không xác định,5.66,23,Hồ Chí Minh,Quận 2,Căn hộ chung cư tại Masteri Cosmo Central,0.1,50-70 m²,4-6 tỷ,10.7769,106.7009
"Hồ Chí Minh, Quận 2, Căn hộ chung cư tại Masteri Cosmo Central",106.7,6.0,10.0,Đông - Nam,Tây - Bắc,3.0,2.0,Không xác định,Không xác định,13.7,23,Hồ Chí Minh,Quận 2,Căn hộ chung cư tại Masteri Cosmo Central,0.13,>90 m²,>10 tỷ,10.7769,106.7009
"Hồ Chí Minh, Quận 8, Căn hộ chung cư tại đường Phú Định",40.0,6.0,10.0,Không xác định,Không xác định,1.0,1.0,Hợp đồng mua bán,Cơ bản,2.0,23,Hồ Chí Minh,Quận 8,Căn hộ chung cư tại đường Phú Định,0.05,30-50 m²,<4 tỷ,10.7769,106.7009
"Hà Nội, Hoàng Mai, Căn hộ chung cư tại Hà Nội Melody Residences",75.0,6.0,10.0,Tây - Bắc,Đông - Nam,2.0,2.0,Đã có sổ,Không xác định,4.5,23,Hà Nội,Hoàng Mai,Căn hộ chung cư tại Hà Nội Melody Residences,0.06,70-90 m²,4-6 tỷ,21.0285,105.8542
"Hà Nội, Thanh Trì, Căn hộ chung cư tại Greenera Southmark",76.0,6.0,10.0,Nam,Bắc,2.0,2.0,Đã có sổ,Không xác định,8.3,23,Hà Nội,Thanh Trì,Căn hộ chung cư tại Greenera Southmark,0.11,70-90 m²,8-10 tỷ,21.0285,105.8542
"Hải Phòng, Ngô Quyền, Căn hộ chung cư tại Chung cư Lakeside Garden",69.0,6.0,10.0,Đông - Nam,Tây - Bắc,2.0,2.0,Đã có sổ,Cơ bản,0.04,23,Hải Phòng,Ngô Quyền,Căn hộ chung cư tại Chung cư Lakeside Garden,0.0,50-70 m²,<4 tỷ,20.8449,106.6881
"Bình Dương, Thuận An, Căn hộ chung cư tại Tecco Home An Phú",44.0,6.0,10.0,Nam,Nam,1.0,1.0,Không xác định,Cơ bản,1.5,23,Bình Dương,Thuận An,Căn hộ chung cư tại Tecco Home An Phú,0.03,30-50 m²,<4 tỷ,11.1604,106.6508
"Hồ Chí Minh, Nhà Bè, Căn hộ chung cư tại The Park Residence",52.0,6.0,10.0,Không xác định,Không xác định,2.0,1.0,Không xác định,Đầy đủ,2.4,23,Hồ Chí Minh,Nhà Bè,Căn hộ chung cư tại The Park Residence,0.05,50-70 m²,<4 tỷ,10.7769,106.7009
"Hồ Chí Minh, Quận 1, Căn hộ chung cư tại Vinhomes Golden River Ba Son",88.0,6.0,10.0,Không xác định,Không xác định,2.0,2.0,Đã có sổ,Đầy đủ,22.0,23,Hồ Chí Minh,Quận 1,Căn hộ chung cư tại Vinhomes Golden River Ba Son,0.25,70-90 m²,>10 tỷ,10.7769,106.7009
"Hồ Chí Minh, Quận 1, Căn hộ chung cư tại Vinhomes Golden River Ba Son",90.0,6.0,10.0,Không xác định,Không xác định,3.0,2.0,Không xác định,Không xác định,24.5,23,Hồ Chí Minh,Quận 1,Căn hộ chung cư tại Vinhomes Golden River Ba Son,0.27,70-90 m²,>10 tỷ,10.7769,106.7009
"Hà Nội, Đống Đa, Căn hộ chung cư tại phố Chùa Láng",28.0,6.0,10.0,Không xác định,Không xác định,3.0,2.0,Đã có sổ,Không xác định,3.58,13,Hà Nội,Đống Đa,Căn hộ chung cư tại phố Chùa Láng,0.13,<30 m²,<4 tỷ,21.0285,105.8542
"Hà Nội, Hoàng Mai, Căn hộ chung cư tại Gelexia Riverside",65.0,6.0,10.0,Không xác định,Không xác định,3.0,2.0,Không xác định,Không xác định,4.68,23,Hà Nội,Hoàng Mai,Căn hộ chung cư tại Gelexia Riverside,0.07,50-70 m²,4-6 tỷ,21.0285,105.8542
"Hồ Chí Minh, Quận 7, Căn hộ chung cư tại Hưng Phúc Premier",94.33,6.0,10.0,Đông - Bắc,Tây - Nam,3.0,2.0,Hợp đồng mua bán,Không xác định,9.8,23,Hồ Chí Minh,Quận 7,Căn hộ chung cư tại Hưng Phúc Premier,0.1,>90 m²,8-10 tỷ,10.7769,106.7009
"Bình Dương, Thủ Dầu Một, Căn hộ chung cư tại The Harmonie Phú Mỹ Hưng",45.0,6.0,10.0,Không xác định,Không xác định,1.0,2.0,Hợp đồng mua bán,Không xác định,2.21,23,Bình Dương,Thủ Dầu Một,Căn hộ chung cư tại The Harmonie Phú Mỹ Hưng,0.05,30-50 m²,<4 tỷ,11.1604,106.6508
"Bắc Giang, Bắc Giang, Căn hộ chung cư tại Gold Park",67.0,6.0,10.0,Đông - Bắc,Tây - Nam,2.0,2.0,Hợp đồng mua bán,Không xác định,3.0,23,Bắc Giang,Bắc Giang,Căn hộ chung cư tại Gold Park,0.04,50-70 m²,<4 tỷ,21.2731,106.1946
"Hồ Chí Minh, Nhà Bè, Căn hộ chung cư tại Celesta Heights",50.0,6.0,10.0,Không xác định,Không xác định,3.0,2.0,Hợp đồng mua bán,Không xác định,5.0,23,Hồ Chí Minh,Nhà Bè,Căn hộ chung cư tại Celesta Heights,0.1,30-50 m²,4-6 tỷ,10.7769,106.7009
"Hưng Yên, Văn Giang, Căn hộ chung cư tại Westbay Sky Residences - Ecopark",90.0,6.0,10.0,Không xác định,Không xác định,3.0,2.0,Đã có sổ,Đầy đủ,9.65,24,Hưng Yên,Văn Giang,Căn hộ chung cư tại Westbay Sky Residences - Ecopark,0.11,70-90 m²,8-10 tỷ,20.6464,106.0511
"Hà Nội, Đông Anh, Căn hộ chung cư tại Imperia Signature Cổ Loa",31.0,6.0,10.0,Không xác định,Không xác định,1.0,1.0,Hợp đồng mua bán,Cơ bản,6.02,24,Hà Nội,Đông Anh,Căn hộ chung cư tại Imperia Signature Cổ Loa,0.19,30-50 m²,6-8 tỷ,21.0285,105.8542
"Hồ Chí Minh, Bình Chánh, Căn hộ chung cư tại Lovera Vista",77.6,6.0,10.0,Đông - Bắc,Tây - Nam,3.0,2.0,Đã có sổ,Cơ bản,3.79,24,Hồ Chí Minh,Bình Chánh,Căn hộ chung cư tại Lovera Vista,0.05,70-90 m²,<4 tỷ,10.7769,106.7009
"Bình Định, Quy Nhơn, Căn hộ chung cư tại FLC SeaTower",45.0,6.0,10.0,Không xác định,Tây - Nam,1.0,1.0,Không xác định,Đầy đủ,1.5,24,Bình Định,Quy Nhơn,Căn hộ chung cư tại FLC SeaTower,0.03,30-50 m²,<4 tỷ,13.782,109.2194
"Hồ Chí Minh, Bình Chánh, Căn hộ chung cư tại Mizuki Park",86.0,6.0,10.0,Nam,Bắc,2.0,2.0,Đã có sổ,Cơ bản,5.3,24,Hồ Chí Minh,Bình Chánh,Căn hộ chung cư tại Mizuki Park,0.06,70-90 m²,4-6 tỷ,10.7769,106.7009
"Hồ Chí Minh, Bình Chánh, Căn hộ chung cư tại Conic Boulevard",86.0,6.0,10.0,Không xác định,Không xác định,2.0,2.0,Đã có sổ,Không xác định,2.79,24,Hồ Chí Minh,Bình Chánh,Căn hộ chung cư tại Conic Boulevard,0.03,70-90 m²,<4 tỷ,10.7769,106.7009
"Đà Nẵng, Sơn Trà, Căn hộ chung cư tại Sun Symphony Residence",60.0,6.0,10.0,Tây,Đông,2.0,1.0,Hợp đồng mua bán,Không xác định,4.5,24,Đà Nẵng,Sơn Trà,Căn hộ chung cư tại Sun Symphony Residence,0.08,50-70 m²,4-6 tỷ,16.0544,108.2022
"Đà Nẵng, Sơn Trà, Căn hộ chung cư tại Sun Symphony Residence",68.0,6.0,10.0,Không xác định,Không xác định,3.0,2.0,Không xác định,Không xác định,6.8,24,Đà Nẵng,Sơn Trà,Căn hộ chung cư tại Sun Symphony Residence,0.1,50-70 m²,6-8 tỷ,16.0544,108.2022
"Hồ Chí Minh, Bình Chánh, Căn hộ chung cư tại thị trấn Tân Túc",55.0,6.0,10.0,Không xác định,Không xác định,2.0,2.0,Đã có sổ,Đầy đủ,3.61,24,Hồ Chí Minh,Bình Chánh,Căn hộ chung cư tại thị trấn Tân Túc,0.07,50-70 m²,<4 tỷ,10.7769,106.7009
"Hà Nội, Bắc Từ Liêm, Căn hộ chung cư tại Ecohome 2",38.0,6.0,10.0,Không xác định,Đông,1.0,1.0,Đã có sổ,Không xác định,2.85,24,Hà Nội,Bắc Từ Liêm,Căn hộ chung cư tại Ecohome 2,0.08,30-50 m²,<4 tỷ,21.0285,105.8542
"Hà Nội, Gia Lâm, Căn hộ chung cư tại Chung cư The Senique Hanoi",81.3,6.0,10.0,Không xác định,Đông - Nam,2.0,2.0,Hợp đồng mua bán,Cơ bản,8.0,24,Hà Nội,Gia Lâm,Căn hộ chung cư tại Chung cư The Senique Hanoi,0.1,70-90 m²,6-8 tỷ,21.0285,105.8542
"Hà Nội, Nam Từ Liêm, Căn hộ chung cư tại Iconia Lakeside",114.0,6.0,10.0,Không xác định,Không xác định,3.0,2.0,Hợp đồng mua bán,Cơ bản,10.94,24,Hà Nội,Nam Từ Liêm,Căn hộ chung cư tại Iconia Lakeside,0.1,>90 m²,>10 tỷ,21.0285,105.8542
"Hà Nội, Hoài Đức, Căn hộ chung cư tại Chung cư The Wisteria",138.0,6.0,10.0,Không xác định,Không xác định,3.0,2.0,Không xác định,Không xác định,15.53,24,Hà Nội,Hoài Đức,Căn hộ chung cư tại Chung cư The Wisteria,0.11,>90 m²,>10 tỷ,21.0285,105.8542
"Long An, Đức Hòa, Căn hộ chung cư tại Victory Heights",68.0,6.0,10.0,Đông - Nam,Đông - Nam,2.0,2.0,Đã có sổ,Đầy đủ,1.85,24,Long An,Đức Hòa,Căn hộ chung cư tại Victory Heights,0.03,50-70 m²,<4 tỷ,10.536,106.4099
"Thanh Hóa, Thanh Hóa, Căn hộ chung cư tại Vinhomes Star City",68.0,6.0,10.0,Tây - Nam,Đông - Bắc,2.0,2.0,Đã có sổ,Không xác định,2.7,24,Thanh Hóa,Thanh Hóa,Căn hộ chung cư tại Vinhomes Star City,0.04,50-70 m²,<4 tỷ,19.8067,105.7852
"Bắc Giang, Việt Yên, Căn hộ chung cư tại Vega Homes",30.0,6.0,10.0,Đông,Tây,1.0,1.0,Hợp đồng mua bán,Cơ bản,1.3,24,Bắc Giang,Việt Yên,Căn hộ chung cư tại Vega Homes,0.04,<30 m²,<4 tỷ,21.2731,106.1946
"Hà Nội, Nam Từ Liêm, Căn hộ chung cư tại Sun Square",103.0,6.0,10.0,Nam,Tây - Nam,3.0,2.0,Đã có sổ,Đầy đủ,9.3,24,Hà Nội,Nam Từ Liêm,Căn hộ chung cư tại Sun Square,0.09,>90 m²,8-10 tỷ,21.0285,105.8542
"Hà Nội, Hà Đông, Căn hộ chung cư tại Chung cư CT4 Yên Nghĩa",90.0,6.0,10.0,Không xác định,Không xác định,3.0,2.0,Đã có sổ,Đầy đủ,6.42,24,Hà Nội,Hà Đông,Căn hộ chung cư tại Chung cư CT4 Yên Nghĩa,0.07,70-90 m²,6-8 tỷ,21.0285,105.8542
"Hưng Yên, Văn Giang, Căn hộ chung cư tại The Landmark Ecopark",86.0,6.0,10.0,Không xác định,Không xác định,3.0,2.0,Đã có sổ,Đầy đủ,9.22,24,Hưng Yên,Văn Giang,Căn hộ chung cư tại The Landmark Ecopark,0.11,70-90 m²,8-10 tỷ,20.6464,106.0511
"Hải Phòng, Lê Chân, Căn hộ chung cư tại Hoàng Huy Commerce",44.0,6.0,10.0,Không xác định,Đông - Nam,1.0,1.0,Đã có sổ,Đầy đủ,2.3,24,Hải Phòng,Lê Chân,Căn hộ chung cư tại Hoàng Huy Commerce,0.05,30-50 m²,<4 tỷ,20.8449,106.6881
"Hà Nội, Hoàng Mai, Căn hộ chung cư tại Khu đô thị Vĩnh Hoàng",65.0,6.0,10.0,Đông - Nam,Đông - Nam,2.0,2.0,Đã có sổ,Không xác định,4.25,24,Hà Nội,Hoàng Mai,Căn hộ chung cư tại Khu đô thị Vĩnh Hoàng,0.07,50-70 m²,4-6 tỷ,21.0285,105.8542
"Hà Nội, Thanh Xuân, Căn hộ chung cư tại Handi Resco Lê Văn Lương",99.0,6.0,10.0,Không xác định,Không xác định,3.0,2.0,Đã có sổ,Đầy đủ,10.9,24,Hà Nội,Thanh Xuân,Căn hộ chung cư tại Handi Resco Lê Văn Lương,0.11,>90 m²,>10 tỷ,21.0285,105.8542
"Hà Nội, Thanh Xuân, Căn hộ chung cư tại Khu nhà ở 90 Nguyễn Tuân",72.0,6.0,10.0,Không xác định,Không xác định,2.0,2.0,Đã có sổ,Đầy đủ,7.6,24,Hà Nội,Thanh Xuân,Căn hộ chung cư tại Khu nhà ở 90 Nguyễn Tuân,0.11,70-90 m²,6-8 tỷ,21.0285,105.8542
"Hồ Chí Minh, Quận 2, Căn hộ chung cư tại Chung cư Bộ Công An",68.7,6.0,10.0,Tây - Nam,Đông - Bắc,2.0,2.0,Đã có sổ,Đầy đủ,5.2,24,Hồ Chí Minh,Quận 2,Căn hộ chung cư tại Chung cư Bộ Công An,0.08,50-70 m²,4-6 tỷ,10.7769,106.7009
"Đà Nẵng, Ngũ Hành Sơn, Căn hộ chung cư tại FPT Plaza 2",72.0,6.0,10.0,Đông,Tây - Nam,2.0,2.0,Đã có sổ,Đầy đủ,3.4,24,Đà Nẵng,Ngũ Hành Sơn,Căn hộ chung cư tại FPT Plaza 2,0.05,70-90 m²,<4 tỷ,16.0544,108.2022
"Đà Nẵng, Ngũ Hành Sơn, Căn hộ chung cư tại FPT Plaza 2",72.0,6.0,10.0,Tây - Nam,Đông - Bắc,2.0,2.0,Đã có sổ,Đầy đủ,3.0,24,Đà Nẵng,Ngũ Hành Sơn,Căn hộ chung cư tại FPT Plaza 2,0.04,70-90 m²,<4 tỷ,16.0544,108.2022
"Long An, Đức Hòa, Căn hộ chung cư tại The Ori Phương Mai",45.0,6.0,10.0,Không xác định,Không xác định,3.0,2.0,Hợp đồng mua bán,Không xác định,0.92,24,Long An,Đức Hòa,Căn hộ chung cư tại The Ori Phương Mai,0.02,30-50 m²,<4 tỷ,10.536,106.4099
"Hà Nội, Nam Từ Liêm, Căn hộ chung cư tại Hausman Premium Residences",56.1,6.0,10.0,Đông - Bắc,Tây - Nam,2.0,1.0,Đã có sổ,Đầy đủ,8.83,24,Hà Nội,Nam Từ Liêm,Căn hộ chung cư tại Hausman Premium Residences,0.16,50-70 m²,8-10 tỷ,21.0285,105.8542
"Hà Nội, Nam Từ Liêm, Căn hộ chung cư tại NHS Phương Canh Residence",56.7,6.0,10.0,Đông - Nam,Tây - Bắc,2.0,2.0,Đã có sổ,Không xác định,3.4,24,Hà Nội,Nam Từ Liêm,Căn hộ chung cư tại NHS Phương Canh Residence,0.06,50-70 m²,<4 tỷ,21.0285,105.8542
"Hà Nội, Nam Từ Liêm, Căn hộ chung cư tại Imperia Smart City",55.0,6.0,10.0,Tây - Nam,Đông - Bắc,2.0,1.0,Đã có sổ,Đầy đủ,4.5,24,Hà Nội,Nam Từ Liêm,Căn hộ chung cư tại Imperia Smart City,0.08,50-70 m²,4-6 tỷ,21.0285,105.8542
"Hà Nội, Thanh Xuân, Căn hộ chung cư tại Hanoi Seasons Garden",107.2,6.0,10.0,Đông - Bắc,Tây - Nam,3.0,2.0,Hợp đồng mua bán,Không xác định,16.03,12,Hà Nội,Thanh Xuân,Căn hộ chung cư tại Hanoi Seasons Garden,0.15,>90 m²,>10 tỷ,21.0285,105.8542
"Hà Nội, Nam Từ Liêm, Căn hộ chung cư tại Hausman Premium Residences",115.5,6.0,10.0,Không xác định,Đông - Nam,3.0,2.0,Đã có sổ,Cơ bản,10.97,24,Hà Nội,Nam Từ Liêm,Căn hộ chung cư tại Hausman Premium Residences,0.09,>90 m²,>10 tỷ,21.0285,105.8542
"Đà Nẵng, Sơn Trà, Căn hộ chung cư tại The Monarchy",74.0,6.0,10.0,Tây - Bắc,Đông - Nam,2.0,2.0,Đã có sổ,Đầy đủ,5.0,24,Đà Nẵng,Sơn Trà,Căn hộ chung cư tại The Monarchy,0.07,70-90 m²,4-6 tỷ,16.0544,108.2022
"Hồ Chí Minh, Quận 7, Căn hộ chung cư tại Cảnh Viên 3",118.0,6.0,10.0,Không xác định,Không xác định,3.0,2.0,Đã có sổ,Đầy đủ,10.0,24,Hồ Chí Minh,Quận 7,Căn hộ chung cư tại Cảnh Viên 3,0.08,>90 m²,8-10 tỷ,10.7769,106.7009
"Hà Nội, Long Biên, Căn hộ chung cư tại Canal Park",100.0,6.0,10.0,Không xác định,Tây - Bắc,2.0,2.0,Đã có sổ,Không xác định,23.52,24,Hà Nội,Long Biên,Căn hộ chung cư tại Canal Park,0.24,>90 m²,>10 tỷ,21.0285,105.8542
"Hà Nội, Gia Lâm, Căn hộ chung cư tại The Paris - Vinhomes Ocean Park",113.0,6.0,10.0,Tây - Nam,Tây - Nam,4.0,3.0,Hợp đồng mua bán,Cơ bản,9.18,24,Hà Nội,Gia Lâm,Căn hộ chung cư tại The Paris - Vinhomes Ocean Park,0.08,>90 m²,8-10 tỷ,21.0285,105.8542
"Hải Phòng, Thủy Nguyên, Căn hộ chung cư tại Vlasta Thủy Nguyên",45.0,6.0,10.0,Không xác định,Không xác định,2.0,1.0,Đã có sổ,Cơ bản,0.85,24,Hải Phòng,Thủy Nguyên,Căn hộ chung cư tại Vlasta Thủy Nguyên,0.02,30-50 m²,<4 tỷ,20.8449,106.6881
"Hưng Yên, Yên Mỹ, Căn hộ chung cư tại Atera Central",45.0,6.0,10.0,Không xác định,Không xác định,1.0,1.0,Hợp đồng mua bán,Đầy đủ,0.06,24,Hưng Yên,Yên Mỹ,Căn hộ chung cư tại Atera Central,0.0,30-50 m²,<4 tỷ,20.6464,106.0511
"Hồ Chí Minh, Quận 9, Căn hộ chung cư tại Flora Anh Đào",55.0,6.0,10.0,Không xác định,Đông - Bắc,1.0,1.0,Đã có sổ,Đầy đủ,3.09,24,Hồ Chí Minh,Quận 9,Căn hộ chung cư tại Flora Anh Đào,0.06,50-70 m²,<4 tỷ,10.7769,106.7009
"Bà Rịa Vũng Tàu, Vũng Tàu, Căn hộ chung cư tại Beacon Tower",100.0,6.0,10.0,Không xác định,Không xác định,3.0,2.0,Đã có sổ,Cơ bản,9.0,24,Bà Rịa Vũng Tàu,Vũng Tàu,Căn hộ chung cư tại Beacon Tower,0.09,>90 m²,8-10 tỷ,10.4114,107.1362
"Bình Dương, Thuận An, Căn hộ chung cư tại EHome 4",41.0,6.0,10.0,Không xác định,Không xác định,3.0,2.0,Đã có sổ,Không xác định,1.27,24,Bình Dương,Thuận An,Căn hộ chung cư tại EHome 4,0.03,30-50 m²,<4 tỷ,11.1604,106.6508
"Hà Nội, Hoài Đức, Căn hộ chung cư tại Mailand Hanoi City",128.0,6.0,10.0,Đông - Bắc,Tây - Nam,3.0,2.0,Đã có sổ,Đầy đủ,8.8,24,Hà Nội,Hoài Đức,Căn hộ chung cư tại Mailand Hanoi City,0.07,>90 m²,8-10 tỷ,21.0285,105.8542
"Hồ Chí Minh, Quận 9, Căn hộ chung cư tại Lumiere Boulevard",54.0,6.0,10.0,Đông - Bắc,Đông - Bắc,3.0,2.0,Hợp đồng mua bán,Đầy đủ,3.5,24,Hồ Chí Minh,Quận 9,Căn hộ chung cư tại Lumiere Boulevard,0.06,50-70 m²,<4 tỷ,10.7769,106.7009
"Hồ Chí Minh, Quận 2, Căn hộ chung cư tại Paris Hoàng Kim",66.8,6.0,10.0,Không xác định,Không xác định,2.0,2.0,Không xác định,Đầy đủ,7.1,24,Hồ Chí Minh,Quận 2,Căn hộ chung cư tại Paris Hoàng Kim,0.11,50-70 m²,6-8 tỷ,10.7769,106.7009
"Hà Nội, Nam Từ Liêm, Căn hộ chung cư tại The Matrix One",232.0,6.0,10.0,Không xác định,Không xác định,4.0,4.0,Hợp đồng mua bán,Không xác định,35.0,24,Hà Nội,Nam Từ Liêm,Căn hộ chung cư tại The Matrix One,0.15,>90 m²,>10 tỷ,21.0285,105.8542
"Hồ Chí Minh, Quận 9, Căn hộ chung cư tại Lumiere Boulevard",74.0,6.0,10.0,Đông - Bắc,Đông - Bắc,2.0,2.0,Hợp đồng mua bán,Không xác định,4.2,24,Hồ Chí Minh,Quận 9,Căn hộ chung cư tại Lumiere Boulevard,0.06,70-90 m²,4-6 tỷ,10.7769,106.7009
"Hồ Chí Minh, Quận 9, Căn hộ chung cư tại Lumiere Boulevard",74.0,6.0,10.0,Đông - Nam,Đông - Nam,2.0,2.0,Đã có sổ,Đầy đủ,5.2,24,Hồ Chí Minh,Quận 9,Căn hộ chung cư tại Lumiere Boulevard,0.07,70-90 m²,4-6 tỷ,10.7769,106.7009
"Hưng Yên, Văn Giang, Căn hộ chung cư tại Sunshine Legend City",70.0,6.0,10.0,Đông - Bắc,Tây - Bắc,2.0,2.0,Hợp đồng mua bán,Cơ bản,4.0,24,Hưng Yên,Văn Giang,Căn hộ chung cư tại Sunshine Legend City,0.06,50-70 m²,<4 tỷ,20.6464,106.0511
"Hồ Chí Minh, Quận 2, Căn hộ chung cư tại Q2 Thảo Điền",122.0,6.0,10.0,Không xác định,Không xác định,3.0,2.0,Hợp đồng mua bán,Đầy đủ,24.5,24,Hồ Chí Minh,Quận 2,Căn hộ chung cư tại Q2 Thảo Điền,0.2,>90 m²,>10 tỷ,10.7769,106.7009
"Hồ Chí Minh, Quận 2, Căn hộ chung cư tại Lumière Midtown",71.9,6.0,10.0,Không xác định,Đông - Nam,2.0,2.0,Hợp đồng mua bán,Không xác định,10.6,24,Hồ Chí Minh,Quận 2,Căn hộ chung cư tại Lumière Midtown,0.15,70-90 m²,>10 tỷ,10.7769,106.7009
"Hà Nội, Tây Hồ, Căn hộ chung cư tại 6th Element",60.0,6.0,10.0,Nam,Nam,2.0,1.0,Đã có sổ,Đầy đủ,7.7,24,Hà Nội,Tây Hồ,Căn hộ chung cư tại 6th Element,0.13,50-70 m²,6-8 tỷ,21.0285,105.8542
"Hồ Chí Minh, Quận 2, Căn hộ chung cư tại The Opera Residence",110.0,6.0,10.0,Tây - Nam,Đông - Bắc,3.0,2.0,Đã có sổ,Không xác định,43.3,24,Hồ Chí Minh,Quận 2,Căn hộ chung cư tại The Opera Residence,0.39,>90 m²,>10 tỷ,10.7769,106.7009
"Hồ Chí Minh, Quận 2, Căn hộ chung cư tại Masteri Grand View",136.6,6.0,10.0,Không xác định,Tây - Nam,4.0,3.0,Hợp đồng mua bán,Không xác định,18.1,24,Hồ Chí Minh,Quận 2,Căn hộ chung cư tại Masteri Grand View,0.13,>90 m²,>10 tỷ,10.7769,106.7009
"Hồ Chí Minh, Quận 9, Căn hộ chung cư tại Mường Thanh Phú Hữu",68.1,6.0,10.0,Không xác định,Tây - Nam,3.0,2.0,Hợp đồng mua bán,Không xác định,3.47,24,Hồ Chí Minh,Quận 9,Căn hộ chung cư tại Mường Thanh Phú Hữu,0.05,50-70 m²,<4 tỷ,10.7769,106.7009
"Hải Phòng, Ngô Quyền, Căn hộ chung cư tại Golden Land 5",62.0,6.0,10.0,Đông - Nam,Tây,2.0,2.0,Không xác định,Đầy đủ,0.9,24,Hải Phòng,Ngô Quyền,Căn hộ chung cư tại Golden Land 5,0.01,50-70 m²,<4 tỷ,20.8449,106.6881
"Hồ Chí Minh, Quận 7, Căn hộ chung cư tại Scenic Valley 1",80.0,6.0,10.0,Không xác định,Không xác định,2.0,2.0,Đã có sổ,Không xác định,7.7,24,Hồ Chí Minh,Quận 7,Căn hộ chung cư tại Scenic Valley 1,0.1,70-90 m²,6-8 tỷ,10.7769,106.7009
"Hưng Yên, Văn Giang, Căn hộ chung cư tại Sunshine Legend City",70.0,6.0,10.0,Không xác định,Không xác định,2.0,2.0,Hợp đồng mua bán,Không xác định,4.0,24,Hưng Yên,Văn Giang,Căn hộ chung cư tại Sunshine Legend City,0.06,50-70 m²,<4 tỷ,20.6464,106.0511
"Hưng Yên, Văn Giang, Căn hộ chung cư tại Alumi - Alluvia City",50.0,6.0,10.0,Bắc,Không xác định,1.0,2.0,Hợp đồng mua bán,Cơ bản,0.07,24,Hưng Yên,Văn Giang,Căn hộ chung cư tại Alumi - Alluvia City,0.0,30-50 m²,<4 tỷ,20.6464,106.0511
"Hưng Yên, Văn Giang, Căn hộ chung cư tại Alumi - Alluvia City",74.6,6.0,10.0,Tây,Tây,2.0,2.0,Hợp đồng mua bán,Cơ bản,5.06,24,Hưng Yên,Văn Giang,Căn hộ chung cư tại Alumi - Alluvia City,0.07,70-90 m²,4-6 tỷ,20.6464,106.0511
"Thái Bình, Thái Bình, Căn hộ chung cư tại Diamond Light",68.0,6.0,10.0,Đông - Bắc,Không xác định,2.0,2.0,Đã có sổ,Cơ bản,5.09,19,Thái Bình,Thái Bình,Căn hộ chung cư tại Diamond Light,0.07,50-70 m²,4-6 tỷ,20.4464,106.3364
"Hồ Chí Minh, Bình Thạnh, Căn hộ chung cư tại Vinhomes Central Park",107.8,6.0,10.0,Tây,Đông,3.0,2.0,Hợp đồng mua bán,Đầy đủ,15.0,24,Hồ Chí Minh,Bình Thạnh,Căn hộ chung cư tại Vinhomes Central Park,0.14,>90 m²,>10 tỷ,10.7769,106.7009
"Hà Nội, Tây Hồ, Căn hộ chung cư tại Chung cư Oriental Westlake",91.0,6.0,10.0,Không xác định,Không xác định,3.0,2.0,Đã có sổ,Không xác định,9.5,25,Hà Nội,Tây Hồ,Căn hộ chung cư tại Chung cư Oriental Westlake,0.1,>90 m²,8-10 tỷ,21.0285,105.8542
"Hồ Chí Minh, Quận 7, Căn hộ chung cư tại Midtown Phú Mỹ Hưng",80.0,6.0,10.0,Tây - Nam,Đông - Nam,2.0,2.0,Không xác định,Đầy đủ,12.5,25,Hồ Chí Minh,Quận 7,Căn hộ chung cư tại Midtown Phú Mỹ Hưng,0.16,70-90 m²,>10 tỷ,10.7769,106.7009
"Hà Nội, Nam Từ Liêm, Căn hộ chung cư tại Nhóm nhà ở Tây Nam Mễ Trì",69.6,6.0,10.0,Không xác định,Không xác định,2.0,2.0,Hợp đồng mua bán,Không xác định,7.0,25,Hà Nội,Nam Từ Liêm,Căn hộ chung cư tại Nhóm nhà ở Tây Nam Mễ Trì,0.1,50-70 m²,6-8 tỷ,21.0285,105.8542
"Hưng Yên, Văn Giang, Căn hộ chung cư tại Swan Lake Onsen Residences",58.0,6.0,10.0,Không xác định,Đông - Nam,2.0,2.0,Đã có sổ,Đầy đủ,6.22,25,Hưng Yên,Văn Giang,Căn hộ chung cư tại Swan Lake Onsen Residences,0.11,50-70 m²,6-8 tỷ,20.6464,106.0511
"Hưng Yên, Văn Giang, Căn hộ chung cư tại The Landmark Ecopark",92.0,6.0,10.0,Không xác định,Đông - Bắc,3.0,2.0,Đã có sổ,Đầy đủ,9.87,24,Hưng Yên,Văn Giang,Căn hộ chung cư tại The Landmark Ecopark,0.11,>90 m²,8-10 tỷ,20.6464,106.0511
"Hà Nội, Nam Từ Liêm, Căn hộ chung cư tại Hoàng Thành Pearl",110.0,6.0,10.0,Không xác định,Tây - Nam,3.0,2.0,Đã có sổ,Đầy đủ,10.15,24,Hà Nội,Nam Từ Liêm,Căn hộ chung cư tại Hoàng Thành Pearl,0.09,>90 m²,>10 tỷ,21.0285,105.8542
"Hải Phòng, Lê Chân, Căn hộ chung cư tại Hoàng Huy Commerce",48.0,6.0,10.0,Đông - Nam,Đông - Nam,1.0,1.0,Đã có sổ,Đầy đủ,6.53,24,Hải Phòng,Lê Chân,Căn hộ chung cư tại Hoàng Huy Commerce,0.14,30-50 m²,6-8 tỷ,20.8449,106.6881
"Hồ Chí Minh, Bình Tân, Căn hộ chung cư tại Lê Thành Tân Tạo",36.5,6.0,10.0,Không xác định,Đông - Nam,1.0,1.0,Hợp đồng mua bán,Không xác định,0.84,24,Hồ Chí Minh,Bình Tân,Căn hộ chung cư tại Lê Thành Tân Tạo,0.02,30-50 m²,<4 tỷ,10.7769,106.7009
"Hưng Yên, Văn Giang, Căn hộ chung cư tại Swan Lake Onsen Residences",97.0,6.0,10.0,Không xác định,Không xác định,3.0,2.0,Đã có sổ,Đầy đủ,10.4,24,Hưng Yên,Văn Giang,Căn hộ chung cư tại Swan Lake Onsen Residences,0.11,>90 m²,>10 tỷ,20.6464,106.0511
"Hồ Chí Minh, Quận 8, Căn hộ chung cư tại Diamond Lotus Phúc Khang",79.0,6.0,10.0,Đông - Nam,Tây - Bắc,2.0,2.0,Đã có sổ,Cơ bản,6.35,24,Hồ Chí Minh,Quận 8,Căn hộ chung cư tại Diamond Lotus Phúc Khang,0.08,70-90 m²,6-8 tỷ,10.7769,106.7009
"Hồ Chí Minh, Quận 8, Căn hộ chung cư tại Diamond Lotus Phúc Khang",50.0,6.0,10.0,Đông - Nam,Đông - Nam,1.0,1.0,Hợp đồng mua bán,Cơ bản,3.98,24,Hồ Chí Minh,Quận 8,Căn hộ chung cư tại Diamond Lotus Phúc Khang,0.08,30-50 m²,<4 tỷ,10.7769,106.7009
"Hồ Chí Minh, Bình Thạnh, Căn hộ chung cư tại Vinhomes Central Park",50.0,6.0,10.0,Không xác định,Không xác định,1.0,1.0,Hợp đồng mua bán,Đầy đủ,5.0,24,Hồ Chí Minh,Bình Thạnh,Căn hộ chung cư tại Vinhomes Central Park,0.1,30-50 m²,4-6 tỷ,10.7769,106.7009
"Hà Nội, Thanh Trì, Căn hộ chung cư tại Khu đô thị mới Đại Thanh",60.0,6.0,10.0,Không xác định,Đông - Nam,2.0,2.0,Đã có sổ,Không xác định,3.88,23,Hà Nội,Thanh Trì,Căn hộ chung cư tại Khu đô thị mới Đại Thanh,0.06,50-70 m²,<4 tỷ,21.0285,105.8542
"Hồ Chí Minh, Bình Thạnh, Căn hộ chung cư tại Vinhomes Central Park",81.5,6.0,10.0,Không xác định,Không xác định,2.0,2.0,Đã có sổ,Đầy đủ,10.0,24,Hồ Chí Minh,Bình Thạnh,Căn hộ chung cư tại Vinhomes Central Park,0.12,70-90 m²,8-10 tỷ,10.7769,106.7009
"Hồ Chí Minh, Bình Thạnh, Căn hộ chung cư tại Vinhomes Central Park",53.0,6.0,10.0,Không xác định,Không xác định,1.0,1.0,Đã có sổ,Đầy đủ,8.25,24,Hồ Chí Minh,Bình Thạnh,Căn hộ chung cư tại Vinhomes Central Park,0.16,50-70 m²,8-10 tỷ,10.7769,106.7009
"Hồ Chí Minh, Bình Thạnh, Căn hộ chung cư tại Vinhomes Central Park",166.0,6.0,10.0,Không xác định,Không xác định,3.0,2.0,Đã có sổ,Đầy đủ,25.5,24,Hồ Chí Minh,Bình Thạnh,Căn hộ chung cư tại Vinhomes Central Park,0.15,>90 m²,>10 tỷ,10.7769,106.7009
"Hồ Chí Minh, Bình Thạnh, Căn hộ chung cư tại Vinhomes Central Park",108.0,6.0,10.0,Không xác định,Không xác định,3.0,2.0,Đã có sổ,Đầy đủ,14.2,24,Hồ Chí Minh,Bình Thạnh,Căn hộ chung cư tại Vinhomes Central Park,0.13,>90 m²,>10 tỷ,10.7769,106.7009
"Hà Nội, Gia Lâm, Căn hộ chung cư tại Vinhomes Ocean Park Gia Lâm",63.8,6.0,10.0,Đông - Bắc,Tây - Nam,2.0,2.0,Không xác định,Không xác định,4.1,24,Hà Nội,Gia Lâm,Căn hộ chung cư tại Vinhomes Ocean Park Gia Lâm,0.06,50-70 m²,4-6 tỷ,21.0285,105.8542
"Hưng Yên, Văn Giang, Căn hộ chung cư tại Sunshine Legend City",116.0,6.0,10.0,Không xác định,Không xác định,3.0,2.0,Đã có sổ,Không xác định,5.9,25,Hưng Yên,Văn Giang,Căn hộ chung cư tại Sunshine Legend City,0.05,>90 m²,4-6 tỷ,20.6464,106.0511
"Hà Nội, Nam Từ Liêm, Căn hộ chung cư tại Iconia Lakeside",75.0,6.0,10.0,Đông - Bắc,Tây - Nam,2.0,2.0,Hợp đồng mua bán,Đầy đủ,0.1,25,Hà Nội,Nam Từ Liêm,Căn hộ chung cư tại Iconia Lakeside,0.0,70-90 m²,<4 tỷ,21.0285,105.8542
"Bà Rịa Vũng Tàu, Phú Mỹ, Căn hộ chung cư tại Maison Grand Phú Mỹ",65.45,6.0,10.0,Không xác định,Không xác định,2.0,2.0,Hợp đồng mua bán,Không xác định,2.4,25,Bà Rịa Vũng Tàu,Phú Mỹ,Căn hộ chung cư tại Maison Grand Phú Mỹ,0.04,50-70 m²,<4 tỷ,10.4114,107.1362
"Hải Phòng, Lê Chân, Căn hộ chung cư tại The Ambience Hải Phòng",45.0,6.0,10.0,Tây,Đông,3.0,2.0,Đã có sổ,Cơ bản,0.07,25,Hải Phòng,Lê Chân,Căn hộ chung cư tại The Ambience Hải Phòng,0.0,30-50 m²,<4 tỷ,20.8449,106.6881
"Hà Nội, Hà Đông, Căn hộ chung cư tại Le Parc Place",110.0,6.0,10.0,Tây - Bắc,Đông - Nam,2.0,2.0,Hợp đồng mua bán,Cơ bản,12.12,25,Hà Nội,Hà Đông,Căn hộ chung cư tại Le Parc Place,0.11,>90 m²,>10 tỷ,21.0285,105.8542
"Đà Nẵng, Hải Châu, Căn hộ chung cư tại The Filmore Da Nang",152.0,6.0,10.0,Không xác định,Không xác định,3.0,2.0,Đã có sổ,Không xác định,27.5,25,Đà Nẵng,Hải Châu,Căn hộ chung cư tại The Filmore Da Nang,0.18,>90 m²,>10 tỷ,16.0544,108.2022
"Bình Dương, Thủ Dầu Một, Căn hộ chung cư tại Orchard Hill - Sycamore",86.03,6.0,10.0,Không xác định,Đông - Nam,2.0,2.0,Hợp đồng mua bán,Đầy đủ,4.34,25,Bình Dương,Thủ Dầu Một,Căn hộ chung cư tại Orchard Hill - Sycamore,0.05,70-90 m²,4-6 tỷ,11.1604,106.6508
"Hồ Chí Minh, Thủ Đức, Căn hộ chung cư tại ST Moritz Phạm Văn Đồng",78.9,6.0,10.0,Không xác định,Không xác định,2.0,2.0,Không xác định,Đầy đủ,4.85,25,Hồ Chí Minh,Thủ Đức,Căn hộ chung cư tại ST Moritz Phạm Văn Đồng,0.06,70-90 m²,4-6 tỷ,10.7769,106.7009
"Hồ Chí Minh, Thủ Đức, Căn hộ chung cư tại ST Moritz Phạm Văn Đồng",65.0,6.0,10.0,Đông,Nam,2.0,2.0,Không xác định,Cơ bản,4.0,25,Hồ Chí Minh,Thủ Đức,Căn hộ chung cư tại ST Moritz Phạm Văn Đồng,0.06,50-70 m²,<4 tỷ,10.7769,106.7009
"Hà Nội, Gia Lâm, Căn hộ chung cư tại The Beverly - Vinhomes Ocean Park",62.5,6.0,10.0,Đông - Bắc,Tây - Nam,2.0,2.0,Hợp đồng mua bán,Cơ bản,4.33,25,Hà Nội,Gia Lâm,Căn hộ chung cư tại The Beverly - Vinhomes Ocean Park,0.07,50-70 m²,4-6 tỷ,21.0285,105.8542
"Hồ Chí Minh, Quận 2, Căn hộ chung cư tại Thủ Thiêm Sky",64.0,6.0,10.0,Không xác định,Không xác định,2.0,2.0,Đã có sổ,Không xác định,5.65,25,Hồ Chí Minh,Quận 2,Căn hộ chung cư tại Thủ Thiêm Sky,0.09,50-70 m²,4-6 tỷ,10.7769,106.7009
"Bình Dương, Thuận An, Căn hộ chung cư tại Thanh Bình Residence",56.0,6.0,10.0,Không xác định,Không xác định,2.0,2.0,Đã có sổ,Không xác định,1.6,25,Bình Dương,Thuận An,Căn hộ chung cư tại Thanh Bình Residence,0.03,50-70 m²,<4 tỷ,11.1604,106.6508
"Hà Nội, Hai Bà Trưng, Căn hộ chung cư tại Times City",83.0,6.0,10.0,Nam,Bắc,2.0,2.0,Đã có sổ,Không xác định,8.0,25,Hà Nội,Hai Bà Trưng,Căn hộ chung cư tại Times City,0.1,70-90 m²,6-8 tỷ,21.0285,105.8542
"Bình Dương, Thuận An, Căn hộ chung cư tại Ben Hill",57.0,6.0,10.0,Nam,Bắc,2.0,2.0,Đã có sổ,Cơ bản,2.14,25,Bình Dương,Thuận An,Căn hộ chung cư tại Ben Hill,0.04,50-70 m²,<4 tỷ,11.1604,106.6508
"Hưng Yên, Văn Giang, Căn hộ chung cư tại Swan Lake Onsen Residences",58.0,6.0,10.0,Không xác định,Tây - Nam,2.0,2.0,Đã có sổ,Đầy đủ,6.22,25,Hưng Yên,Văn Giang,Căn hộ chung cư tại Swan Lake Onsen Residences,0.11,50-70 m²,6-8 tỷ,20.6464,106.0511
"Hồ Chí Minh, Bình Thạnh, Căn hộ chung cư tại The Landmark 81 - Vinhomes Central Park",109.0,6.0,10.0,Không xác định,Không xác định,3.0,2.0,Đã có sổ,Cơ bản,22.9,25,Hồ Chí Minh,Bình Thạnh,Căn hộ chung cư tại The Landmark 81 - Vinhomes Central Park,0.21,>90 m²,>10 tỷ,10.7769,106.7009
"Hồ Chí Minh, Bình Thạnh, Căn hộ chung cư tại The Landmark 81 - Vinhomes Central Park",127.4,6.0,10.0,Không xác định,Không xác định,3.0,2.0,Không xác định,Đầy đủ,31.0,25,Hồ Chí Minh,Bình Thạnh,Căn hộ chung cư tại The Landmark 81 - Vinhomes Central Park,0.24,>90 m²,>10 tỷ,10.7769,106.7009
"Hà Nội, Cầu Giấy, Căn hộ chung cư tại Chung cư 30T Nam Trung Yên",75.52,6.0,10.0,Đông,Đông - Bắc,3.0,2.0,Đã có sổ,Đầy đủ,6.8,25,Hà Nội,Cầu Giấy,Căn hộ chung cư tại Chung cư 30T Nam Trung Yên,0.09,70-90 m²,6-8 tỷ,21.0285,105.8542
"Quảng Ninh, Hạ Long, Căn hộ chung cư tại phường Bãi Cháy",31.0,6.0,10.0,Đông - Nam,Không xác định,3.0,2.0,Không xác định,Đầy đủ,2.4,25,Quảng Ninh,Hạ Long,Căn hộ chung cư tại phường Bãi Cháy,0.08,30-50 m²,<4 tỷ,21.0069,107.2925
"Đà Nẵng, Sơn Trà, Căn hộ chung cư tại Đà Nẵng Golden Bay",34.0,6.0,10.0,Không xác định,Không xác định,1.0,1.0,Hợp đồng mua bán,Cơ bản,1.3,25,Đà Nẵng,Sơn Trà,Căn hộ chung cư tại Đà Nẵng Golden Bay,0.04,30-50 m²,<4 tỷ,16.0544,108.2022
"Hồ Chí Minh, Quận 9, Căn hộ chung cư tại Him Lam Phú An",70.0,6.0,10.0,Đông - Nam,Đông - Nam,2.0,2.0,Đã có sổ,Đầy đủ,4.6,25,Hồ Chí Minh,Quận 9,Căn hộ chung cư tại Him Lam Phú An,0.07,50-70 m²,4-6 tỷ,10.7769,106.7009
"Hải Phòng, Hồng Bàng, Căn hộ chung cư tại Gem Park Hải Phòng",86.0,6.0,10.0,Không xác định,Không xác định,3.0,2.0,Không xác định,Không xác định,10.69,25,Hải Phòng,Hồng Bàng,Căn hộ chung cư tại Gem Park Hải Phòng,0.12,70-90 m²,>10 tỷ,20.8449,106.6881
"Hà Nội, Hoài Đức, Căn hộ chung cư tại Imperia Sky Park",54.94,6.0,10.0,Bắc,Nam,2.0,2.0,Hợp đồng mua bán,Không xác định,4.5,25,Hà Nội,Hoài Đức,Căn hộ chung cư tại Imperia Sky Park,0.08,50-70 m²,4-6 tỷ,21.0285,105.8542
"Hà Nội, Long Biên, Căn hộ chung cư tại Vinhomes Symphony Riverside",75.0,6.0,10.0,Tây - Bắc,Đông - Nam,2.0,2.0,Đã có sổ,Không xác định,8.0,25,Hà Nội,Long Biên,Căn hộ chung cư tại Vinhomes Symphony Riverside,0.11,70-90 m²,6-8 tỷ,21.0285,105.8542
"Hà Nội, Hoàng Mai, Căn hộ chung cư tại Hà Nội Melody Residences",74.0,6.0,10.0,Nam,Đông - Bắc,2.0,2.0,Hợp đồng mua bán,Đầy đủ,4.0,25,Hà Nội,Hoàng Mai,Căn hộ chung cư tại Hà Nội Melody Residences,0.05,70-90 m²,<4 tỷ,21.0285,105.8542
"Bà Rịa Vũng Tàu, Vũng Tàu, Căn hộ chung cư tại Beacon Tower",44.6,6.0,10.0,Tây - Bắc,Tây - Bắc,1.0,1.0,Đã có sổ,Đầy đủ,2.6,23,Bà Rịa Vũng Tàu,Vũng Tàu,Căn hộ chung cư tại Beacon Tower,0.06,30-50 m²,<4 tỷ,10.4114,107.1362
"Thái Nguyên, Thái Nguyên, Căn hộ chung cư tại Tecco Elite City",72.0,6.0,10.0,Đông - Nam,Tây - Bắc,2.0,2.0,Đã có sổ,Cơ bản,0.03,25,Thái Nguyên,Thái Nguyên,Căn hộ chung cư tại Tecco Elite City,0.0,70-90 m²,<4 tỷ,21.5928,105.8442
"Hà Nội, Nam Từ Liêm, Căn hộ chung cư tại Vinhomes Smart City",55.0,6.0,10.0,Nam,Bắc,2.0,1.0,Đã có sổ,Không xác định,3.99,25,Hà Nội,Nam Từ Liêm,Căn hộ chung cư tại Vinhomes Smart City,0.07,50-70 m²,<4 tỷ,21.0285,105.8542
"Thái Nguyên, Thái Nguyên, Căn hộ chung cư tại BV Diamond Hill Thái Nguyên",51.0,6.0,10.0,Tây - Bắc,Đông - Nam,2.0,2.0,Đã có sổ,Đầy đủ,2.9,25,Thái Nguyên,Thái Nguyên,Căn hộ chung cư tại BV Diamond Hill Thái Nguyên,0.06,50-70 m²,<4 tỷ,21.5928,105.8442
"Hà Nội, Nam Từ Liêm, Căn hộ chung cư tại The Sapphire-Vinhomes Smart City",32.0,6.0,10.0,Không xác định,Không xác định,1.0,1.0,Đã có sổ,Đầy đủ,2.98,25,Hà Nội,Nam Từ Liêm,Căn hộ chung cư tại The Sapphire-Vinhomes Smart City,0.09,30-50 m²,<4 tỷ,21.0285,105.8542
"Thái Nguyên, Thái Nguyên, Căn hộ chung cư tại BV Diamond Hill Thái Nguyên",83.0,6.0,10.0,Không xác định,Không xác định,2.0,2.0,Không xác định,Cơ bản,2.85,25,Thái Nguyên,Thái Nguyên,Căn hộ chung cư tại BV Diamond Hill Thái Nguyên,0.03,70-90 m²,<4 tỷ,21.5928,105.8442
"Thái Nguyên, Phổ Yên, Căn hộ chung cư tại Khu đô thị Yên Bình Thái Nguyên",62.0,6.0,10.0,Không xác định,Không xác định,3.0,2.0,Không xác định,Không xác định,0.03,25,Thái Nguyên,Phổ Yên,Căn hộ chung cư tại Khu đô thị Yên Bình Thái Nguyên,0.0,50-70 m²,<4 tỷ,21.5928,105.8442
"Thái Nguyên, Thái Nguyên, Căn hộ chung cư tại BV Diamond Hill Thái Nguyên",76.0,6.0,10.0,Không xác định,Không xác định,2.0,2.0,Hợp đồng mua bán,Cơ bản,2.61,25,Thái Nguyên,Thái Nguyên,Căn hộ chung cư tại BV Diamond Hill Thái Nguyên,0.03,70-90 m²,<4 tỷ,21.5928,105.8442
"Hà Nội, Hoàng Mai, Căn hộ chung cư tại Khu đô thị mới Định Công",60.0,6.0,10.0,Không xác định,Không xác định,3.0,2.0,Đã có sổ,Đầy đủ,3.99,25,Hà Nội,Hoàng Mai,Căn hộ chung cư tại Khu đô thị mới Định Công,0.07,50-70 m²,<4 tỷ,21.0285,105.8542
"Hồ Chí Minh, Thủ Đức, Căn hộ chung cư tại Happy One Sora",69.3,6.0,10.0,Tây - Nam,Tây - Nam,2.0,2.0,Hợp đồng mua bán,Cơ bản,3.02,25,Hồ Chí Minh,Thủ Đức,Căn hộ chung cư tại Happy One Sora,0.04,50-70 m²,<4 tỷ,10.7769,106.7009
"Bà Rịa Vũng Tàu, Vũng Tàu, Căn hộ chung cư tại Beacon Tower",38.8,6.0,10.0,Không xác định,Không xác định,1.0,1.0,Không xác định,Không xác định,2.34,25,Bà Rịa Vũng Tàu,Vũng Tàu,Căn hộ chung cư tại Beacon Tower,0.06,30-50 m²,<4 tỷ,10.4114,107.1362
"Hồ Chí Minh, Quận 2, Căn hộ chung cư tại The Opera Residence",130.0,6.0,10.0,Đông - Bắc,Tây - Nam,3.0,2.0,Không xác định,Cơ bản,40.0,25,Hồ Chí Minh,Quận 2,Căn hộ chung cư tại The Opera Residence,0.31,>90 m²,>10 tỷ,10.7769,106.7009
"Hà Nội, Nam Từ Liêm, Căn hộ chung cư tại Vinhomes Gardenia",80.0,6.0,10.0,Không xác định,Nam,2.0,2.0,Không xác định,Đầy đủ,6.5,25,Hà Nội,Nam Từ Liêm,Căn hộ chung cư tại Vinhomes Gardenia,0.08,70-90 m²,6-8 tỷ,21.0285,105.8542
"Bình Dương, Dĩ An, Căn hộ chung cư tại Green Skyline",65.0,6.0,10.0,Không xác định,Không xác định,2.0,2.0,Đã có sổ,Không xác định,4.0,25,Bình Dương,Dĩ An,Căn hộ chung cư tại Green Skyline,0.06,50-70 m²,<4 tỷ,11.1604,106.6508
"Hà Nội, Ba Đình, Căn hộ chung cư tại Liễu Giai Tower",72.3,6.0,10.0,Không xác định,Không xác định,2.0,2.0,Hợp đồng mua bán,Cơ bản,0.14,25,Hà Nội,Ba Đình,Căn hộ chung cư tại Liễu Giai Tower,0.0,70-90 m²,<4 tỷ,21.0285,105.8542
"Hồ Chí Minh, Bình Thạnh, Căn hộ chung cư tại Vinhomes Central Park",135.0,6.0,10.0,Không xác định,Không xác định,3.0,3.0,Đã có sổ,Đầy đủ,20.5,25,Hồ Chí Minh,Bình Thạnh,Căn hộ chung cư tại Vinhomes Central Park,0.15,>90 m²,>10 tỷ,10.7769,106.7009
"Hồ Chí Minh, Bình Thạnh, Căn hộ chung cư tại Vinhomes Central Park",110.0,6.0,10.0,Không xác định,Không xác định,3.0,2.0,Đã có sổ,Đầy đủ,18.5,25,Hồ Chí Minh,Bình Thạnh,Căn hộ chung cư tại Vinhomes Central Park,0.17,>90 m²,>10 tỷ,10.7769,106.7009
"Hà Nội, Nam Từ Liêm, Căn hộ chung cư tại The Sapphire-Vinhomes Smart City",55.0,6.0,10.0,Tây - Bắc,Không xác định,2.0,1.0,Đã có sổ,Đầy đủ,3.8,23,Hà Nội,Nam Từ Liêm,Căn hộ chung cư tại The Sapphire-Vinhomes Smart City,0.07,50-70 m²,<4 tỷ,21.0285,105.8542
"Hà Nội, Long Biên, Căn hộ chung cư tại Noble Crystal Long Biên",162.0,6.0,10.0,Tây - Nam,Đông - Bắc,3.0,3.0,Hợp đồng mua bán,Cơ bản,38.09,25,Hà Nội,Long Biên,Căn hộ chung cư tại Noble Crystal Long Biên,0.24,>90 m²,>10 tỷ,21.0285,105.8542
"Quảng Ninh, Hạ Long, Căn hộ chung cư tại Misaki Tower",68.0,6.0,10.0,Đông - Bắc,Không xác định,2.0,2.0,Đã có sổ,Cơ bản,2.89,25,Quảng Ninh,Hạ Long,Căn hộ chung cư tại Misaki Tower,0.04,50-70 m²,<4 tỷ,21.0069,107.2925
"Hà Nội, Đống Đa, Căn hộ chung cư tại The Gloria by Silk Path",58.0,6.0,10.0,Không xác định,Không xác định,2.0,2.0,Đã có sổ,Không xác định,9.5,25,Hà Nội,Đống Đa,Căn hộ chung cư tại The Gloria by Silk Path,0.16,50-70 m²,8-10 tỷ,21.0285,105.8542
"Hồ Chí Minh, Bình Thạnh, Căn hộ chung cư tại Vinhomes Central Park",78.0,6.0,10.0,Không xác định,Không xác định,2.0,2.0,Không xác định,Không xác định,11.9,24,Hồ Chí Minh,Bình Thạnh,Căn hộ chung cư tại Vinhomes Central Park,0.15,70-90 m²,>10 tỷ,10.7769,106.7009
"Hồ Chí Minh, Bình Thạnh, Căn hộ chung cư tại Vinhomes Central Park",83.8,6.0,10.0,Nam,Bắc,2.0,2.0,Đã có sổ,Cơ bản,13.69,25,Hồ Chí Minh,Bình Thạnh,Căn hộ chung cư tại Vinhomes Central Park,0.16,70-90 m²,>10 tỷ,10.7769,106.7009
"Hồ Chí Minh, Bình Thạnh, Căn hộ chung cư tại Vinhomes Central Park",88.0,6.0,10.0,Không xác định,Không xác định,2.0,2.0,Đã có sổ,Đầy đủ,11.8,25,Hồ Chí Minh,Bình Thạnh,Căn hộ chung cư tại Vinhomes Central Park,0.13,70-90 m²,>10 tỷ,10.7769,106.7009
"Bình Dương, Thủ Dầu Một, Căn hộ chung cư tại The Maison",47.0,6.0,10.0,Không xác định,Không xác định,2.0,1.0,Hợp đồng mua bán,Đầy đủ,1.6,25,Bình Dương,Thủ Dầu Một,Căn hộ chung cư tại The Maison,0.03,30-50 m²,<4 tỷ,11.1604,106.6508
"Hà Nội, Cầu Giấy, Căn hộ chung cư tại CT4 Vimeco II",142.0,6.0,10.0,Đông - Bắc,Tây - Nam,3.0,3.0,Đã có sổ,Đầy đủ,42.61,25,Hà Nội,Cầu Giấy,Căn hộ chung cư tại CT4 Vimeco II,0.3,>90 m²,>10 tỷ,21.0285,105.8542
"Thái Nguyên, Thái Nguyên, Căn hộ chung cư tại BV Diamond Hill Thái Nguyên",83.0,6.0,10.0,Không xác định,Không xác định,3.0,2.0,Không xác định,Không xác định,2.85,25,Thái Nguyên,Thái Nguyên,Căn hộ chung cư tại BV Diamond Hill Thái Nguyên,0.03,70-90 m²,<4 tỷ,21.5928,105.8442
"Hải Phòng, Hải An, Căn hộ chung cư tại Golden Crown Hai Phong",110.0,6.0,10.0,Đông - Nam,Đông - Nam,3.0,3.0,Đã có sổ,Đầy đủ,6.6,25,Hải Phòng,Hải An,Căn hộ chung cư tại Golden Crown Hai Phong,0.06,>90 m²,6-8 tỷ,20.8449,106.6881
"Hồ Chí Minh, Bình Thạnh, Căn hộ chung cư tại Vinhomes Central Park",303.0,6.0,10.0,Không xác định,Không xác định,3.0,2.0,Không xác định,Đầy đủ,60.0,25,Hồ Chí Minh,Bình Thạnh,Căn hộ chung cư tại Vinhomes Central Park,0.2,>90 m²,>10 tỷ,10.7769,106.7009
"Hồ Chí Minh, Bình Thạnh, Căn hộ chung cư tại Vinhomes Central Park",87.0,6.0,10.0,Không xác định,Không xác định,2.0,2.0,Đã có sổ,Đầy đủ,11.45,25,Hồ Chí Minh,Bình Thạnh,Căn hộ chung cư tại Vinhomes Central Park,0.13,70-90 m²,>10 tỷ,10.7769,106.7009
"Hồ Chí Minh, Quận 7, Căn hộ chung cư tại Riverpark Premier",140.0,6.0,10.0,Đông,Tây - Nam,3.0,2.0,Đã có sổ,Không xác định,22.2,25,Hồ Chí Minh,Quận 7,Căn hộ chung cư tại Riverpark Premier,0.16,>90 m²,>10 tỷ,10.7769,106.7009
"Hồ Chí Minh, Quận 1, Căn hộ chung cư tại Vinhomes Golden River Ba Son",78.0,6.0,10.0,Tây - Bắc,Đông - Nam,2.0,2.0,Đã có sổ,Không xác định,17.8,25,Hồ Chí Minh,Quận 1,Căn hộ chung cư tại Vinhomes Golden River Ba Son,0.23,70-90 m²,>10 tỷ,10.7769,106.7009
"Bình Dương, Thuận An, Căn hộ chung cư tại Monrei Saigon",52.16,6.0,10.0,Không xác định,Không xác định,2.0,1.0,Hợp đồng mua bán,Đầy đủ,1.98,4,Bình Dương,Thuận An,Căn hộ chung cư tại Monrei Saigon,0.04,50-70 m²,<4 tỷ,11.1604,106.6508
"Hồ Chí Minh, Bình Tân, Căn hộ chung cư tại Green Town Bình Tân",49.0,6.0,10.0,Không xác định,Không xác định,2.0,2.0,Đã có sổ,Không xác định,0.05,26,Hồ Chí Minh,Bình Tân,Căn hộ chung cư tại Green Town Bình Tân,0.0,30-50 m²,<4 tỷ,10.7769,106.7009
"Hà Nội, Cầu Giấy, Căn hộ chung cư tại Vinhomes D'Capitale",73.0,6.0,10.0,Tây - Bắc,Đông - Nam,2.0,2.0,Đã có sổ,Đầy đủ,8.45,26,Hà Nội,Cầu Giấy,Căn hộ chung cư tại Vinhomes D'Capitale,0.12,70-90 m²,8-10 tỷ,21.0285,105.8542
"Hải Phòng, Kiến An, Căn hộ chung cư tại The Zenith Hải Phòng",66.0,6.0,10.0,Không xác định,Không xác định,2.0,2.0,Không xác định,Cơ bản,1.29,25,Hải Phòng,Kiến An,Căn hộ chung cư tại The Zenith Hải Phòng,0.02,50-70 m²,<4 tỷ,20.8449,106.6881
"Hồ Chí Minh, Nhà Bè, Căn hộ chung cư tại Essensia Sky",116.0,6.0,10.0,Tây - Nam,Đông - Bắc,3.0,2.0,Đã có sổ,Cơ bản,9.85,26,Hồ Chí Minh,Nhà Bè,Căn hộ chung cư tại Essensia Sky,0.08,>90 m²,8-10 tỷ,10.7769,106.7009
"Quảng Ninh, Hạ Long, Căn hộ chung cư tại The Dragon Castle",110.0,6.0,10.0,Không xác định,Không xác định,3.0,2.0,Hợp đồng mua bán,Không xác định,3.95,26,Quảng Ninh,Hạ Long,Căn hộ chung cư tại The Dragon Castle,0.04,>90 m²,<4 tỷ,21.0069,107.2925
"Hà Nội, Hai Bà Trưng, Căn hộ chung cư tại Imperia Sky Garden",74.0,6.0,10.0,Không xác định,Không xác định,2.0,2.0,Đã có sổ,Đầy đủ,8.85,26,Hà Nội,Hai Bà Trưng,Căn hộ chung cư tại Imperia Sky Garden,0.12,70-90 m²,8-10 tỷ,21.0285,105.8542
"Hà Nội, Nam Từ Liêm, Căn hộ chung cư tại Vinhomes Smart City",54.2,6.0,10.0,Không xác định,Không xác định,2.0,2.0,Đã có sổ,Cơ bản,4.0,26,Hà Nội,Nam Từ Liêm,Căn hộ chung cư tại Vinhomes Smart City,0.07,50-70 m²,<4 tỷ,21.0285,105.8542
"Đà Nẵng, Cẩm Lệ, Căn hộ chung cư tại S-Light Tower",33.0,6.0,10.0,Không xác định,Không xác định,1.0,1.0,Không xác định,Không xác định,2.04,24,Đà Nẵng,Cẩm Lệ,Căn hộ chung cư tại S-Light Tower,0.06,30-50 m²,<4 tỷ,16.0544,108.2022
"Bình Dương, Thuận An, Căn hộ chung cư tại The Emerald Boulevard",55.0,6.0,10.0,Nam,Đông,3.0,2.0,Hợp đồng mua bán,Đầy đủ,0.07,25,Bình Dương,Thuận An,Căn hộ chung cư tại The Emerald Boulevard,0.0,50-70 m²,<4 tỷ,11.1604,106.6508
"Hồ Chí Minh, Quận 9, Căn hộ chung cư tại The Beverly Solari - Vinhomes Grand Park",59.2,6.0,10.0,Bắc,Đông - Nam,2.0,2.0,Hợp đồng mua bán,Không xác định,3.9,25,Hồ Chí Minh,Quận 9,Căn hộ chung cư tại The Beverly Solari - Vinhomes Grand Park,0.07,50-70 m²,<4 tỷ,10.7769,106.7009
"Hồ Chí Minh, Thủ Đức, Căn hộ chung cư tại Fresca Riverside",54.0,6.0,10.0,Nam,Đông,2.0,2.0,Đã có sổ,Không xác định,2.5,25,Hồ Chí Minh,Thủ Đức,Căn hộ chung cư tại Fresca Riverside,0.05,50-70 m²,<4 tỷ,10.7769,106.7009
"Hồ Chí Minh, Quận 10, Căn hộ chung cư tại Chung Cư Nguyễn Kim",74.0,6.0,10.0,Tây - Nam,Đông - Bắc,2.0,2.0,Hợp đồng mua bán,Cơ bản,4.48,25,Hồ Chí Minh,Quận 10,Căn hộ chung cư tại Chung Cư Nguyễn Kim,0.06,70-90 m²,4-6 tỷ,10.7769,106.7009
"Đà Nẵng, Cẩm Lệ, Căn hộ chung cư tại S-Light Tower",33.3,6.0,10.0,Không xác định,Không xác định,1.0,1.0,Không xác định,Không xác định,2.06,25,Đà Nẵng,Cẩm Lệ,Căn hộ chung cư tại S-Light Tower,0.06,30-50 m²,<4 tỷ,16.0544,108.2022
"Hà Nội, Long Biên, Căn hộ chung cư tại The Magnolia Private Residences",101.0,6.0,10.0,Đông - Nam,Đông - Nam,3.0,2.0,Hợp đồng mua bán,Không xác định,11.0,25,Hà Nội,Long Biên,Căn hộ chung cư tại The Magnolia Private Residences,0.11,>90 m²,>10 tỷ,21.0285,105.8542
"Hưng Yên, Văn Giang, Căn hộ chung cư tại The Landmark Ecopark",114.0,6.0,10.0,Không xác định,Đông - Nam,3.0,2.0,Đã có sổ,Đầy đủ,12.23,25,Hưng Yên,Văn Giang,Căn hộ chung cư tại The Landmark Ecopark,0.11,>90 m²,>10 tỷ,20.6464,106.0511
"Hồ Chí Minh, Quận 9, Căn hộ chung cư tại The Beverly - Vinhomes Grand Park",54.0,6.0,10.0,Không xác định,Không xác định,1.0,1.0,Không xác định,Không xác định,3.5,25,Hồ Chí Minh,Quận 9,Căn hộ chung cư tại The Beverly - Vinhomes Grand Park,0.06,50-70 m²,<4 tỷ,10.7769,106.7009
"Hà Nội, Thanh Xuân, Căn hộ chung cư tại Riverside Garden",70.0,6.0,10.0,Đông - Bắc,Tây - Nam,2.0,2.0,Đã có sổ,Đầy đủ,6.4,23,Hà Nội,Thanh Xuân,Căn hộ chung cư tại Riverside Garden,0.09,50-70 m²,6-8 tỷ,21.0285,105.8542
"Bình Dương, Thuận An, Căn hộ chung cư tại Opal Skyline",66.0,6.0,10.0,Tây - Nam,Đông - Bắc,2.0,2.0,Đã có sổ,Đầy đủ,2.35,25,Bình Dương,Thuận An,Căn hộ chung cư tại Opal Skyline,0.04,50-70 m²,<4 tỷ,11.1604,106.6508
"Hồ Chí Minh, Bình Thạnh, Căn hộ chung cư tại The Landmark 81 - Vinhomes Central Park",172.0,6.0,10.0,Không xác định,Không xác định,4.0,3.0,Hợp đồng mua bán,Cơ bản,36.5,25,Hồ Chí Minh,Bình Thạnh,Căn hộ chung cư tại The Landmark 81 - Vinhomes Central Park,0.21,>90 m²,>10 tỷ,10.7769,106.7009
"Đà Nẵng, Liên Chiểu, Căn hộ chung cư tại The Ori Garden",57.0,6.0,10.0,Không xác định,Không xác định,2.0,2.0,Đã có sổ,Không xác định,2.0,26,Đà Nẵng,Liên Chiểu,Căn hộ chung cư tại The Ori Garden,0.04,50-70 m²,<4 tỷ,16.0544,108.2022
"Hà Nội, Hai Bà Trưng, Căn hộ chung cư tại Times City",100.0,6.0,10.0,Tây - Nam,Đông - Nam,3.0,2.0,Đã có sổ,Không xác định,11.0,20,Hà Nội,Hai Bà Trưng,Căn hộ chung cư tại Times City,0.11,>90 m²,>10 tỷ,21.0285,105.8542
"Bà Rịa Vũng Tàu, Phú Mỹ, Căn hộ chung cư tại Maison Grand Phú Mỹ",58.0,6.0,10.0,Đông - Nam,Tây - Bắc,2.0,1.0,Đã có sổ,Đầy đủ,0.94,26,Bà Rịa Vũng Tàu,Phú Mỹ,Căn hộ chung cư tại Maison Grand Phú Mỹ,0.02,50-70 m²,<4 tỷ,10.4114,107.1362
"Hải Phòng, Hải An, Căn hộ chung cư tại Happy Home Tràng Cát",70.0,6.0,10.0,Không xác định,Không xác định,2.0,2.0,Đã có sổ,Cơ bản,0.9,26,Hải Phòng,Hải An,Căn hộ chung cư tại Happy Home Tràng Cát,0.01,50-70 m²,<4 tỷ,20.8449,106.6881
"Thái Nguyên, Thái Nguyên, Căn hộ chung cư tại Tecco Elite City",76.0,6.0,10.0,Không xác định,Không xác định,2.0,2.0,Hợp đồng mua bán,Cơ bản,2.61,26,Thái Nguyên,Thái Nguyên,Căn hộ chung cư tại Tecco Elite City,0.03,70-90 m²,<4 tỷ,21.5928,105.8442
"Bình Dương, Dĩ An, Căn hộ chung cư tại Bcons City",51.33,6.0,10.0,Tây - Bắc,Đông - Nam,2.0,2.0,Hợp đồng mua bán,Cơ bản,2.69,26,Bình Dương,Dĩ An,Căn hộ chung cư tại Bcons City,0.05,50-70 m²,<4 tỷ,11.1604,106.6508
"Hà Nội, Nam Từ Liêm, Căn hộ chung cư tại Khu đô thị Mỹ Đình Sông Đà - Sudico",97.0,6.0,10.0,Không xác định,Không xác định,3.0,2.0,Đã có sổ,Không xác định,0.08,26,Hà Nội,Nam Từ Liêm,Căn hộ chung cư tại Khu đô thị Mỹ Đình Sông Đà - Sudico,0.0,>90 m²,<4 tỷ,21.0285,105.8542
"Hồ Chí Minh, Quận 2, Căn hộ chung cư tại Thu Thiem Zeit River",135.0,6.0,10.0,Không xác định,Không xác định,3.0,2.0,Đã có sổ,Cơ bản,34.4,26,Hồ Chí Minh,Quận 2,Căn hộ chung cư tại Thu Thiem Zeit River,0.25,>90 m²,>10 tỷ,10.7769,106.7009
"Khánh Hòa, Nha Trang, Căn hộ chung cư tại Mường Thanh Viễn Triều",62.0,6.0,10.0,Tây - Bắc,Đông - Nam,3.0,2.0,Hợp đồng mua bán,Đầy đủ,4.3,24,Khánh Hòa,Nha Trang,Căn hộ chung cư tại Mường Thanh Viễn Triều,0.07,50-70 m²,4-6 tỷ,12.2388,109.1967
"Đà Nẵng, Sơn Trà, Căn hộ chung cư tại Peninsula Đà Nẵng",73.1,6.0,10.0,Không xác định,Đông - Bắc,2.0,2.0,Hợp đồng mua bán,Cơ bản,9.77,26,Đà Nẵng,Sơn Trà,Căn hộ chung cư tại Peninsula Đà Nẵng,0.13,70-90 m²,8-10 tỷ,16.0544,108.2022
"Hà Nội, Hoài Đức, Căn hộ chung cư tại Chung cư The Wisteria",83.0,6.0,10.0,Không xác định,Không xác định,3.0,2.0,Không xác định,Không xác định,5.9,26,Hà Nội,Hoài Đức,Căn hộ chung cư tại Chung cư The Wisteria,0.07,70-90 m²,4-6 tỷ,21.0285,105.8542
"Hà Nội, Hoài Đức, Căn hộ chung cư tại The Flame Vine",76.0,6.0,10.0,Không xác định,Không xác định,3.0,2.0,Không xác định,Không xác định,5.5,23,Hà Nội,Hoài Đức,Căn hộ chung cư tại The Flame Vine,0.07,70-90 m²,4-6 tỷ,21.0285,105.8542
"Đà Nẵng, Ngũ Hành Sơn, Căn hộ chung cư tại FourS Tower",45.0,6.0,10.0,Không xác định,Không xác định,1.0,1.0,Đã có sổ,Không xác định,4.71,23,Đà Nẵng,Ngũ Hành Sơn,Căn hộ chung cư tại FourS Tower,0.1,30-50 m²,4-6 tỷ,16.0544,108.2022
"Bình Dương, Tân Uyên, Căn hộ chung cư tại Tecco Felice Tower",52.0,6.0,10.0,Không xác định,Không xác định,1.0,1.0,Đã có sổ,Không xác định,0.98,26,Bình Dương,Tân Uyên,Căn hộ chung cư tại Tecco Felice Tower,0.02,50-70 m²,<4 tỷ,11.1604,106.6508
"Hồ Chí Minh, Quận 9, Căn hộ chung cư tại The Beverly Solari - Vinhomes Grand Park",70.0,6.0,10.0,Không xác định,Không xác định,2.0,2.0,Không xác định,Đầy đủ,4.8,26,Hồ Chí Minh,Quận 9,Căn hộ chung cư tại The Beverly Solari - Vinhomes Grand Park,0.07,50-70 m²,4-6 tỷ,10.7769,106.7009
"Hà Nội, Nam Từ Liêm, Căn hộ chung cư tại đường Lương Thế Vinh",60.0,6.0,10.0,Không xác định,Không xác định,2.0,1.0,Đã có sổ,Cơ bản,4.2,26,Hà Nội,Nam Từ Liêm,Căn hộ chung cư tại đường Lương Thế Vinh,0.07,50-70 m²,4-6 tỷ,21.0285,105.8542
"Bà Rịa Vũng Tàu, Phú Mỹ, Căn hộ chung cư tại Maison Grand Phú Mỹ",49.0,6.0,10.0,Nam,Bắc,1.0,1.0,Đã có sổ,Đầy đủ,0.79,26,Bà Rịa Vũng Tàu,Phú Mỹ,Căn hộ chung cư tại Maison Grand Phú Mỹ,0.02,30-50 m²,<4 tỷ,10.4114,107.1362
"Hồ Chí Minh, Quận 7, Căn hộ chung cư tại Q7 Saigon Riverside",67.0,6.0,10.0,Nam,Bắc,2.0,2.0,Hợp đồng mua bán,Cơ bản,3.95,26,Hồ Chí Minh,Quận 7,Căn hộ chung cư tại Q7 Saigon Riverside,0.06,50-70 m²,<4 tỷ,10.7769,106.7009
"Quảng Ninh, Vân Đồn, Căn hộ chung cư tại Vân Bay Tower",60.2,6.0,10.0,Đông - Bắc,Đông - Nam,3.0,2.0,Đã có sổ,Đầy đủ,3.1,2,Quảng Ninh,Vân Đồn,Căn hộ chung cư tại Vân Bay Tower,0.05,50-70 m²,<4 tỷ,21.0069,107.2925
"Hồ Chí Minh, Bình Thạnh, Căn hộ chung cư tại Saigon Pearl",84.56,6.0,10.0,Không xác định,Không xác định,2.0,2.0,Đã có sổ,Đầy đủ,16.1,26,Hồ Chí Minh,Bình Thạnh,Căn hộ chung cư tại Saigon Pearl,0.19,70-90 m²,>10 tỷ,10.7769,106.7009
"Hà Nội, Tây Hồ, Căn hộ chung cư tại Sunshine Golden River",162.0,6.0,10.0,Không xác định,Không xác định,3.0,2.0,Hợp đồng mua bán,Đầy đủ,24.2,26,Hà Nội,Tây Hồ,Căn hộ chung cư tại Sunshine Golden River,0.15,>90 m²,>10 tỷ,21.0285,105.8542
"Hà Nội, Bắc Từ Liêm, Căn hộ chung cư tại Sunshine City",100.0,6.0,10.0,Đông - Nam,Đông - Nam,3.0,2.0,Đã có sổ,Đầy đủ,12.5,26,Hà Nội,Bắc Từ Liêm,Căn hộ chung cư tại Sunshine City,0.12,>90 m²,>10 tỷ,21.0285,105.8542
"Hà Nội, Gia Lâm, Căn hộ chung cư tại xã Đặng Xá",60.0,6.0,10.0,Không xác định,Không xác định,2.0,1.0,Đã có sổ,Đầy đủ,2.95,26,Hà Nội,Gia Lâm,Căn hộ chung cư tại xã Đặng Xá,0.05,50-70 m²,<4 tỷ,21.0285,105.8542
"Hưng Yên, Văn Giang, Căn hộ chung cư tại Masteri Grand Coast",32.1,6.0,10.0,Tây - Nam,Đông - Bắc,1.0,1.0,Đã có sổ,Cơ bản,1.98,26,Hưng Yên,Văn Giang,Căn hộ chung cư tại Masteri Grand Coast,0.06,30-50 m²,<4 tỷ,20.6464,106.0511
"Bình Dương, Dĩ An, Căn hộ chung cư tại Căn hộ Thạnh Tân",39.0,6.0,10.0,Đông - Bắc,Tây - Nam,1.0,1.0,Không xác định,Đầy đủ,0.93,23,Bình Dương,Dĩ An,Căn hộ chung cư tại Căn hộ Thạnh Tân,0.02,30-50 m²,<4 tỷ,11.1604,106.6508
"Hồ Chí Minh, Bình Chánh, Căn hộ chung cư tại Mizuki Park",80.8,6.0,10.0,Không xác định,Không xác định,2.0,2.0,Đã có sổ,Đầy đủ,5.3,26,Hồ Chí Minh,Bình Chánh,Căn hộ chung cư tại Mizuki Park,0.07,70-90 m²,4-6 tỷ,10.7769,106.7009
"Đà Nẵng, Hải Châu, Căn hộ chung cư tại SAM Towers",68.1,6.0,10.0,Đông,Đông,2.0,2.0,Hợp đồng mua bán,Đầy đủ,6.05,26,Đà Nẵng,Hải Châu,Căn hộ chung cư tại SAM Towers,0.09,50-70 m²,6-8 tỷ,16.0544,108.2022
"Hà Nội, Hoàng Mai, Căn hộ chung cư tại Tây Nam Hồ Linh Đàm",51.0,6.0,10.0,Tây - Nam,Đông - Bắc,2.0,1.0,Đã có sổ,Đầy đủ,3.89,26,Hà Nội,Hoàng Mai,Căn hộ chung cư tại Tây Nam Hồ Linh Đàm,0.08,50-70 m²,<4 tỷ,21.0285,105.8542
"Hà Nội, Cầu Giấy, Căn hộ chung cư tại Eurowindow Multi Complex",100.2,6.0,10.0,Không xác định,Không xác định,2.0,2.0,Không xác định,Cơ bản,0.1,26,Hà Nội,Cầu Giấy,Căn hộ chung cư tại Eurowindow Multi Complex,0.0,>90 m²,<4 tỷ,21.0285,105.8542
"Bình Dương, Dĩ An, Căn hộ chung cư tại Green Skyline",44.0,6.0,10.0,Không xác định,Không xác định,1.0,1.0,Hợp đồng mua bán,Cơ bản,2.5,26,Bình Dương,Dĩ An,Căn hộ chung cư tại Green Skyline,0.06,30-50 m²,<4 tỷ,11.1604,106.6508
"Hồ Chí Minh, Quận 2, Căn hộ chung cư tại Vista Verde",60.0,6.0,10.0,Đông - Nam,Tây - Bắc,1.0,1.0,Đã có sổ,Đầy đủ,6.5,26,Hồ Chí Minh,Quận 2,Căn hộ chung cư tại Vista Verde,0.11,50-70 m²,6-8 tỷ,10.7769,106.7009
"Hà Nội, Ba Đình, Căn hộ chung cư tại The Nelson Private Residences",297.0,6.0,10.0,Đông - Bắc,Đông - Nam,4.0,3.0,Hợp đồng mua bán,Đầy đủ,134.25,26,Hà Nội,Ba Đình,Căn hộ chung cư tại The Nelson Private Residences,0.45,>90 m²,>10 tỷ,21.0285,105.8542
"Hồ Chí Minh, Quận 7, Căn hộ chung cư tại Hoàng Anh Gia Lai 1",88.0,6.0,10.0,Nam,Nam,2.0,2.0,Đã có sổ,Cơ bản,4.3,26,Hồ Chí Minh,Quận 7,Căn hộ chung cư tại Hoàng Anh Gia Lai 1,0.05,70-90 m²,4-6 tỷ,10.7769,106.7009
"Hà Nội, Hoàng Mai, Căn hộ chung cư tại Vinhomes Times City - Park Hill",90.0,6.0,10.0,Tây,Nam,3.0,2.0,Đã có sổ,Đầy đủ,9.5,26,Hà Nội,Hoàng Mai,Căn hộ chung cư tại Vinhomes Times City - Park Hill,0.11,70-90 m²,8-10 tỷ,21.0285,105.8542
"Hồ Chí Minh, Thủ Đức, Căn hộ chung cư tại phường Bình Chiểu",54.0,6.0,10.0,Không xác định,Không xác định,2.0,1.0,Không xác định,Không xác định,2.27,26,Hồ Chí Minh,Thủ Đức,Căn hộ chung cư tại phường Bình Chiểu,0.04,50-70 m²,<4 tỷ,10.7769,106.7009
"Hà Nội, Đông Anh, Căn hộ chung cư tại Thăng Long Green City",63.0,6.0,10.0,Không xác định,Đông - Nam,3.0,2.0,Đã có sổ,Đầy đủ,0.05,26,Hà Nội,Đông Anh,Căn hộ chung cư tại Thăng Long Green City,0.0,50-70 m²,<4 tỷ,21.0285,105.8542
"Hồ Chí Minh, Quận 5, Căn hộ chung cư tại phố Đặng Thái Thân",74.6,6.0,10.0,Đông - Bắc,Không xác định,3.0,1.0,Đã có sổ,Cơ bản,4.4,23,Hồ Chí Minh,Quận 5,Căn hộ chung cư tại phố Đặng Thái Thân,0.06,70-90 m²,4-6 tỷ,10.7769,106.7009
"Hà Nội, Hà Đông, Căn hộ chung cư tại The Vista Văn La",61.0,6.0,10.0,Không xác định,Không xác định,3.0,2.0,Không xác định,Không xác định,10.03,26,Hà Nội,Hà Đông,Căn hộ chung cư tại The Vista Văn La,0.16,50-70 m²,>10 tỷ,21.0285,105.8542
"Đà Nẵng, Sơn Trà, Căn hộ chung cư tại Sun Symphony Residence",118.0,6.0,10.0,Đông - Nam,Tây - Bắc,3.0,3.0,Đã có sổ,Không xác định,12.2,26,Đà Nẵng,Sơn Trà,Căn hộ chung cư tại Sun Symphony Residence,0.1,>90 m²,>10 tỷ,16.0544,108.2022
"Cần Thơ, Ninh Kiều, Căn hộ chung cư tại Thiên Quân Marina Plaza",60.0,6.0,10.0,Tây - Nam,Đông - Bắc,2.0,2.0,Hợp đồng mua bán,Cơ bản,1.95,26,Cần Thơ,Ninh Kiều,Căn hộ chung cư tại Thiên Quân Marina Plaza,0.03,50-70 m²,<4 tỷ,10.0452,105.7469
"Khánh Hòa, Nha Trang, Căn hộ chung cư tại đường Võ Văn Kiệt",66.2,6.0,10.0,Đông - Bắc,Đông - Nam,2.0,2.0,Đã có sổ,Đầy đủ,3.15,23,Khánh Hòa,Nha Trang,Căn hộ chung cư tại đường Võ Văn Kiệt,0.05,50-70 m²,<4 tỷ,12.2388,109.1967
"Bà Rịa Vũng Tàu, Vũng Tàu, Căn hộ chung cư tại Gateway Vũng Tàu",49.0,6.0,10.0,Không xác định,Không xác định,3.0,1.0,Hợp đồng mua bán,Đầy đủ,2.5,26,Bà Rịa Vũng Tàu,Vũng Tàu,Căn hộ chung cư tại Gateway Vũng Tàu,0.05,30-50 m²,<4 tỷ,10.4114,107.1362
"Bình Dương, Thuận An, Căn hộ chung cư tại A&T Saigon Riverside",65.0,6.0,10.0,Không xác định,Không xác định,2.0,2.0,Hợp đồng mua bán,Cơ bản,3.55,26,Bình Dương,Thuận An,Căn hộ chung cư tại A&T Saigon Riverside,0.05,50-70 m²,<4 tỷ,11.1604,106.6508
"Bình Dương, Thuận An, Căn hộ chung cư tại A&T Saigon Riverside",52.0,6.0,10.0,Không xác định,Không xác định,1.0,1.0,Hợp đồng mua bán,Cơ bản,2.6,26,Bình Dương,Thuận An,Căn hộ chung cư tại A&T Saigon Riverside,0.05,50-70 m²,<4 tỷ,11.1604,106.6508
"Bình Dương, Thuận An, Căn hộ chung cư tại A&T Saigon Riverside",70.0,6.0,10.0,Không xác định,Không xác định,2.0,2.0,Hợp đồng mua bán,Cơ bản,3.8,26,Bình Dương,Thuận An,Căn hộ chung cư tại A&T Saigon Riverside,0.05,50-70 m²,<4 tỷ,11.1604,106.6508
"Hà Nội, Bắc Từ Liêm, Căn hộ chung cư tại Sunshine River Park",70.0,6.0,10.0,Không xác định,Đông - Nam,2.0,2.0,Hợp đồng mua bán,Cơ bản,0.13,25,Hà Nội,Bắc Từ Liêm,Căn hộ chung cư tại Sunshine River Park,0.0,50-70 m²,<4 tỷ,21.0285,105.8542
"Bình Dương, Thuận An, Căn hộ chung cư tại A&T Saigon Riverside",65.0,6.0,10.0,Không xác định,Không xác định,2.0,2.0,Hợp đồng mua bán,Cơ bản,3.5,26,Bình Dương,Thuận An,Căn hộ chung cư tại A&T Saigon Riverside,0.05,50-70 m²,<4 tỷ,11.1604,106.6508
"Hà Nội, Long Biên, Căn hộ chung cư tại Northern Emerald",185.0,6.0,10.0,Đông - Nam,Tây - Bắc,4.0,3.0,Đã có sổ,Cơ bản,0.14,26,Hà Nội,Long Biên,Căn hộ chung cư tại Northern Emerald,0.0,>90 m²,<4 tỷ,21.0285,105.8542
"Hải Phòng, Kiến An, Căn hộ chung cư tại The Zenith Hải Phòng",64.0,6.0,10.0,Đông - Bắc,Đông - Bắc,2.0,2.0,Hợp đồng mua bán,Không xác định,2.51,23,Hải Phòng,Kiến An,Căn hộ chung cư tại The Zenith Hải Phòng,0.04,50-70 m²,<4 tỷ,20.8449,106.6881
"Hồ Chí Minh, Quận 2, Căn hộ chung cư tại Gladia Heights",85.0,6.0,10.0,Không xác định,Không xác định,3.0,2.0,Không xác định,Không xác định,0.09,26,Hồ Chí Minh,Quận 2,Căn hộ chung cư tại Gladia Heights,0.0,70-90 m²,<4 tỷ,10.7769,106.7009
"Kiên Giang, Phú Quốc, Căn hộ chung cư tại đường ĐT 975",57.0,6.0,10.0,Tây - Nam,Đông - Bắc,1.0,1.0,Hợp đồng mua bán,Đầy đủ,3.8,26,Kiên Giang,Phú Quốc,Căn hộ chung cư tại đường ĐT 975,0.07,50-70 m²,<4 tỷ,10.0125,105.0809
"Hồ Chí Minh, Quận 2, Căn hộ chung cư tại Lumiere Riverside",75.0,6.0,10.0,Không xác định,Không xác định,2.0,2.0,Đã có sổ,Đầy đủ,13.0,25,Hồ Chí Minh,Quận 2,Căn hộ chung cư tại Lumiere Riverside,0.17,70-90 m²,>10 tỷ,10.7769,106.7009
"Hồ Chí Minh, Quận 2, Căn hộ chung cư tại Lumiere Riverside",96.4,6.0,10.0,Không xác định,Không xác định,3.0,2.0,Đã có sổ,Đầy đủ,16.7,25,Hồ Chí Minh,Quận 2,Căn hộ chung cư tại Lumiere Riverside,0.17,>90 m²,>10 tỷ,10.7769,106.7009
"Hồ Chí Minh, Quận 9, Căn hộ chung cư tại Chung cư MT Eastmark City",73.4,6.0,10.0,Nam,Bắc,2.0,2.0,Đã có sổ,Không xác định,4.09,26,Hồ Chí Minh,Quận 9,Căn hộ chung cư tại Chung cư MT Eastmark City,0.06,70-90 m²,4-6 tỷ,10.7769,106.7009
"Hà Nội, Tây Hồ, Căn hộ chung cư tại Celestine Westlake",199.8,6.0,10.0,Tây - Bắc,Đông - Nam,4.0,3.0,Đã có sổ,Không xác định,35.4,26,Hà Nội,Tây Hồ,Căn hộ chung cư tại Celestine Westlake,0.18,>90 m²,>10 tỷ,21.0285,105.8542
"Hồ Chí Minh, Nhà Bè, Căn hộ chung cư tại Essensia Sky",74.0,6.0,10.0,Đông - Nam,Tây - Bắc,2.0,2.0,Hợp đồng mua bán,Không xác định,6.0,23,Hồ Chí Minh,Nhà Bè,Căn hộ chung cư tại Essensia Sky,0.08,70-90 m²,4-6 tỷ,10.7769,106.7009
"Bình Dương, Thuận An, Căn hộ chung cư tại Diamond Boulevard",66.0,6.0,10.0,Không xác định,Không xác định,2.0,2.0,Hợp đồng mua bán,Đầy đủ,2.3,24,Bình Dương,Thuận An,Căn hộ chung cư tại Diamond Boulevard,0.03,50-70 m²,<4 tỷ,11.1604,106.6508
"Hồ Chí Minh, Thủ Đức, Căn hộ chung cư tại Opal Garden",72.0,6.0,10.0,Không xác định,Đông - Nam,2.0,2.0,Đã có sổ,Đầy đủ,5.4,26,Hồ Chí Minh,Thủ Đức,Căn hộ chung cư tại Opal Garden,0.08,70-90 m²,4-6 tỷ,10.7769,106.7009
"Hồ Chí Minh, Nhà Bè, Căn hộ chung cư tại Hoàng Anh Gold House",96.0,6.0,10.0,Tây - Bắc,Đông - Nam,2.0,2.0,Đã có sổ,Cơ bản,3.7,26,Hồ Chí Minh,Nhà Bè,Căn hộ chung cư tại Hoàng Anh Gold House,0.04,>90 m²,<4 tỷ,10.7769,106.7009
"Hà Nội, Hoàng Mai, Căn hộ chung cư tại Rivea Residences",240.0,6.0,10.0,Không xác định,Không xác định,5.0,4.0,Đã có sổ,Cơ bản,26.0,23,Hà Nội,Hoàng Mai,Căn hộ chung cư tại Rivea Residences,0.11,>90 m²,>10 tỷ,21.0285,105.8542
"Hà Nội, Tây Hồ, Căn hộ chung cư tại Celestine Westlake",55.0,6.0,10.0,Đông - Nam,Tây - Bắc,2.0,1.0,Đã có sổ,Đầy đủ,9.0,26,Hà Nội,Tây Hồ,Căn hộ chung cư tại Celestine Westlake,0.16,50-70 m²,8-10 tỷ,21.0285,105.8542
"Hồ Chí Minh, Nhà Bè, Căn hộ chung cư tại Hoàng Anh Gold House",220.0,6.0,10.0,Đông - Bắc,Tây - Nam,4.0,3.0,Đã có sổ,Cơ bản,6.0,26,Hồ Chí Minh,Nhà Bè,Căn hộ chung cư tại Hoàng Anh Gold House,0.03,>90 m²,4-6 tỷ,10.7769,106.7009
"Hà Nội, Hà Đông, Căn hộ chung cư tại The Vista Văn La",64.16,6.0,10.0,Không xác định,Không xác định,3.0,2.0,Không xác định,Không xác định,6.2,23,Hà Nội,Hà Đông,Căn hộ chung cư tại The Vista Văn La,0.1,50-70 m²,6-8 tỷ,21.0285,105.8542
"Bắc Giang, Bắc Giang, Căn hộ chung cư tại Gold Park",60.2,6.0,10.0,Đông - Bắc,Tây - Nam,3.0,2.0,Đã có sổ,Đầy đủ,3.1,26,Bắc Giang,Bắc Giang,Căn hộ chung cư tại Gold Park,0.05,50-70 m²,<4 tỷ,21.2731,106.1946
"Bình Dương, Thuận An, Căn hộ chung cư tại La Pura",67.25,6.0,10.0,Không xác định,Nam,2.0,2.0,Hợp đồng mua bán,Không xác định,3.0,26,Bình Dương,Thuận An,Căn hộ chung cư tại La Pura,0.04,50-70 m²,<4 tỷ,11.1604,106.6508
"Hà Nội, Hoàng Mai, Căn hộ chung cư tại Central Residence",35.0,6.0,10.0,Đông - Nam,Không xác định,1.0,1.0,Hợp đồng mua bán,Cơ bản,6.21,26,Hà Nội,Hoàng Mai,Căn hộ chung cư tại Central Residence,0.18,30-50 m²,6-8 tỷ,21.0285,105.8542
"Bình Dương, Thủ Dầu Một, Căn hộ chung cư tại The Orchard Sycamore",124.0,6.0,10.0,Không xác định,Không xác định,3.0,2.0,Hợp đồng mua bán,Không xác định,6.2,26,Bình Dương,Thủ Dầu Một,Căn hộ chung cư tại The Orchard Sycamore,0.05,>90 m²,6-8 tỷ,11.1604,106.6508
"Hưng Yên, Văn Lâm, Căn hộ chung cư tại Economy City",66.7,6.0,10.0,Tây - Bắc,Đông - Nam,2.0,2.0,Hợp đồng mua bán,Cơ bản,2.2,26,Hưng Yên,Văn Lâm,Căn hộ chung cư tại Economy City,0.03,50-70 m²,<4 tỷ,20.6464,106.0511
"Đà Nẵng, Ngũ Hành Sơn, Căn hộ chung cư tại FPT Plaza 4",70.4,6.0,10.0,Tây,Đông,2.0,2.0,Hợp đồng mua bán,Cơ bản,3.9,26,Đà Nẵng,Ngũ Hành Sơn,Căn hộ chung cư tại FPT Plaza 4,0.06,70-90 m²,<4 tỷ,16.0544,108.2022
"Hồ Chí Minh, Quận 2, Căn hộ chung cư tại The Ascent",104.0,6.0,10.0,Không xác định,Không xác định,3.0,2.0,Đã có sổ,Không xác định,9.45,25,Hồ Chí Minh,Quận 2,Căn hộ chung cư tại The Ascent,0.09,>90 m²,8-10 tỷ,10.7769,106.7009
"Hưng Yên, Văn Giang, Căn hộ chung cư tại Trust City Văn Giang",61.5,6.0,10.0,Đông - Nam,Không xác định,2.0,2.0,Đã có sổ,Cơ bản,3.3,27,Hưng Yên,Văn Giang,Căn hộ chung cư tại Trust City Văn Giang,0.05,50-70 m²,<4 tỷ,20.6464,106.0511
"Hà Nội, Thanh Xuân, Căn hộ chung cư tại Hạ Đình Tower",97.0,6.0,10.0,Đông - Nam,Không xác định,3.0,2.0,Hợp đồng mua bán,Đầy đủ,27.67,25,Hà Nội,Thanh Xuân,Căn hộ chung cư tại Hạ Đình Tower,0.29,>90 m²,>10 tỷ,21.0285,105.8542
"Hà Nội, Thanh Xuân, Căn hộ chung cư tại Chung cư 282 Nguyễn Huy Tưởng",70.0,6.0,10.0,Tây - Nam,Đông - Bắc,2.0,2.0,Không xác định,Đầy đủ,4.95,26,Hà Nội,Thanh Xuân,Căn hộ chung cư tại Chung cư 282 Nguyễn Huy Tưởng,0.07,50-70 m²,4-6 tỷ,21.0285,105.8542
"Bình Dương, Thủ Dầu Một, Căn hộ chung cư tại Orchard Collection",87.0,6.0,10.0,Tây - Bắc,Đông - Nam,2.0,2.0,Không xác định,Đầy đủ,5.8,26,Bình Dương,Thủ Dầu Một,Căn hộ chung cư tại Orchard Collection,0.07,70-90 m²,4-6 tỷ,11.1604,106.6508
"Bình Dương, Thủ Dầu Một, Căn hộ chung cư tại Orchard Collection",136.5,6.0,10.0,Nam,Đông - Bắc,3.0,2.0,Không xác định,Không xác định,9.0,26,Bình Dương,Thủ Dầu Một,Căn hộ chung cư tại Orchard Collection,0.07,>90 m²,8-10 tỷ,11.1604,106.6508
"Hà Nội, Cầu Giấy, Căn hộ chung cư tại Vinhomes D'Capitale",84.2,6.0,10.0,Đông - Bắc,Tây - Nam,3.0,2.0,Đã có sổ,Đầy đủ,10.3,26,Hà Nội,Cầu Giấy,Căn hộ chung cư tại Vinhomes D'Capitale,0.12,70-90 m²,>10 tỷ,21.0285,105.8542
"Thanh Hóa, Thanh Hóa, Căn hộ chung cư tại Xuân Mai Tower",62.0,6.0,10.0,Không xác định,Không xác định,2.0,2.0,Đã có sổ,Đầy đủ,1.92,26,Thanh Hóa,Thanh Hóa,Căn hộ chung cư tại Xuân Mai Tower,0.03,50-70 m²,<4 tỷ,19.8067,105.7852
"Hà Nội, Bắc Từ Liêm, Căn hộ chung cư tại Ecohome 3",66.9,6.0,10.0,Tây - Nam,Đông - Bắc,3.0,2.0,Không xác định,Đầy đủ,5.35,26,Hà Nội,Bắc Từ Liêm,Căn hộ chung cư tại Ecohome 3,0.08,50-70 m²,4-6 tỷ,21.0285,105.8542
"Hà Nội, Hà Đông, Căn hộ chung cư tại Khu đô thị mới Văn Quán",136.0,6.0,10.0,Tây - Bắc,Đông - Nam,4.0,2.0,Đã có sổ,Đầy đủ,0.1,26,Hà Nội,Hà Đông,Căn hộ chung cư tại Khu đô thị mới Văn Quán,0.0,>90 m²,<4 tỷ,21.0285,105.8542
"Hà Nội, Cầu Giấy, Căn hộ chung cư tại Chelsea Residences",58.7,6.0,10.0,Đông - Bắc,Tây - Nam,1.0,1.0,Không xác định,Không xác định,6.5,26,Hà Nội,Cầu Giấy,Căn hộ chung cư tại Chelsea Residences,0.11,50-70 m²,6-8 tỷ,21.0285,105.8542
"Hà Nội, Hoàng Mai, Căn hộ chung cư tại Khu đô thị Kim Văn - Kim Lũ (Golden Silk)",74.0,6.0,10.0,Không xác định,Không xác định,3.0,2.0,Đã có sổ,Đầy đủ,4.55,26,Hà Nội,Hoàng Mai,Căn hộ chung cư tại Khu đô thị Kim Văn - Kim Lũ (Golden Silk),0.06,70-90 m²,4-6 tỷ,21.0285,105.8542
"Bình Dương, Thuận An, Căn hộ chung cư tại Monrei Saigon",66.38,6.0,10.0,Không xác định,Đông - Nam,2.0,2.0,Hợp đồng mua bán,Cơ bản,2.73,26,Bình Dương,Thuận An,Căn hộ chung cư tại Monrei Saigon,0.04,50-70 m²,<4 tỷ,11.1604,106.6508
"Hà Nội, Hai Bà Trưng, Căn hộ chung cư tại Chung cư 229 Phố Vọng",95.0,6.0,10.0,Tây - Bắc,Đông - Nam,2.0,2.0,Không xác định,Không xác định,13.96,26,Hà Nội,Hai Bà Trưng,Căn hộ chung cư tại Chung cư 229 Phố Vọng,0.15,>90 m²,>10 tỷ,21.0285,105.8542
"Hưng Yên, Văn Giang, Căn hộ chung cư tại Alluvia City",122.0,6.0,10.0,Không xác định,Không xác định,3.0,2.0,Hợp đồng mua bán,Không xác định,7.5,26,Hưng Yên,Văn Giang,Căn hộ chung cư tại Alluvia City,0.06,>90 m²,6-8 tỷ,20.6464,106.0511
"Hà Nội, Bắc Từ Liêm, Căn hộ chung cư tại Goldmark City",121.0,6.0,10.0,Đông - Bắc,Đông - Bắc,3.0,2.0,Đã có sổ,Đầy đủ,0.09,26,Hà Nội,Bắc Từ Liêm,Căn hộ chung cư tại Goldmark City,0.0,>90 m²,<4 tỷ,21.0285,105.8542
"Hồ Chí Minh, Quận 7, Căn hộ chung cư tại Jamona Heights",76.0,6.0,10.0,Không xác định,Không xác định,2.0,2.0,Không xác định,Đầy đủ,4.8,26,Hồ Chí Minh,Quận 7,Căn hộ chung cư tại Jamona Heights,0.06,70-90 m²,4-6 tỷ,10.7769,106.7009
"Bình Dương, Dĩ An, Căn hộ chung cư tại Phú Đông SkyOne",55.3,6.0,10.0,Đông - Bắc,Tây - Nam,1.0,1.0,Hợp đồng mua bán,Cơ bản,2.4,26,Bình Dương,Dĩ An,Căn hộ chung cư tại Phú Đông SkyOne,0.04,50-70 m²,<4 tỷ,11.1604,106.6508
"Hải Phòng, Ngô Quyền, Căn hộ chung cư tại Nhà ở xã hội Harbor Residence",50.64,6.0,10.0,Không xác định,Đông - Nam,2.0,1.0,Đã có sổ,Cơ bản,1.16,26,Hải Phòng,Ngô Quyền,Căn hộ chung cư tại Nhà ở xã hội Harbor Residence,0.02,50-70 m²,<4 tỷ,20.8449,106.6881
"Hồ Chí Minh, Quận 8, Căn hộ chung cư tại Aurora Residences",68.0,6.0,10.0,Không xác định,Không xác định,2.0,2.0,Hợp đồng mua bán,Không xác định,3.6,27,Hồ Chí Minh,Quận 8,Căn hộ chung cư tại Aurora Residences,0.05,50-70 m²,<4 tỷ,10.7769,106.7009
"Hà Nội, Hoài Đức, Căn hộ chung cư tại Mailand Hanoi City",144.5,6.0,10.0,Tây,Bắc,3.0,2.0,Đã có sổ,Đầy đủ,10.0,27,Hà Nội,Hoài Đức,Căn hộ chung cư tại Mailand Hanoi City,0.07,>90 m²,8-10 tỷ,21.0285,105.8542
"Hà Nội, Đống Đa, Căn hộ chung cư tại Chung cư 187 Tây Sơn",135.0,6.0,10.0,Tây - Nam,Đông - Bắc,3.0,2.0,Đã có sổ,Đầy đủ,0.12,27,Hà Nội,Đống Đa,Căn hộ chung cư tại Chung cư 187 Tây Sơn,0.0,>90 m²,<4 tỷ,21.0285,105.8542
"Hồ Chí Minh, Thủ Đức, Căn hộ chung cư tại Fiato Uptown",80.0,6.0,10.0,Bắc,Bắc,2.0,2.0,Hợp đồng mua bán,Cơ bản,4.4,27,Hồ Chí Minh,Thủ Đức,Căn hộ chung cư tại Fiato Uptown,0.06,70-90 m²,4-6 tỷ,10.7769,106.7009
"Hồ Chí Minh, Quận 2, Căn hộ chung cư tại Cao ốc Thịnh Vượng",153.0,6.0,10.0,Đông,Không xác định,4.0,3.0,Đã có sổ,Cơ bản,7.65,27,Hồ Chí Minh,Quận 2,Căn hộ chung cư tại Cao ốc Thịnh Vượng,0.05,>90 m²,6-8 tỷ,10.7769,106.7009
"Hồ Chí Minh, Quận 2, Căn hộ chung cư tại Thu Thiem Zeit River",60.0,6.0,10.0,Tây - Bắc,Đông - Nam,1.0,1.0,Đã có sổ,Cơ bản,12.0,27,Hồ Chí Minh,Quận 2,Căn hộ chung cư tại Thu Thiem Zeit River,0.2,50-70 m²,>10 tỷ,10.7769,106.7009
"Hà Nội, Hà Đông, Căn hộ chung cư tại Khu đô thị Thanh Hà Mường Thanh",76.0,6.0,10.0,Bắc,Nam,3.0,2.0,Hợp đồng mua bán,Đầy đủ,3.18,27,Hà Nội,Hà Đông,Căn hộ chung cư tại Khu đô thị Thanh Hà Mường Thanh,0.04,70-90 m²,<4 tỷ,21.0285,105.8542
"Hà Nội, Đống Đa, Căn hộ chung cư tại Khu nhà ở cao tầng 102 Trường Chinh",78.0,6.0,10.0,Không xác định,Không xác định,2.0,2.0,Đã có sổ,Đầy đủ,6.7,27,Hà Nội,Đống Đa,Căn hộ chung cư tại Khu nhà ở cao tầng 102 Trường Chinh,0.09,70-90 m²,6-8 tỷ,21.0285,105.8542
"Hà Nội, Nam Từ Liêm, Căn hộ chung cư tại Hausman Premium Residences",98.7,6.0,10.0,Đông - Nam,Không xác định,3.0,2.0,Đã có sổ,Không xác định,15.54,24,Hà Nội,Nam Từ Liêm,Căn hộ chung cư tại Hausman Premium Residences,0.16,>90 m²,>10 tỷ,21.0285,105.8542
"Bình Dương, Dĩ An, Căn hộ chung cư tại Khu chung cư Charm Plaza",93.0,6.0,10.0,Không xác định,Không xác định,3.0,2.0,Đã có sổ,Không xác định,2.8,27,Bình Dương,Dĩ An,Căn hộ chung cư tại Khu chung cư Charm Plaza,0.03,>90 m²,<4 tỷ,11.1604,106.6508
"Hà Nội, Hoài Đức, Căn hộ chung cư tại Tân Việt Tower",82.0,6.0,10.0,Đông - Nam,Tây - Bắc,2.0,2.0,Đã có sổ,Cơ bản,3.25,27,Hà Nội,Hoài Đức,Căn hộ chung cư tại Tân Việt Tower,0.04,70-90 m²,<4 tỷ,21.0285,105.8542
"Hồ Chí Minh, Quận 2, Căn hộ chung cư tại Masteri An Phú",74.0,6.0,10.0,Tây - Bắc,Đông - Nam,2.0,2.0,Đã có sổ,Đầy đủ,8.4,27,Hồ Chí Minh,Quận 2,Căn hộ chung cư tại Masteri An Phú,0.11,70-90 m²,8-10 tỷ,10.7769,106.7009
"Thái Bình, Thái Bình, Căn hộ chung cư tại Eden Garden Thái Bình",87.0,6.0,10.0,Tây - Nam,Đông - Bắc,3.0,2.0,Đã có sổ,Cơ bản,2.94,27,Thái Bình,Thái Bình,Căn hộ chung cư tại Eden Garden Thái Bình,0.03,70-90 m²,<4 tỷ,20.4464,106.3364
"Hà Nội, Bắc Từ Liêm, Căn hộ chung cư tại IA20 Ciputra",100.0,6.0,10.0,Bắc,Nam,3.0,2.0,Đã có sổ,Đầy đủ,18.69,27,Hà Nội,Bắc Từ Liêm,Căn hộ chung cư tại IA20 Ciputra,0.19,>90 m²,>10 tỷ,21.0285,105.8542
"Hà Nội, Hoàng Mai, Căn hộ chung cư tại Gelexia Riverside",74.0,6.0,10.0,Bắc,Nam,2.0,2.0,Đã có sổ,Đầy đủ,5.75,27,Hà Nội,Hoàng Mai,Căn hộ chung cư tại Gelexia Riverside,0.08,70-90 m²,4-6 tỷ,21.0285,105.8542
"Hồ Chí Minh, Quận 1, Căn hộ chung cư tại The Grand Manhattan",68.0,6.0,10.0,Đông - Bắc,Tây - Nam,2.0,2.0,Hợp đồng mua bán,Cơ bản,0.2,27,Hồ Chí Minh,Quận 1,Căn hộ chung cư tại The Grand Manhattan,0.0,50-70 m²,<4 tỷ,10.7769,106.7009
"Hà Nội, Hoài Đức, Căn hộ chung cư tại Chung cư The Wisteria",138.0,6.0,10.0,Không xác định,Đông - Nam,3.0,2.0,Không xác định,Không xác định,7.9,27,Hà Nội,Hoài Đức,Căn hộ chung cư tại Chung cư The Wisteria,0.06,>90 m²,6-8 tỷ,21.0285,105.8542
"Hà Nội, Hoài Đức, Căn hộ chung cư tại The Flame Vine",73.7,6.0,10.0,Bắc,Không xác định,2.0,2.0,Không xác định,Không xác định,5.54,23,Hà Nội,Hoài Đức,Căn hộ chung cư tại The Flame Vine,0.08,70-90 m²,4-6 tỷ,21.0285,105.8542
"Hải Phòng, Ngô Quyền, Căn hộ chung cư tại TD Plaza Hải Phòng",155.0,6.0,10.0,Không xác định,Không xác định,2.0,2.0,Hợp đồng mua bán,Đầy đủ,4.87,27,Hải Phòng,Ngô Quyền,Căn hộ chung cư tại TD Plaza Hải Phòng,0.03,>90 m²,4-6 tỷ,20.8449,106.6881
"Nghệ An, Vinh, Căn hộ chung cư tại đường Lê Viết Thuật",74.0,6.0,10.0,Bắc,Đông,2.0,1.0,Đã có sổ,Không xác định,2.3,27,Nghệ An,Vinh,Căn hộ chung cư tại đường Lê Viết Thuật,0.03,70-90 m²,<4 tỷ,19.2342,104.892
"Hồ Chí Minh, Quận 2, Căn hộ chung cư tại Sarimi Sala",92.0,6.0,10.0,Không xác định,Không xác định,2.0,2.0,Đã có sổ,Cơ bản,18.5,27,Hồ Chí Minh,Quận 2,Căn hộ chung cư tại Sarimi Sala,0.2,>90 m²,>10 tỷ,10.7769,106.7009
"Hải Phòng, An Dương, Căn hộ chung cư tại An Zen Residence",50.0,6.0,10.0,Tây - Bắc,Đông - Nam,1.0,1.0,Đã có sổ,Đầy đủ,1.69,27,Hải Phòng,An Dương,Căn hộ chung cư tại An Zen Residence,0.03,30-50 m²,<4 tỷ,20.8449,106.6881
"Hải Phòng, An Dương, Căn hộ chung cư tại An Zen Residence",50.0,6.0,10.0,Tây - Bắc,Đông - Nam,1.0,1.0,Đã có sổ,Không xác định,1.8,27,Hải Phòng,An Dương,Căn hộ chung cư tại An Zen Residence,0.04,30-50 m²,<4 tỷ,20.8449,106.6881
"Bình Dương, Dĩ An, Căn hộ chung cư tại Phú Đông SkyOne",55.3,6.0,10.0,Tây - Nam,Đông - Bắc,1.0,1.0,Không xác định,Cơ bản,2.46,27,Bình Dương,Dĩ An,Căn hộ chung cư tại Phú Đông SkyOne,0.04,50-70 m²,<4 tỷ,11.1604,106.6508
"Hà Nội, Nam Từ Liêm, Căn hộ chung cư tại The Garden Hills - 99 Trần Bình",67.0,6.0,10.0,Không xác định,Không xác định,3.0,2.0,Đã có sổ,Cơ bản,6.0,27,Hà Nội,Nam Từ Liêm,Căn hộ chung cư tại The Garden Hills - 99 Trần Bình,0.09,50-70 m²,4-6 tỷ,21.0285,105.8542
"Hồ Chí Minh, Quận 9, Căn hộ chung cư tại Lucky Dragon",75.0,6.0,10.0,Bắc,Nam,2.0,2.0,Đã có sổ,Đầy đủ,4.6,9,Hồ Chí Minh,Quận 9,Căn hộ chung cư tại Lucky Dragon,0.06,70-90 m²,4-6 tỷ,10.7769,106.7009
"Hải Phòng, An Dương, Căn hộ chung cư tại An Zen Residence",65.0,6.0,10.0,Tây - Bắc,Đông - Nam,2.0,2.0,Đã có sổ,Không xác định,2.1,27,Hải Phòng,An Dương,Căn hộ chung cư tại An Zen Residence,0.03,50-70 m²,<4 tỷ,20.8449,106.6881
"Hà Nội, Hoài Đức, Căn hộ chung cư tại Moonlight 2 - An Lạc Green Symphony",67.49,6.0,10.0,Đông - Nam,Đông - Nam,2.0,2.0,Đã có sổ,Cơ bản,5.4,27,Hà Nội,Hoài Đức,Căn hộ chung cư tại Moonlight 2 - An Lạc Green Symphony,0.08,50-70 m²,4-6 tỷ,21.0285,105.8542
"Thái Bình, Thái Bình, Căn hộ chung cư tại Diamond Light",87.0,6.0,10.0,Không xác định,Không xác định,2.0,2.0,Đã có sổ,Đầy đủ,6.51,24,Thái Bình,Thái Bình,Căn hộ chung cư tại Diamond Light,0.07,70-90 m²,6-8 tỷ,20.4464,106.3364
"Thái Nguyên, Thái Nguyên, Căn hộ chung cư tại Tecco Thái Nguyên",82.0,6.0,10.0,Tây,Đông,3.0,3.0,Đã có sổ,Đầy đủ,2.5,27,Thái Nguyên,Thái Nguyên,Căn hộ chung cư tại Tecco Thái Nguyên,0.03,70-90 m²,<4 tỷ,21.5928,105.8442
"Hà Nội, Cầu Giấy, Căn hộ chung cư tại A10-A14 Nam Trung Yên",61.1,6.0,10.0,Tây - Bắc,Đông - Nam,2.0,1.0,Đã có sổ,Đầy đủ,7.8,27,Hà Nội,Cầu Giấy,Căn hộ chung cư tại A10-A14 Nam Trung Yên,0.13,50-70 m²,6-8 tỷ,21.0285,105.8542
"Hồ Chí Minh, Bình Chánh, Căn hộ chung cư tại Westgate",69.0,6.0,10.0,Bắc,Nam,2.0,2.0,Đã có sổ,Đầy đủ,3.49,27,Hồ Chí Minh,Bình Chánh,Căn hộ chung cư tại Westgate,0.05,50-70 m²,<4 tỷ,10.7769,106.7009
"Bình Dương, Dĩ An, Căn hộ chung cư tại Căn hộ Thạnh Tân",39.5,6.0,10.0,Tây - Nam,Đông - Bắc,1.0,1.0,Đã có sổ,Đầy đủ,0.87,25,Bình Dương,Dĩ An,Căn hộ chung cư tại Căn hộ Thạnh Tân,0.02,30-50 m²,<4 tỷ,11.1604,106.6508
"Bình Dương, Dĩ An, Căn hộ chung cư tại Green Skyline",65.0,6.0,10.0,Tây - Bắc,Đông - Nam,2.0,2.0,Hợp đồng mua bán,Đầy đủ,4.2,27,Bình Dương,Dĩ An,Căn hộ chung cư tại Green Skyline,0.06,50-70 m²,4-6 tỷ,11.1604,106.6508
"Hồ Chí Minh, Quận 1, Căn hộ chung cư tại Vinhomes Golden River Ba Son",70.0,6.0,10.0,Không xác định,Không xác định,2.0,2.0,Đã có sổ,Đầy đủ,15.0,24,Hồ Chí Minh,Quận 1,Căn hộ chung cư tại Vinhomes Golden River Ba Son,0.21,50-70 m²,>10 tỷ,10.7769,106.7009
"Hà Nội, Gia Lâm, Căn hộ chung cư tại Chung cư The Senique Hanoi",85.9,6.0,10.0,Đông - Nam,Tây - Bắc,3.0,2.0,Hợp đồng mua bán,Cơ bản,6.1,28,Hà Nội,Gia Lâm,Căn hộ chung cư tại Chung cư The Senique Hanoi,0.07,70-90 m²,6-8 tỷ,21.0285,105.8542
"Hồ Chí Minh, Quận 7, Căn hộ chung cư tại M-One Nam Sài Gòn",94.0,6.0,10.0,Bắc,Nam,3.0,2.0,Đã có sổ,Đầy đủ,6.0,28,Hồ Chí Minh,Quận 7,Căn hộ chung cư tại M-One Nam Sài Gòn,0.06,>90 m²,4-6 tỷ,10.7769,106.7009
"Hồ Chí Minh, Quận 7, Căn hộ chung cư tại Căn hộ Florita",103.0,6.0,10.0,Tây,Đông - Nam,3.0,2.0,Hợp đồng mua bán,Cơ bản,7.2,28,Hồ Chí Minh,Quận 7,Căn hộ chung cư tại Căn hộ Florita,0.07,>90 m²,6-8 tỷ,10.7769,106.7009
"Hà Nội, Hoàng Mai, Căn hộ chung cư tại Khu đô thị mới Định Công",78.0,6.0,10.0,Không xác định,Không xác định,3.0,2.0,Đã có sổ,Đầy đủ,5.7,27,Hà Nội,Hoàng Mai,Căn hộ chung cư tại Khu đô thị mới Định Công,0.07,70-90 m²,4-6 tỷ,21.0285,105.8542
"Hà Nội, Thanh Xuân, Căn hộ chung cư tại Imperial Plaza",78.0,6.0,10.0,Không xác định,Không xác định,2.0,2.0,Đã có sổ,Đầy đủ,6.4,28,Hà Nội,Thanh Xuân,Căn hộ chung cư tại Imperial Plaza,0.08,70-90 m²,6-8 tỷ,21.0285,105.8542
"Hồ Chí Minh, Nhà Bè, Căn hộ chung cư tại Essensia Sky",116.0,6.0,10.0,Không xác định,Không xác định,3.0,2.0,Đã có sổ,Cơ bản,9.85,12,Hồ Chí Minh,Nhà Bè,Căn hộ chung cư tại Essensia Sky,0.08,>90 m²,8-10 tỷ,10.7769,106.7009
"Đồng Nai, Biên Hòa, Căn hộ chung cư tại Eco Residence",46.0,6.0,10.0,Tây - Nam,Đông,2.0,2.0,Đã có sổ,Đầy đủ,1.1,28,Đồng Nai,Biên Hòa,Căn hộ chung cư tại Eco Residence,0.02,30-50 m²,<4 tỷ,10.9454,106.8248
"Hồ Chí Minh, Tân Phú, Căn hộ chung cư tại Diamond Alnata Plus - Celadon City",242.0,6.0,10.0,Không xác định,Không xác định,4.0,3.0,Không xác định,Đầy đủ,15.5,28,Hồ Chí Minh,Tân Phú,Căn hộ chung cư tại Diamond Alnata Plus - Celadon City,0.06,>90 m²,>10 tỷ,10.7769,106.7009
"Hồ Chí Minh, Tân Phú, Căn hộ chung cư tại The Glen - Celadon City",419.0,6.0,10.0,Không xác định,Không xác định,6.0,7.0,Hợp đồng mua bán,Cơ bản,20.12,28,Hồ Chí Minh,Tân Phú,Căn hộ chung cư tại The Glen - Celadon City,0.05,>90 m²,>10 tỷ,10.7769,106.7009
"Bình Dương, Dĩ An, Căn hộ chung cư tại Bcons Garden",69.5,6.0,10.0,Không xác định,Không xác định,3.0,2.0,Đã có sổ,Không xác định,2.75,28,Bình Dương,Dĩ An,Căn hộ chung cư tại Bcons Garden,0.04,50-70 m²,<4 tỷ,11.1604,106.6508
"Hà Nội, Gia Lâm, Căn hộ chung cư tại Vinhomes Ocean Park Gia Lâm",43.0,6.0,10.0,Đông - Bắc,Tây - Nam,1.0,1.0,Đã có sổ,Cơ bản,2.75,28,Hà Nội,Gia Lâm,Căn hộ chung cư tại Vinhomes Ocean Park Gia Lâm,0.06,30-50 m²,<4 tỷ,21.0285,105.8542
"Hà Nội, Long Biên, Căn hộ chung cư tại Chung cư Ruby City CT3",48.0,6.0,10.0,Không xác định,Không xác định,2.0,1.0,Đã có sổ,Không xác định,3.35,27,Hà Nội,Long Biên,Căn hộ chung cư tại Chung cư Ruby City CT3,0.07,30-50 m²,<4 tỷ,21.0285,105.8542
"Hồ Chí Minh, Quận 7, Căn hộ chung cư tại Sky Garden 3",72.0,6.0,10.0,Không xác định,Đông,3.0,2.0,Đã có sổ,Đầy đủ,6.4,27,Hồ Chí Minh,Quận 7,Căn hộ chung cư tại Sky Garden 3,0.09,70-90 m²,6-8 tỷ,10.7769,106.7009
"Hà Nội, Long Biên, Căn hộ chung cư tại AQH Riverside",65.0,6.0,10.0,Không xác định,Không xác định,3.0,2.0,Đã có sổ,Cơ bản,5.1,27,Hà Nội,Long Biên,Căn hộ chung cư tại AQH Riverside,0.08,50-70 m²,4-6 tỷ,21.0285,105.8542
"Hà Nội, Hoài Đức, Căn hộ chung cư tại Mailand Hanoi City",109.0,6.0,10.0,Tây - Bắc,Nam,2.0,2.0,Đã có sổ,Đầy đủ,7.7,27,Hà Nội,Hoài Đức,Căn hộ chung cư tại Mailand Hanoi City,0.07,>90 m²,6-8 tỷ,21.0285,105.8542
"Hồ Chí Minh, Quận 2, Căn hộ chung cư tại The Opera Residence",77.0,6.0,10.0,Đông - Bắc,Tây - Nam,2.0,2.0,Hợp đồng mua bán,Cơ bản,30.0,25,Hồ Chí Minh,Quận 2,Căn hộ chung cư tại The Opera Residence,0.39,70-90 m²,>10 tỷ,10.7769,106.7009
"Hà Nội, Cầu Giấy, Căn hộ chung cư tại Khu đô thị Nam Trung Yên",55.0,6.0,10.0,Tây - Bắc,Đông - Nam,2.0,1.0,Đã có sổ,Đầy đủ,5.45,18,Hà Nội,Cầu Giấy,Căn hộ chung cư tại Khu đô thị Nam Trung Yên,0.1,50-70 m²,4-6 tỷ,21.0285,105.8542
"Hà Nội, Cầu Giấy, Căn hộ chung cư tại Khu đô thị Trung Yên",62.0,6.0,10.0,Đông,Nam,2.0,2.0,Đã có sổ,Đầy đủ,5.95,27,Hà Nội,Cầu Giấy,Căn hộ chung cư tại Khu đô thị Trung Yên,0.1,50-70 m²,4-6 tỷ,21.0285,105.8542
"Hà Nội, Cầu Giấy, Căn hộ chung cư tại Khu đô thị Trung Yên",52.0,6.0,10.0,Tây,Đông,2.0,1.0,Đã có sổ,Đầy đủ,5.55,27,Hà Nội,Cầu Giấy,Căn hộ chung cư tại Khu đô thị Trung Yên,0.11,50-70 m²,4-6 tỷ,21.0285,105.8542
"Hồ Chí Minh, Quận 7, Căn hộ chung cư tại Happy Valley",100.0,6.0,10.0,Không xác định,Không xác định,3.0,2.0,Đã có sổ,Không xác định,9.3,24,Hồ Chí Minh,Quận 7,Căn hộ chung cư tại Happy Valley,0.09,>90 m²,8-10 tỷ,10.7769,106.7009
"Hà Nội, Hoàng Mai, Căn hộ chung cư tại T&T Riverview",100.0,6.0,10.0,Tây - Bắc,Nam,3.0,2.0,Đã có sổ,Đầy đủ,6.8,28,Hà Nội,Hoàng Mai,Căn hộ chung cư tại T&T Riverview,0.07,>90 m²,6-8 tỷ,21.0285,105.8542
"Hưng Yên, Văn Giang, Căn hộ chung cư tại Haven Park Residences",136.0,6.0,10.0,Đông - Bắc,Đông - Nam,4.0,3.0,Đã có sổ,Đầy đủ,8.9,28,Hưng Yên,Văn Giang,Căn hộ chung cư tại Haven Park Residences,0.07,>90 m²,8-10 tỷ,20.6464,106.0511
"Hà Nội, Hoài Đức, Căn hộ chung cư tại The Flame Vine",76.5,6.0,10.0,Đông,Tây,2.0,2.0,Hợp đồng mua bán,Cơ bản,5.15,28,Hà Nội,Hoài Đức,Căn hộ chung cư tại The Flame Vine,0.07,70-90 m²,4-6 tỷ,21.0285,105.8542
"Hà Nội, Gia Lâm, Căn hộ chung cư tại Vinhomes Ocean Park Gia Lâm",64.3,6.0,10.0,Không xác định,Không xác định,2.0,2.0,Không xác định,Không xác định,5.7,28,Hà Nội,Gia Lâm,Căn hộ chung cư tại Vinhomes Ocean Park Gia Lâm,0.09,50-70 m²,4-6 tỷ,21.0285,105.8542
"Hưng Yên, Văn Giang, Căn hộ chung cư tại Sunshine Legend City",56.0,6.0,10.0,Nam,Không xác định,3.0,2.0,Hợp đồng mua bán,Không xác định,3.5,28,Hưng Yên,Văn Giang,Căn hộ chung cư tại Sunshine Legend City,0.06,50-70 m²,<4 tỷ,20.6464,106.0511
"Kiên Giang, Phú Quốc, Căn hộ chung cư tại Sun Grand City Hillside Residence",30.0,6.0,10.0,Đông,Tây,1.0,1.0,Hợp đồng mua bán,Không xác định,2.65,28,Kiên Giang,Phú Quốc,Căn hộ chung cư tại Sun Grand City Hillside Residence,0.09,<30 m²,<4 tỷ,10.0125,105.0809
"Hồ Chí Minh, Bình Tân, Căn hộ chung cư tại Khu căn hộ EHome 3",67.0,6.0,10.0,Không xác định,Không xác định,2.0,2.0,Đã có sổ,Không xác định,2.8,28,Hồ Chí Minh,Bình Tân,Căn hộ chung cư tại Khu căn hộ EHome 3,0.04,50-70 m²,<4 tỷ,10.7769,106.7009
"Đà Nẵng, Sơn Trà, Căn hộ chung cư tại Peninsula Đà Nẵng",62.0,6.0,10.0,Không xác định,Không xác định,2.0,2.0,Hợp đồng mua bán,Đầy đủ,3.75,23,Đà Nẵng,Sơn Trà,Căn hộ chung cư tại Peninsula Đà Nẵng,0.06,50-70 m²,<4 tỷ,16.0544,108.2022
"Quảng Ninh, Vân Đồn, Căn hộ chung cư tại Khu đô thị Phương Đông",29.7,6.0,10.0,Không xác định,Tây,1.0,1.0,Đã có sổ,Không xác định,1.7,28,Quảng Ninh,Vân Đồn,Căn hộ chung cư tại Khu đô thị Phương Đông,0.06,<30 m²,<4 tỷ,21.0069,107.2925
"Quảng Ninh, Vân Đồn, Căn hộ chung cư tại Vân Bay Tower",55.1,6.0,10.0,Không xác định,Tây - Nam,1.0,1.0,Đã có sổ,Cơ bản,2.9,28,Quảng Ninh,Vân Đồn,Căn hộ chung cư tại Vân Bay Tower,0.05,50-70 m²,<4 tỷ,21.0069,107.2925
"Hồ Chí Minh, Nhà Bè, Căn hộ chung cư tại Orchid Park",75.0,6.0,10.0,Không xác định,Không xác định,2.0,2.0,Đã có sổ,Đầy đủ,3.07,1,Hồ Chí Minh,Nhà Bè,Căn hộ chung cư tại Orchid Park,0.04,70-90 m²,<4 tỷ,10.7769,106.7009
"Hồ Chí Minh, Bình Tân, Căn hộ chung cư tại Akari City Nam Long",75.13,6.0,10.0,Đông,Đông,2.0,2.0,Đã có sổ,Không xác định,4.25,28,Hồ Chí Minh,Bình Tân,Căn hộ chung cư tại Akari City Nam Long,0.06,70-90 m²,4-6 tỷ,10.7769,106.7009
"Hồ Chí Minh, Quận 7, Căn hộ chung cư tại Chung cư Hưng Phúc",77.0,6.0,10.0,Không xác định,Không xác định,2.0,2.0,Đã có sổ,Đầy đủ,6.8,28,Hồ Chí Minh,Quận 7,Căn hộ chung cư tại Chung cư Hưng Phúc,0.09,70-90 m²,6-8 tỷ,10.7769,106.7009
"Hồ Chí Minh, Bình Chánh, Căn hộ chung cư tại Terra Luxury",69.0,6.0,10.0,Không xác định,Không xác định,2.0,2.0,Hợp đồng mua bán,Không xác định,3.7,28,Hồ Chí Minh,Bình Chánh,Căn hộ chung cư tại Terra Luxury,0.05,50-70 m²,<4 tỷ,10.7769,106.7009
"Hà Nội, Tây Hồ, Căn hộ chung cư tại PentStudio",58.0,6.0,10.0,Tây - Nam,Tây - Nam,1.0,1.0,Đã có sổ,Đầy đủ,6.3,28,Hà Nội,Tây Hồ,Căn hộ chung cư tại PentStudio,0.11,50-70 m²,6-8 tỷ,21.0285,105.8542
"Bình Dương, Dĩ An, Căn hộ chung cư tại Phú Đông SkyOne",55.1,6.0,10.0,Đông - Bắc,Tây - Nam,2.0,1.0,Hợp đồng mua bán,Cơ bản,2.66,28,Bình Dương,Dĩ An,Căn hộ chung cư tại Phú Đông SkyOne,0.05,50-70 m²,<4 tỷ,11.1604,106.6508
"Hồ Chí Minh, Bình Thạnh, Căn hộ chung cư tại The Morning Star Plaza",83.0,6.0,10.0,Không xác định,Không xác định,2.0,2.0,Đã có sổ,Cơ bản,4.95,28,Hồ Chí Minh,Bình Thạnh,Căn hộ chung cư tại The Morning Star Plaza,0.06,70-90 m²,4-6 tỷ,10.7769,106.7009
"Hồ Chí Minh, Quận 7, Căn hộ chung cư tại M-One Nam Sài Gòn",68.0,6.0,10.0,Bắc,Nam,2.0,2.0,Đã có sổ,Đầy đủ,5.15,28,Hồ Chí Minh,Quận 7,Căn hộ chung cư tại M-One Nam Sài Gòn,0.08,50-70 m²,4-6 tỷ,10.7769,106.7009
"Hưng Yên, Văn Giang, Căn hộ chung cư tại The Landmark Ecopark",87.0,6.0,10.0,Đông - Bắc,Tây - Nam,3.0,2.0,Đã có sổ,Đầy đủ,9.33,11,Hưng Yên,Văn Giang,Căn hộ chung cư tại The Landmark Ecopark,0.11,70-90 m²,8-10 tỷ,20.6464,106.0511
"Hà Nội, Hai Bà Trưng, Căn hộ chung cư tại Times City",53.2,6.0,10.0,Nam,Nam,1.0,1.0,Đã có sổ,Đầy đủ,5.7,29,Hà Nội,Hai Bà Trưng,Căn hộ chung cư tại Times City,0.11,50-70 m²,4-6 tỷ,21.0285,105.8542
"Hồ Chí Minh, Quận 7, Căn hộ chung cư tại Happy Valley",100.0,6.0,10.0,Không xác định,Không xác định,3.0,2.0,Đã có sổ,Đầy đủ,9.5,29,Hồ Chí Minh,Quận 7,Căn hộ chung cư tại Happy Valley,0.1,>90 m²,8-10 tỷ,10.7769,106.7009
"Hà Nội, Hai Bà Trưng, Căn hộ chung cư tại Times City",151.0,6.0,10.0,Không xác định,Không xác định,3.0,2.0,Không xác định,Không xác định,20.5,29,Hà Nội,Hai Bà Trưng,Căn hộ chung cư tại Times City,0.14,>90 m²,>10 tỷ,21.0285,105.8542
"Hà Nội, Hai Bà Trưng, Căn hộ chung cư tại Times City",53.4,6.0,10.0,Nam,Không xác định,1.0,1.0,Đã có sổ,Không xác định,5.9,29,Hà Nội,Hai Bà Trưng,Căn hộ chung cư tại Times City,0.11,50-70 m²,4-6 tỷ,21.0285,105.8542
"Đà Nẵng, Sơn Trà, Căn hộ chung cư tại Sun Symphony Residence",35.2,6.0,10.0,Đông - Bắc,Đông - Bắc,3.0,1.0,Hợp đồng mua bán,Không xác định,1.7,8,Đà Nẵng,Sơn Trà,Căn hộ chung cư tại Sun Symphony Residence,0.05,30-50 m²,<4 tỷ,16.0544,108.2022
"Hà Nội, Hai Bà Trưng, Căn hộ chung cư tại Times City",75.0,6.0,10.0,Bắc,Không xác định,2.0,2.0,Đã có sổ,Đầy đủ,10.3,29,Hà Nội,Hai Bà Trưng,Căn hộ chung cư tại Times City,0.14,70-90 m²,>10 tỷ,21.0285,105.8542
"Hồ Chí Minh, Thủ Đức, Căn hộ chung cư tại Sunview Town",57.0,6.0,10.0,Không xác định,Không xác định,2.0,2.0,Đã có sổ,Không xác định,2.45,23,Hồ Chí Minh,Thủ Đức,Căn hộ chung cư tại Sunview Town,0.04,50-70 m²,<4 tỷ,10.7769,106.7009
"Hà Nội, Hoài Đức, Căn hộ chung cư tại Tân Việt Tower",115.0,6.0,10.0,Đông - Nam,Tây - Bắc,3.0,2.0,Đã có sổ,Cơ bản,12.94,29,Hà Nội,Hoài Đức,Căn hộ chung cư tại Tân Việt Tower,0.11,>90 m²,>10 tỷ,21.0285,105.8542
"Hồ Chí Minh, Thủ Đức, Căn hộ chung cư tại Moonlight Residences",89.28,6.0,10.0,Không xác định,Không xác định,3.0,2.0,Hợp đồng mua bán,Đầy đủ,6.73,29,Hồ Chí Minh,Thủ Đức,Căn hộ chung cư tại Moonlight Residences,0.08,70-90 m²,6-8 tỷ,10.7769,106.7009
"Hà Nội, Long Biên, Căn hộ chung cư tại Vinhomes Symphony Riverside",75.0,6.0,10.0,Tây - Bắc,Đông - Nam,2.0,2.0,Đã có sổ,Đầy đủ,8.5,23,Hà Nội,Long Biên,Căn hộ chung cư tại Vinhomes Symphony Riverside,0.11,70-90 m²,8-10 tỷ,21.0285,105.8542
"Hồ Chí Minh, Quận 9, Căn hộ chung cư tại The Origami - Vinhomes Grand Park",29.0,6.0,10.0,Không xác định,Đông - Nam,1.0,1.0,Đã có sổ,Không xác định,1.65,29,Hồ Chí Minh,Quận 9,Căn hộ chung cư tại The Origami - Vinhomes Grand Park,0.06,<30 m²,<4 tỷ,10.7769,106.7009
"Hồ Chí Minh, Quận 4, Căn hộ chung cư tại River Gate",46.5,6.0,10.0,Đông - Bắc,Tây - Nam,1.0,1.0,Hợp đồng mua bán,Đầy đủ,4.1,24,Hồ Chí Minh,Quận 4,Căn hộ chung cư tại River Gate,0.09,30-50 m²,4-6 tỷ,10.7769,106.7009
"Hà Nội, Hoài Đức, Căn hộ chung cư tại Chung cư The Wisteria",142.0,6.0,10.0,Không xác định,Không xác định,3.0,2.0,Không xác định,Không xác định,8.5,28,Hà Nội,Hoài Đức,Căn hộ chung cư tại Chung cư The Wisteria,0.06,>90 m²,8-10 tỷ,21.0285,105.8542
"Hà Nội, Hoài Đức, Căn hộ chung cư tại Chung cư The Wisteria",100.0,6.0,10.0,Không xác định,Không xác định,3.0,2.0,Không xác định,Không xác định,6.2,28,Hà Nội,Hoài Đức,Căn hộ chung cư tại Chung cư The Wisteria,0.06,>90 m²,6-8 tỷ,21.0285,105.8542
"Đà Nẵng, Hải Châu, Căn hộ chung cư tại SAM Towers",140.0,6.0,10.0,Tây - Nam,Đông - Bắc,3.0,2.0,Hợp đồng mua bán,Đầy đủ,10.9,28,Đà Nẵng,Hải Châu,Căn hộ chung cư tại SAM Towers,0.08,>90 m²,>10 tỷ,16.0544,108.2022
"Hồ Chí Minh, Quận 9, Căn hộ chung cư tại The Beverly - Vinhomes Grand Park",80.0,6.0,10.0,Không xác định,Không xác định,2.0,2.0,Hợp đồng mua bán,Không xác định,4.9,28,Hồ Chí Minh,Quận 9,Căn hộ chung cư tại The Beverly - Vinhomes Grand Park,0.06,70-90 m²,4-6 tỷ,10.7769,106.7009
"Hà Nội, Hà Đông, Căn hộ chung cư tại Samsora Premier",60.0,6.0,10.0,Đông - Bắc,Nam,2.0,2.0,Đã có sổ,Cơ bản,4.7,28,Hà Nội,Hà Đông,Căn hộ chung cư tại Samsora Premier,0.08,50-70 m²,4-6 tỷ,21.0285,105.8542
"Hải Phòng, Hồng Bàng, Căn hộ chung cư tại Gem Park Hải Phòng",58.0,6.0,10.0,Tây - Nam,Không xác định,2.0,1.0,Hợp đồng mua bán,Cơ bản,3.0,28,Hải Phòng,Hồng Bàng,Căn hộ chung cư tại Gem Park Hải Phòng,0.05,50-70 m²,<4 tỷ,20.8449,106.6881
"Hà Nội, Thanh Xuân, Căn hộ chung cư tại Nhà ở xã hội 275 Nguyễn Trãi",70.0,6.0,10.0,Bắc,Đông - Nam,2.0,2.0,Đã có sổ,Cơ bản,5.6,23,Hà Nội,Thanh Xuân,Căn hộ chung cư tại Nhà ở xã hội 275 Nguyễn Trãi,0.08,50-70 m²,4-6 tỷ,21.0285,105.8542
"Hồ Chí Minh, Quận 2, Căn hộ chung cư tại Masteri Cosmo Central",93.6,6.0,10.0,Tây - Bắc,Đông - Bắc,3.0,2.0,Hợp đồng mua bán,Cơ bản,11.59,29,Hồ Chí Minh,Quận 2,Căn hộ chung cư tại Masteri Cosmo Central,0.12,>90 m²,>10 tỷ,10.7769,106.7009
"Hồ Chí Minh, Quận 2, Căn hộ chung cư tại Masteri Cosmo Central",60.0,6.0,10.0,Không xác định,Đông - Nam,1.0,1.0,Hợp đồng mua bán,Cơ bản,6.59,29,Hồ Chí Minh,Quận 2,Căn hộ chung cư tại Masteri Cosmo Central,0.11,50-70 m²,6-8 tỷ,10.7769,106.7009
"Hà Nội, Hai Bà Trưng, Căn hộ chung cư tại Vincom Center Bà Triệu",135.0,6.0,10.0,Không xác định,Không xác định,2.0,2.0,Không xác định,Không xác định,21.0,29,Hà Nội,Hai Bà Trưng,Căn hộ chung cư tại Vincom Center Bà Triệu,0.16,>90 m²,>10 tỷ,21.0285,105.8542
"Đà Nẵng, Hải Châu, Căn hộ chung cư tại The Meridian",73.9,6.0,10.0,Bắc,Bắc,2.0,2.0,Không xác định,Cơ bản,6.1,29,Đà Nẵng,Hải Châu,Căn hộ chung cư tại The Meridian,0.08,70-90 m²,6-8 tỷ,16.0544,108.2022
"Hà Nội, Hai Bà Trưng, Căn hộ chung cư tại Vincom Center Bà Triệu",161.0,6.0,10.0,Không xác định,Không xác định,3.0,3.0,Không xác định,Không xác định,30.0,29,Hà Nội,Hai Bà Trưng,Căn hộ chung cư tại Vincom Center Bà Triệu,0.19,>90 m²,>10 tỷ,21.0285,105.8542
"Hà Nội, Hai Bà Trưng, Căn hộ chung cư tại Hoàng Thành Tower",125.0,6.0,10.0,Không xác định,Không xác định,3.0,2.0,Không xác định,Không xác định,18.37,29,Hà Nội,Hai Bà Trưng,Căn hộ chung cư tại Hoàng Thành Tower,0.15,>90 m²,>10 tỷ,21.0285,105.8542
"Hải Phòng, Hồng Bàng, Căn hộ chung cư tại Gem Park Hải Phòng",50.0,6.0,10.0,Không xác định,Không xác định,2.0,1.0,Không xác định,Không xác định,1.96,29,Hải Phòng,Hồng Bàng,Căn hộ chung cư tại Gem Park Hải Phòng,0.04,30-50 m²,<4 tỷ,20.8449,106.6881
"Thái Nguyên, Thái Nguyên, Căn hộ chung cư tại Tecco Elite City",72.0,6.0,10.0,Không xác định,Không xác định,2.0,2.0,Đã có sổ,Cơ bản,2.47,29,Thái Nguyên,Thái Nguyên,Căn hộ chung cư tại Tecco Elite City,0.03,70-90 m²,<4 tỷ,21.5928,105.8442
"Hồ Chí Minh, Thủ Đức, Căn hộ chung cư tại Moonlight Avenue",70.15,6.0,10.0,Đông - Nam,Tây - Bắc,2.0,2.0,Không xác định,Cơ bản,4.48,29,Hồ Chí Minh,Thủ Đức,Căn hộ chung cư tại Moonlight Avenue,0.06,70-90 m²,4-6 tỷ,10.7769,106.7009
"Hà Nội, Long Biên, Căn hộ chung cư tại Vinhomes Symphony Riverside",115.0,6.0,10.0,Tây - Bắc,Đông - Nam,3.0,4.0,Đã có sổ,Đầy đủ,16.5,29,Hà Nội,Long Biên,Căn hộ chung cư tại Vinhomes Symphony Riverside,0.14,>90 m²,>10 tỷ,21.0285,105.8542
"Phú Thọ, Việt Trì, Căn hộ chung cư tại xã Thụy Vân",54.0,6.0,10.0,Đông - Nam,Tây - Bắc,2.0,1.0,Không xác định,Đầy đủ,1.1,29,Phú Thọ,Việt Trì,Căn hộ chung cư tại xã Thụy Vân,0.02,50-70 m²,<4 tỷ,21.3167,105.2167
"Hà Nội, Nam Từ Liêm, Căn hộ chung cư tại MHD Trung Văn",92.0,6.0,10.0,Đông - Bắc,Tây - Bắc,3.0,2.0,Đã có sổ,Không xác định,8.77,25,Hà Nội,Nam Từ Liêm,Căn hộ chung cư tại MHD Trung Văn,0.1,>90 m²,8-10 tỷ,21.0285,105.8542
"Hồ Chí Minh, Quận 2, Căn hộ chung cư tại Lumiere Riverside",75.0,6.0,10.0,Tây - Nam,Đông - Bắc,1.0,2.0,Không xác định,Không xác định,13.2,27,Hồ Chí Minh,Quận 2,Căn hộ chung cư tại Lumiere Riverside,0.18,70-90 m²,>10 tỷ,10.7769,106.7009
"Hồ Chí Minh, Quận 7, Căn hộ chung cư tại Scenic Valley 2",99.0,6.0,10.0,Không xác định,Không xác định,2.0,2.0,Đã có sổ,Đầy đủ,8.7,29,Hồ Chí Minh,Quận 7,Căn hộ chung cư tại Scenic Valley 2,0.09,>90 m²,8-10 tỷ,10.7769,106.7009
"Hồ Chí Minh, Bình Chánh, Căn hộ chung cư tại Mizuki Park",86.0,6.0,10.0,Bắc,Nam,2.0,2.0,Đã có sổ,Cơ bản,5.5,29,Hồ Chí Minh,Bình Chánh,Căn hộ chung cư tại Mizuki Park,0.06,70-90 m²,4-6 tỷ,10.7769,106.7009
"Hồ Chí Minh, Quận 10, Căn hộ chung cư tại Chung Cư Nguyễn Kim",74.0,6.0,10.0,Đông - Nam,Đông - Nam,2.0,2.0,Đã có sổ,Không xác định,4.53,29,Hồ Chí Minh,Quận 10,Căn hộ chung cư tại Chung Cư Nguyễn Kim,0.06,70-90 m²,4-6 tỷ,10.7769,106.7009
"Hà Nội, Hoàng Mai, Căn hộ chung cư tại Vinhomes Times City - Park Hill",128.0,6.0,10.0,Không xác định,Không xác định,3.0,2.0,Đã có sổ,Không xác định,17.0,29,Hà Nội,Hoàng Mai,Căn hộ chung cư tại Vinhomes Times City - Park Hill,0.13,>90 m²,>10 tỷ,21.0285,105.8542
"Bình Dương, Dĩ An, Căn hộ chung cư tại Phú Đông SkyOne",52.0,6.0,10.0,Bắc,Đông - Bắc,3.0,2.0,Hợp đồng mua bán,Không xác định,2.45,8,Bình Dương,Dĩ An,Căn hộ chung cư tại Phú Đông SkyOne,0.05,50-70 m²,<4 tỷ,11.1604,106.6508
"Hồ Chí Minh, Thủ Đức, Căn hộ chung cư tại Opal Garden",71.0,6.0,10.0,Tây - Bắc,Đông - Nam,2.0,2.0,Đã có sổ,Không xác định,5.0,29,Hồ Chí Minh,Thủ Đức,Căn hộ chung cư tại Opal Garden,0.07,70-90 m²,4-6 tỷ,10.7769,106.7009
"Bình Dương, Thuận An, Căn hộ chung cư tại The Rivana",71.0,6.0,10.0,Tây - Bắc,Đông - Nam,2.0,2.0,Không xác định,Không xác định,0.04,29,Bình Dương,Thuận An,Căn hộ chung cư tại The Rivana,0.0,70-90 m²,<4 tỷ,11.1604,106.6508
"Hồ Chí Minh, Quận 7, Căn hộ chung cư tại Viva Plaza",62.0,6.0,10.0,Tây - Bắc,Đông - Nam,2.0,2.0,Hợp đồng mua bán,Đầy đủ,3.3,29,Hồ Chí Minh,Quận 7,Căn hộ chung cư tại Viva Plaza,0.05,50-70 m²,<4 tỷ,10.7769,106.7009
"Hồ Chí Minh, Quận 7, Căn hộ chung cư tại Viva Plaza",66.0,6.0,10.0,Tây - Bắc,Đông - Nam,2.0,2.0,Không xác định,Đầy đủ,3.85,29,Hồ Chí Minh,Quận 7,Căn hộ chung cư tại Viva Plaza,0.06,50-70 m²,<4 tỷ,10.7769,106.7009
"Hồ Chí Minh, Thủ Đức, Căn hộ chung cư tại 4S Riverside Garden Bình Triệu",213.0,6.0,10.0,Đông - Nam,Tây - Bắc,3.0,3.0,Đã có sổ,Đầy đủ,0.05,29,Hồ Chí Minh,Thủ Đức,Căn hộ chung cư tại 4S Riverside Garden Bình Triệu,0.0,>90 m²,<4 tỷ,10.7769,106.7009
"Hồ Chí Minh, Quận 2, Căn hộ chung cư tại Blue Sky Tower",61.0,6.0,10.0,Đông,Tây,2.0,2.0,Hợp đồng mua bán,Đầy đủ,2.45,29,Hồ Chí Minh,Quận 2,Căn hộ chung cư tại Blue Sky Tower,0.04,50-70 m²,<4 tỷ,10.7769,106.7009
"Bắc Giang, Bắc Giang, Căn hộ chung cư tại xã Tân Tiến",60.0,6.0,10.0,Không xác định,Không xác định,3.0,2.0,Không xác định,Không xác định,2.35,29,Bắc Giang,Bắc Giang,Căn hộ chung cư tại xã Tân Tiến,0.04,50-70 m²,<4 tỷ,21.2731,106.1946
"Hồ Chí Minh, Quận 2, Căn hộ chung cư tại Nexus Zone",82.4,6.0,10.0,Đông - Nam,Tây - Nam,2.0,2.0,Không xác định,Không xác định,12.67,29,Hồ Chí Minh,Quận 2,Căn hộ chung cư tại Nexus Zone,0.15,70-90 m²,>10 tỷ,10.7769,106.7009
"Hải Phòng, Hồng Bàng, Căn hộ chung cư tại Gem Park Hải Phòng",86.0,6.0,10.0,Không xác định,Không xác định,3.0,2.0,Không xác định,Không xác định,10.69,29,Hải Phòng,Hồng Bàng,Căn hộ chung cư tại Gem Park Hải Phòng,0.12,70-90 m²,>10 tỷ,20.8449,106.6881
"Hồ Chí Minh, Quận 7, Căn hộ chung cư tại Grand View",118.0,6.0,10.0,Đông - Nam,Không xác định,3.0,2.0,Đã có sổ,Đầy đủ,11.6,29,Hồ Chí Minh,Quận 7,Căn hộ chung cư tại Grand View,0.1,>90 m²,>10 tỷ,10.7769,106.7009
"Hồ Chí Minh, Quận 9, Căn hộ chung cư tại Vinhomes Grand Park",30.0,6.0,10.0,Tây - Bắc,Đông - Nam,1.0,1.0,Đã có sổ,Cơ bản,1.82,26,Hồ Chí Minh,Quận 9,Căn hộ chung cư tại Vinhomes Grand Park,0.06,<30 m²,<4 tỷ,10.7769,106.7009
"Hồ Chí Minh, Quận 9, Căn hộ chung cư tại The Beverly Solari - Vinhomes Grand Park",47.0,6.0,10.0,Không xác định,Không xác định,1.0,2.0,Hợp đồng mua bán,Không xác định,2.7,26,Hồ Chí Minh,Quận 9,Căn hộ chung cư tại The Beverly Solari - Vinhomes Grand Park,0.06,30-50 m²,<4 tỷ,10.7769,106.7009
"Hà Nội, Gia Lâm, Căn hộ chung cư tại The Paris - Vinhomes Ocean Park",74.5,6.0,10.0,Đông - Nam,Đông - Nam,3.0,2.0,Hợp đồng mua bán,Cơ bản,5.3,29,Hà Nội,Gia Lâm,Căn hộ chung cư tại The Paris - Vinhomes Ocean Park,0.07,70-90 m²,4-6 tỷ,21.0285,105.8542
"Hà Nội, Gia Lâm, Căn hộ chung cư tại The Zurich - Vinhomes Ocean Park",48.0,6.0,10.0,Đông - Bắc,Đông - Bắc,3.0,2.0,Hợp đồng mua bán,Cơ bản,3.65,29,Hà Nội,Gia Lâm,Căn hộ chung cư tại The Zurich - Vinhomes Ocean Park,0.08,30-50 m²,<4 tỷ,21.0285,105.8542
"Hưng Yên, Văn Giang, Căn hộ chung cư tại The Parkland - Imperia Ocean City",58.3,6.0,10.0,Tây - Bắc,Tây - Bắc,2.0,2.0,Hợp đồng mua bán,Cơ bản,3.3,29,Hưng Yên,Văn Giang,Căn hộ chung cư tại The Parkland - Imperia Ocean City,0.06,50-70 m²,<4 tỷ,20.6464,106.0511
"Hà Nội, Gia Lâm, Căn hộ chung cư tại The London - Vinhomes Ocean Park",65.0,6.0,10.0,Tây - Nam,Tây - Nam,2.0,2.0,Hợp đồng mua bán,Cơ bản,4.18,29,Hà Nội,Gia Lâm,Căn hộ chung cư tại The London - Vinhomes Ocean Park,0.06,50-70 m²,4-6 tỷ,21.0285,105.8542
"Hà Nội, Nam Từ Liêm, Căn hộ chung cư tại Lumi Elite",210.0,6.0,10.0,Đông - Nam,Đông - Nam,4.0,4.0,Đã có sổ,Đầy đủ,22.0,29,Hà Nội,Nam Từ Liêm,Căn hộ chung cư tại Lumi Elite,0.1,>90 m²,>10 tỷ,21.0285,105.8542
"Hà Nội, Tây Hồ, Căn hộ chung cư tại D’. El Dorado II",69.0,6.0,10.0,Đông - Nam,Bắc,2.0,2.0,Không xác định,Không xác định,8.8,29,Hà Nội,Tây Hồ,Căn hộ chung cư tại D’. El Dorado II,0.13,50-70 m²,8-10 tỷ,21.0285,105.8542
"Bình Dương, Thuận An, Căn hộ chung cư tại Ben Hill",57.0,6.0,10.0,Không xác định,Bắc,3.0,2.0,Không xác định,Không xác định,2.14,23,Bình Dương,Thuận An,Căn hộ chung cư tại Ben Hill,0.04,50-70 m²,<4 tỷ,11.1604,106.6508
"Hà Nội, Cầu Giấy, Căn hộ chung cư tại Thăng Long Number One",112.0,6.0,10.0,Bắc,Đông - Nam,3.0,2.0,Đã có sổ,Đầy đủ,9.0,29,Hà Nội,Cầu Giấy,Căn hộ chung cư tại Thăng Long Number One,0.08,>90 m²,8-10 tỷ,21.0285,105.8542
"Hải Phòng, Hồng Bàng, Căn hộ chung cư tại Gem Park Hải Phòng",57.0,6.0,10.0,Không xác định,Không xác định,2.0,2.0,Không xác định,Không xác định,7.09,29,Hải Phòng,Hồng Bàng,Căn hộ chung cư tại Gem Park Hải Phòng,0.12,50-70 m²,6-8 tỷ,20.8449,106.6881
"Hưng Yên, Văn Giang, Căn hộ chung cư tại The Parkland - Imperia Ocean City",58.0,6.0,10.0,Tây - Nam,Đông - Bắc,2.0,2.0,Hợp đồng mua bán,Cơ bản,3.2,29,Hưng Yên,Văn Giang,Căn hộ chung cư tại The Parkland - Imperia Ocean City,0.06,50-70 m²,<4 tỷ,20.6464,106.0511
"Hà Nội, Bắc Từ Liêm, Căn hộ chung cư tại Goldmark City",135.0,6.0,10.0,Tây - Nam,Đông - Bắc,3.0,2.0,Đã có sổ,Đầy đủ,9.5,23,Hà Nội,Bắc Từ Liêm,Căn hộ chung cư tại Goldmark City,0.07,>90 m²,8-10 tỷ,21.0285,105.8542
"Quảng Ninh, Quảng Yên, Căn hộ chung cư tại Vinhomes Global Gate Hạ Long",28.0,6.0,10.0,Đông - Nam,Đông - Nam,1.0,1.0,Đã có sổ,Cơ bản,1.9,29,Quảng Ninh,Quảng Yên,Căn hộ chung cư tại Vinhomes Global Gate Hạ Long,0.07,<30 m²,<4 tỷ,21.0069,107.2925
"Long An, Đức Hòa, Căn hộ chung cư tại The Win City",65.0,6.0,10.0,Không xác định,Không xác định,2.0,2.0,Đã có sổ,Đầy đủ,1.75,29,Long An,Đức Hòa,Căn hộ chung cư tại The Win City,0.03,50-70 m²,<4 tỷ,10.536,106.4099
"Hà Nội, Nam Từ Liêm, Căn hộ chung cư tại Hausman Premium Residences",63.4,6.0,10.0,Tây - Bắc,Đông - Nam,2.0,2.0,Đã có sổ,Đầy đủ,5.5,23,Hà Nội,Nam Từ Liêm,Căn hộ chung cư tại Hausman Premium Residences,0.09,50-70 m²,4-6 tỷ,21.0285,105.8542
"Bình Dương, Dĩ An, Căn hộ chung cư tại Phú Đông SkyOne",56.0,6.0,10.0,Bắc,Đông - Bắc,2.0,1.0,Hợp đồng mua bán,Không xác định,2.15,11,Bình Dương,Dĩ An,Căn hộ chung cư tại Phú Đông SkyOne,0.04,50-70 m²,<4 tỷ,11.1604,106.6508
"Hà Nội, Cầu Giấy, Căn hộ chung cư tại Chung cư 30T Nam Trung Yên",56.0,6.0,10.0,Đông - Bắc,Tây - Nam,2.0,1.0,Đã có sổ,Đầy đủ,5.3,29,Hà Nội,Cầu Giấy,Căn hộ chung cư tại Chung cư 30T Nam Trung Yên,0.09,50-70 m²,4-6 tỷ,21.0285,105.8542
"Hà Nội, Cầu Giấy, Căn hộ chung cư tại Bamboo Airways Tower",123.0,6.0,10.0,Không xác định,Không xác định,3.0,2.0,Đã có sổ,Đầy đủ,12.0,29,Hà Nội,Cầu Giấy,Căn hộ chung cư tại Bamboo Airways Tower,0.1,>90 m²,>10 tỷ,21.0285,105.8542
"Hà Nội, Nam Từ Liêm, Căn hộ chung cư tại The Sun Mễ Trì",96.0,6.0,10.0,Tây - Nam,Đông - Bắc,3.0,2.0,Đã có sổ,Đầy đủ,9.3,29,Hà Nội,Nam Từ Liêm,Căn hộ chung cư tại The Sun Mễ Trì,0.1,>90 m²,8-10 tỷ,21.0285,105.8542
"Hưng Yên, Văn Giang, Căn hộ chung cư tại Haven Park Residences",58.0,6.0,10.0,Không xác định,Không xác định,2.0,2.0,Đã có sổ,Đầy đủ,4.05,29,Hưng Yên,Văn Giang,Căn hộ chung cư tại Haven Park Residences,0.07,50-70 m²,4-6 tỷ,20.6464,106.0511
"Hồ Chí Minh, Quận 1, Căn hộ chung cư tại Vinhomes Golden River Ba Son",74.0,6.0,10.0,Đông - Bắc,Tây - Nam,2.0,2.0,Đã có sổ,Không xác định,21.5,29,Hồ Chí Minh,Quận 1,Căn hộ chung cư tại Vinhomes Golden River Ba Son,0.29,70-90 m²,>10 tỷ,10.7769,106.7009
"Hà Nội, Hoài Đức, Căn hộ chung cư tại Chung cư The Wisteria",100.0,6.0,10.0,Không xác định,Không xác định,3.0,3.0,Đã có sổ,Đầy đủ,7.6,29,Hà Nội,Hoài Đức,Căn hộ chung cư tại Chung cư The Wisteria,0.08,>90 m²,6-8 tỷ,21.0285,105.8542
"Hà Nội, Hoài Đức, Căn hộ chung cư tại Chung cư The Wisteria",115.0,6.0,10.0,Không xác định,Không xác định,3.0,3.0,Đã có sổ,Đầy đủ,7.9,29,Hà Nội,Hoài Đức,Căn hộ chung cư tại Chung cư The Wisteria,0.07,>90 m²,6-8 tỷ,21.0285,105.8542
"Hà Nội, Ba Đình, Căn hộ chung cư tại The Nelson Private Residences",106.0,6.0,10.0,Không xác định,Không xác định,3.0,2.0,Đã có sổ,Đầy đủ,21.5,29,Hà Nội,Ba Đình,Căn hộ chung cư tại The Nelson Private Residences,0.2,>90 m²,>10 tỷ,21.0285,105.8542
"Hồ Chí Minh, Quận 1, Căn hộ chung cư tại Vinhomes Golden River Ba Son",50.0,6.0,10.0,Không xác định,Không xác định,1.0,1.0,Không xác định,Đầy đủ,9.3,29,Hồ Chí Minh,Quận 1,Căn hộ chung cư tại Vinhomes Golden River Ba Son,0.19,30-50 m²,8-10 tỷ,10.7769,106.7009
"Hồ Chí Minh, Quận 1, Căn hộ chung cư tại Vinhomes Golden River Ba Son",79.0,6.0,10.0,Không xác định,Không xác định,2.0,2.0,Đã có sổ,Đầy đủ,24.0,29,Hồ Chí Minh,Quận 1,Căn hộ chung cư tại Vinhomes Golden River Ba Son,0.3,70-90 m²,>10 tỷ,10.7769,106.7009
"Hồ Chí Minh, Quận 1, Căn hộ chung cư tại Vinhomes Golden River Ba Son",50.0,6.0,10.0,Không xác định,Không xác định,1.0,1.0,Hợp đồng mua bán,Đầy đủ,8.6,29,Hồ Chí Minh,Quận 1,Căn hộ chung cư tại Vinhomes Golden River Ba Son,0.17,30-50 m²,8-10 tỷ,10.7769,106.7009
"Hà Nội, Hà Đông, Căn hộ chung cư tại The Vista Văn La",65.0,6.0,10.0,Đông - Nam,Tây - Bắc,2.0,2.0,Hợp đồng mua bán,Cơ bản,5.6,29,Hà Nội,Hà Đông,Căn hộ chung cư tại The Vista Văn La,0.09,50-70 m²,4-6 tỷ,21.0285,105.8542
"Hà Nội, Nam Từ Liêm, Căn hộ chung cư tại Vinhomes West Point",72.0,6.0,10.0,Đông - Bắc,Tây - Nam,2.0,2.0,Đã có sổ,Không xác định,7.5,29,Hà Nội,Nam Từ Liêm,Căn hộ chung cư tại Vinhomes West Point,0.1,70-90 m²,6-8 tỷ,21.0285,105.8542
"Hồ Chí Minh, Bình Tân, Căn hộ chung cư tại Chung cư Lê Thành",68.0,6.0,10.0,Bắc,Bắc,3.0,2.0,Đã có sổ,Cơ bản,2.75,29,Hồ Chí Minh,Bình Tân,Căn hộ chung cư tại Chung cư Lê Thành,0.04,50-70 m²,<4 tỷ,10.7769,106.7009
"Hà Nam, Phủ Lý, Căn hộ chung cư tại Park Residence",78.0,6.0,10.0,Không xác định,Tây,2.0,1.0,Không xác định,Không xác định,1.84,29,Hà Nam,Phủ Lý,Căn hộ chung cư tại Park Residence,0.02,70-90 m²,<4 tỷ,20.5453,105.9126
"Hà Nội, Hoài Đức, Căn hộ chung cư tại Chung cư The Wisteria",83.0,6.0,10.0,Không xác định,Không xác định,2.0,2.0,Không xác định,Không xác định,6.15,29,Hà Nội,Hoài Đức,Căn hộ chung cư tại Chung cư The Wisteria,0.07,70-90 m²,6-8 tỷ,21.0285,105.8542
"Hà Nội, Hoài Đức, Căn hộ chung cư tại Chung cư The Wisteria",138.0,6.0,10.0,Không xác định,Không xác định,3.0,2.0,Không xác định,Không xác định,8.0,29,Hà Nội,Hoài Đức,Căn hộ chung cư tại Chung cư The Wisteria,0.06,>90 m²,6-8 tỷ,21.0285,105.8542
"Hà Nội, Hoài Đức, Căn hộ chung cư tại Chung cư The Wisteria",142.0,6.0,10.0,Không xác định,Không xác định,3.0,2.0,Không xác định,Không xác định,9.0,29,Hà Nội,Hoài Đức,Căn hộ chung cư tại Chung cư The Wisteria,0.06,>90 m²,8-10 tỷ,21.0285,105.8542
"Hồ Chí Minh, Bình Tân, Căn hộ chung cư tại Tecco Town Bình Tân",62.7,6.0,10.0,Đông - Nam,Không xác định,2.0,2.0,Đã có sổ,Không xác định,2.48,29,Hồ Chí Minh,Bình Tân,Căn hộ chung cư tại Tecco Town Bình Tân,0.04,50-70 m²,<4 tỷ,10.7769,106.7009
"Hải Phòng, Hải An, Căn hộ chung cư tại Happy Home Tràng Cát",30.0,6.0,10.0,Đông - Bắc,Tây - Nam,1.0,1.0,Đã có sổ,Cơ bản,0.69,25,Hải Phòng,Hải An,Căn hộ chung cư tại Happy Home Tràng Cát,0.02,<30 m²,<4 tỷ,20.8449,106.6881
"Bình Dương, Thủ Dầu Một, Căn hộ chung cư tại K Home New City",45.0,6.0,10.0,Không xác định,Không xác định,1.0,1.0,Không xác định,Đầy đủ,1.05,30,Bình Dương,Thủ Dầu Một,Căn hộ chung cư tại K Home New City,0.02,30-50 m²,<4 tỷ,11.1604,106.6508
"Đồng Nai, Biên Hòa, Căn hộ chung cư tại K-Home Cityview",70.0,6.0,10.0,Không xác định,Không xác định,2.0,2.0,Không xác định,Đầy đủ,3.22,30,Đồng Nai,Biên Hòa,Căn hộ chung cư tại K-Home Cityview,0.05,50-70 m²,<4 tỷ,10.9454,106.8248
"Hồ Chí Minh, Tân Phú, Căn hộ chung cư tại Chung cư Khang Phú",77.0,6.0,10.0,Tây - Nam,Đông - Bắc,2.0,2.0,Đã có sổ,Đầy đủ,3.8,30,Hồ Chí Minh,Tân Phú,Căn hộ chung cư tại Chung cư Khang Phú,0.05,70-90 m²,<4 tỷ,10.7769,106.7009
"Hà Nội, Bắc Từ Liêm, Căn hộ chung cư tại TMC Smart Home",74.0,6.0,10.0,Không xác định,Không xác định,3.0,2.0,Không xác định,Không xác định,8.0,24,Hà Nội,Bắc Từ Liêm,Căn hộ chung cư tại TMC Smart Home,0.11,70-90 m²,6-8 tỷ,21.0285,105.8542
"Hồ Chí Minh, Quận 2, Căn hộ chung cư tại Waterina Suites",164.0,6.0,10.0,Không xác định,Không xác định,3.0,3.0,Đã có sổ,Đầy đủ,16.5,30,Hồ Chí Minh,Quận 2,Căn hộ chung cư tại Waterina Suites,0.1,>90 m²,>10 tỷ,10.7769,106.7009
"Hồ Chí Minh, Bình Tân, Căn hộ chung cư tại Moonlight Boulevard",66.0,6.0,10.0,Bắc,Nam,2.0,2.0,Hợp đồng mua bán,Đầy đủ,3.65,29,Hồ Chí Minh,Bình Tân,Căn hộ chung cư tại Moonlight Boulevard,0.06,50-70 m²,<4 tỷ,10.7769,106.7009
"Long An, Bến Lức, Căn hộ chung cư tại Destino Centro",52.0,6.0,10.0,Tây - Nam,Đông - Bắc,3.0,2.0,Hợp đồng mua bán,Không xác định,1.5,29,Long An,Bến Lức,Căn hộ chung cư tại Destino Centro,0.03,50-70 m²,<4 tỷ,10.536,106.4099
"Hồ Chí Minh, Quận 7, Căn hộ chung cư tại Happy Valley",87.0,6.0,10.0,Không xác định,Không xác định,2.0,2.0,Đã có sổ,Cơ bản,7.89,24,Hồ Chí Minh,Quận 7,Căn hộ chung cư tại Happy Valley,0.09,70-90 m²,6-8 tỷ,10.7769,106.7009
"Hồ Chí Minh, Quận 2, Căn hộ chung cư tại Gladia by The Water",72.0,6.0,10.0,Không xác định,Không xác định,2.0,2.0,Đã có sổ,Cơ bản,6.5,15,Hồ Chí Minh,Quận 2,Căn hộ chung cư tại Gladia by The Water,0.09,70-90 m²,6-8 tỷ,10.7769,106.7009
"Hà Nội, Cầu Giấy, Căn hộ chung cư tại Khu đô thị Nam Trung Yên",69.0,6.0,10.0,Không xác định,Không xác định,2.0,2.0,Đã có sổ,Đầy đủ,6.4,29,Hà Nội,Cầu Giấy,Căn hộ chung cư tại Khu đô thị Nam Trung Yên,0.09,50-70 m²,6-8 tỷ,21.0285,105.8542
"Hà Nội, Cầu Giấy, Căn hộ chung cư tại Khu đô thị Trung Hòa - Nhân Chính",68.0,6.0,10.0,Không xác định,Không xác định,2.0,2.0,Đã có sổ,Đầy đủ,6.75,29,Hà Nội,Cầu Giấy,Căn hộ chung cư tại Khu đô thị Trung Hòa - Nhân Chính,0.1,50-70 m²,6-8 tỷ,21.0285,105.8542
"Hà Nội, Thanh Xuân, Căn hộ chung cư tại Khu đô thị 54 Hạ Đình",50.0,6.0,10.0,Không xác định,Không xác định,2.0,1.0,Đã có sổ,Đầy đủ,4.6,29,Hà Nội,Thanh Xuân,Căn hộ chung cư tại Khu đô thị 54 Hạ Đình,0.09,30-50 m²,4-6 tỷ,21.0285,105.8542
"Hà Nội, Thanh Xuân, Căn hộ chung cư tại Toà nhà Cowaelmic",70.0,6.0,10.0,Không xác định,Không xác định,3.0,2.0,Đã có sổ,Đầy đủ,6.85,29,Hà Nội,Thanh Xuân,Căn hộ chung cư tại Toà nhà Cowaelmic,0.1,50-70 m²,6-8 tỷ,21.0285,105.8542
"Đà Nẵng, Cẩm Lệ, Căn hộ chung cư tại Cora Tower",54.0,6.0,10.0,Đông - Nam,Tây - Bắc,2.0,1.0,Không xác định,Cơ bản,3.55,29,Đà Nẵng,Cẩm Lệ,Căn hộ chung cư tại Cora Tower,0.07,50-70 m²,<4 tỷ,16.0544,108.2022
"Bình Dương, Dĩ An, Căn hộ chung cư tại Phú Đông SkyOne",55.3,6.0,10.0,Không xác định,Tây - Nam,1.0,1.0,Không xác định,Cơ bản,2.5,29,Bình Dương,Dĩ An,Căn hộ chung cư tại Phú Đông SkyOne,0.05,50-70 m²,<4 tỷ,11.1604,106.6508
"Hồ Chí Minh, Quận 2, Căn hộ chung cư tại Eaton Park",382.0,6.0,10.0,Không xác định,Không xác định,3.0,5.0,Hợp đồng mua bán,Không xác định,85.0,29,Hồ Chí Minh,Quận 2,Căn hộ chung cư tại Eaton Park,0.22,>90 m²,>10 tỷ,10.7769,106.7009
"Hưng Yên, Văn Giang, Căn hộ chung cư tại The Parkland - Imperia Ocean City",87.86,6.0,10.0,Không xác định,Không xác định,3.0,2.0,Không xác định,Đầy đủ,4.52,23,Hưng Yên,Văn Giang,Căn hộ chung cư tại The Parkland - Imperia Ocean City,0.05,70-90 m²,4-6 tỷ,20.6464,106.0511
"Hà Nội, Nam Từ Liêm, Căn hộ chung cư tại Vinhomes Smart City",62.0,6.0,10.0,Tây - Bắc,Đông - Nam,2.0,2.0,Hợp đồng mua bán,Cơ bản,5.0,29,Hà Nội,Nam Từ Liêm,Căn hộ chung cư tại Vinhomes Smart City,0.08,50-70 m²,4-6 tỷ,21.0285,105.8542
"Bình Dương, Dĩ An, Căn hộ chung cư tại Opal Boulevard",85.0,6.0,10.0,Đông - Bắc,Tây - Nam,2.0,2.0,Đã có sổ,Đầy đủ,3.4,24,Bình Dương,Dĩ An,Căn hộ chung cư tại Opal Boulevard,0.04,70-90 m²,<4 tỷ,11.1604,106.6508
"Đà Nẵng, Ngũ Hành Sơn, Căn hộ chung cư tại FourS Tower",45.0,6.0,10.0,Không xác định,Không xác định,1.0,1.0,Đã có sổ,Không xác định,3.0,30,Đà Nẵng,Ngũ Hành Sơn,Căn hộ chung cư tại FourS Tower,0.07,30-50 m²,<4 tỷ,16.0544,108.2022
"Hà Nội, Nam Từ Liêm, Căn hộ chung cư tại Startup Tower",84.2,6.0,10.0,Không xác định,Không xác định,3.0,2.0,Đã có sổ,Đầy đủ,5.5,30,Hà Nội,Nam Từ Liêm,Căn hộ chung cư tại Startup Tower,0.07,70-90 m²,4-6 tỷ,21.0285,105.8542
"Hà Nội, Hà Đông, Căn hộ chung cư tại Chung cư cao cấp CT5 Văn Khê",150.9,6.0,10.0,Không xác định,Không xác định,4.0,2.0,Đã có sổ,Đầy đủ,7.2,30,Hà Nội,Hà Đông,Căn hộ chung cư tại Chung cư cao cấp CT5 Văn Khê,0.05,>90 m²,6-8 tỷ,21.0285,105.8542
"Hà Nội, Hà Đông, Căn hộ chung cư tại Khu đô thị mới Xa La",101.7,6.0,10.0,Không xác định,Không xác định,3.0,2.0,Đã có sổ,Đầy đủ,6.0,30,Hà Nội,Hà Đông,Căn hộ chung cư tại Khu đô thị mới Xa La,0.06,>90 m²,4-6 tỷ,21.0285,105.8542
"Hà Nội, Gia Lâm, Căn hộ chung cư tại The Zenpark",86.3,6.0,10.0,Không xác định,Tây - Nam,3.0,2.0,Đã có sổ,Đầy đủ,7.0,30,Hà Nội,Gia Lâm,Căn hộ chung cư tại The Zenpark,0.08,70-90 m²,6-8 tỷ,21.0285,105.8542
"Hưng Yên, Văn Giang, Căn hộ chung cư tại Lumiere SpringBay",65.0,6.0,10.0,Không xác định,Không xác định,3.0,2.0,Không xác định,Không xác định,6.97,30,Hưng Yên,Văn Giang,Căn hộ chung cư tại Lumiere SpringBay,0.11,50-70 m²,6-8 tỷ,20.6464,106.0511
"Đà Nẵng, Liên Chiểu, Căn hộ chung cư tại Ecolife Signature",85.0,6.0,10.0,Không xác định,Không xác định,3.0,3.0,Đã có sổ,Không xác định,3.0,30,Đà Nẵng,Liên Chiểu,Căn hộ chung cư tại Ecolife Signature,0.04,70-90 m²,<4 tỷ,16.0544,108.2022
"Bình Dương, Thủ Dầu Một, Căn hộ chung cư tại Biconsi Tower",86.0,6.0,10.0,Không xác định,Không xác định,3.0,2.0,Đã có sổ,Đầy đủ,3.0,30,Bình Dương,Thủ Dầu Một,Căn hộ chung cư tại Biconsi Tower,0.03,70-90 m²,<4 tỷ,11.1604,106.6508
"Bình Dương, Thủ Dầu Một, Căn hộ chung cư tại Khu dân cư Hiệp Thành III",36.9,6.0,10.0,Không xác định,Không xác định,1.0,1.0,Đã có sổ,Đầy đủ,1.0,30,Bình Dương,Thủ Dầu Một,Căn hộ chung cư tại Khu dân cư Hiệp Thành III,0.03,30-50 m²,<4 tỷ,11.1604,106.6508
"Bình Dương, Thuận An, Căn hộ chung cư tại A&T Saigon Riverside",65.0,6.0,10.0,Tây - Bắc,Đông - Nam,2.0,2.0,Hợp đồng mua bán,Cơ bản,3.38,27,Bình Dương,Thuận An,Căn hộ chung cư tại A&T Saigon Riverside,0.05,50-70 m²,<4 tỷ,11.1604,106.6508
"Bình Dương, Dĩ An, Căn hộ chung cư tại Opal Boulevard",85.0,6.0,10.0,Không xác định,Không xác định,2.0,2.0,Đã có sổ,Đầy đủ,3.4,25,Bình Dương,Dĩ An,Căn hộ chung cư tại Opal Boulevard,0.04,70-90 m²,<4 tỷ,11.1604,106.6508
"Hà Nội, Bắc Từ Liêm, Căn hộ chung cư tại Sunshine River Park",86.0,6.0,10.0,Không xác định,Không xác định,3.0,2.0,Không xác định,Không xác định,13.2,30,Hà Nội,Bắc Từ Liêm,Căn hộ chung cư tại Sunshine River Park,0.15,70-90 m²,>10 tỷ,21.0285,105.8542
"Hà Nội, Đông Anh, Căn hộ chung cư tại Masteri Grand Avenue",30.0,6.0,10.0,Nam,Đông - Nam,1.0,1.0,Hợp đồng mua bán,Đầy đủ,5.83,30,Hà Nội,Đông Anh,Căn hộ chung cư tại Masteri Grand Avenue,0.19,<30 m²,4-6 tỷ,21.0285,105.8542
"Bình Dương, Dĩ An, Căn hộ chung cư tại Bcons Garden",42.7,6.0,10.0,Nam,Nam,2.0,1.0,Đã có sổ,Không xác định,1.79,30,Bình Dương,Dĩ An,Căn hộ chung cư tại Bcons Garden,0.04,30-50 m²,<4 tỷ,11.1604,106.6508
"Bình Dương, Dĩ An, Căn hộ chung cư tại Bcons Plaza",52.0,6.0,10.0,Không xác định,Không xác định,2.0,2.0,Đã có sổ,Không xác định,2.25,30,Bình Dương,Dĩ An,Căn hộ chung cư tại Bcons Plaza,0.04,50-70 m²,<4 tỷ,11.1604,106.6508
"Hà Nội, Nam Từ Liêm, Căn hộ chung cư tại Mỹ Đình Pearl",49.6,6.0,10.0,Tây - Bắc,Đông - Nam,1.0,1.0,Đã có sổ,Đầy đủ,5.1,30,Hà Nội,Nam Từ Liêm,Căn hộ chung cư tại Mỹ Đình Pearl,0.1,30-50 m²,4-6 tỷ,21.0285,105.8542
"Hà Nội, Hoàng Mai, Căn hộ chung cư tại Tây Nam Hồ Linh Đàm",51.0,6.0,10.0,Không xác định,Không xác định,2.0,2.0,Đã có sổ,Đầy đủ,9.06,30,Hà Nội,Hoàng Mai,Căn hộ chung cư tại Tây Nam Hồ Linh Đàm,0.18,50-70 m²,8-10 tỷ,21.0285,105.8542
"Đà Nẵng, Cẩm Lệ, Căn hộ chung cư tại Spana Tower",49.4,6.0,10.0,Đông - Bắc,Tây - Nam,2.0,1.0,Đã có sổ,Cơ bản,3.36,15,Đà Nẵng,Cẩm Lệ,Căn hộ chung cư tại Spana Tower,0.07,30-50 m²,<4 tỷ,16.0544,108.2022
"Hà Nội, Thanh Trì, Căn hộ chung cư tại xã Tân Triều",78.2,6.0,10.0,Đông - Nam,Tây - Bắc,2.0,2.0,Đã có sổ,Đầy đủ,4.58,29,Hà Nội,Thanh Trì,Căn hộ chung cư tại xã Tân Triều,0.06,70-90 m²,4-6 tỷ,21.0285,105.8542
"Hà Nội, Hoàng Mai, Căn hộ chung cư tại New Horizon City - 87 Lĩnh Nam",93.4,6.0,10.0,Tây - Bắc,Đông - Nam,3.0,2.0,Đã có sổ,Đầy đủ,8.3,30,Hà Nội,Hoàng Mai,Căn hộ chung cư tại New Horizon City - 87 Lĩnh Nam,0.09,>90 m²,8-10 tỷ,21.0285,105.8542
"Hồ Chí Minh, Quận 9, Căn hộ chung cư tại Chung cư MT Eastmark City",65.0,6.0,10.0,Đông - Nam,Đông - Nam,2.0,1.0,Đã có sổ,Cơ bản,3.0,24,Hồ Chí Minh,Quận 9,Căn hộ chung cư tại Chung cư MT Eastmark City,0.05,50-70 m²,<4 tỷ,10.7769,106.7009
"Hồ Chí Minh, Quận 2, Căn hộ chung cư tại Xi Riverview Palace",185.0,6.0,10.0,Không xác định,Không xác định,3.0,3.0,Không xác định,Không xác định,26.0,30,Hồ Chí Minh,Quận 2,Căn hộ chung cư tại Xi Riverview Palace,0.14,>90 m²,>10 tỷ,10.7769,106.7009
"Hà Nội, Cầu Giấy, Căn hộ chung cư tại D22 Bộ Tư Lệnh Biên Phòng",64.19,6.0,10.0,Không xác định,Không xác định,2.0,1.0,Đã có sổ,Đầy đủ,5.8,30,Hà Nội,Cầu Giấy,Căn hộ chung cư tại D22 Bộ Tư Lệnh Biên Phòng,0.09,50-70 m²,4-6 tỷ,21.0285,105.8542
"Bình Định, Quy Nhơn, Căn hộ chung cư tại đường Hoàng Văn Thụ",66.0,6.0,10.0,Không xác định,Không xác định,2.0,2.0,Đã có sổ,Đầy đủ,2.3,30,Bình Định,Quy Nhơn,Căn hộ chung cư tại đường Hoàng Văn Thụ,0.03,50-70 m²,<4 tỷ,13.782,109.2194
"Bình Dương, Dĩ An, Căn hộ chung cư tại Phú Đông SkyOne",56.0,6.0,10.0,Đông - Bắc,Đông - Bắc,3.0,2.0,Hợp đồng mua bán,Không xác định,2.15,6,Bình Dương,Dĩ An,Căn hộ chung cư tại Phú Đông SkyOne,0.04,50-70 m²,<4 tỷ,11.1604,106.6508
"Hồ Chí Minh, Quận 2, Căn hộ chung cư tại Xi Riverview Palace",185.0,6.0,10.0,Không xác định,Không xác định,3.0,2.0,Không xác định,Không xác định,26.0,30,Hồ Chí Minh,Quận 2,Căn hộ chung cư tại Xi Riverview Palace,0.14,>90 m²,>10 tỷ,10.7769,106.7009
"Hà Nội, Hoàn Kiếm, Căn hộ chung cư tại The Grand Hà Nội",190.0,6.0,10.0,Không xác định,Không xác định,3.0,2.0,Không xác định,Đầy đủ,169.0,30,Hà Nội,Hoàn Kiếm,Căn hộ chung cư tại The Grand Hà Nội,0.89,>90 m²,>10 tỷ,21.0285,105.8542
"Bà Rịa Vũng Tàu, Vũng Tàu, Căn hộ chung cư tại Beacon Tower",35.6,6.0,10.0,Tây - Bắc,Đông - Nam,3.0,1.0,Hợp đồng mua bán,Cơ bản,3.2,30,Bà Rịa Vũng Tàu,Vũng Tàu,Căn hộ chung cư tại Beacon Tower,0.09,30-50 m²,<4 tỷ,10.4114,107.1362
"Hà Nội, Nam Từ Liêm, Căn hộ chung cư tại Iconia Lakeside",68.0,6.0,10.0,Không xác định,Không xác định,2.0,2.0,Đã có sổ,Đầy đủ,6.9,30,Hà Nội,Nam Từ Liêm,Căn hộ chung cư tại Iconia Lakeside,0.1,50-70 m²,6-8 tỷ,21.0285,105.8542
"Bình Dương, Dĩ An, Căn hộ chung cư tại TT AVIO",56.0,6.0,10.0,Không xác định,Không xác định,2.0,1.0,Không xác định,Cơ bản,2.4,30,Bình Dương,Dĩ An,Căn hộ chung cư tại TT AVIO,0.04,50-70 m²,<4 tỷ,11.1604,106.6508
"Hải Phòng, Kiến An, Căn hộ chung cư tại The Zenith Hải Phòng",66.2,6.0,10.0,Đông - Nam,Không xác định,2.0,2.0,Đã có sổ,Cơ bản,2.5,11,Hải Phòng,Kiến An,Căn hộ chung cư tại The Zenith Hải Phòng,0.04,50-70 m²,<4 tỷ,20.8449,106.6881
"Hải Phòng, Kiến An, Căn hộ chung cư tại The Zenith Hải Phòng",66.0,6.0,10.0,Đông - Nam,Không xác định,2.0,2.0,Đã có sổ,Không xác định,0.04,24,Hải Phòng,Kiến An,Căn hộ chung cư tại The Zenith Hải Phòng,0.0,50-70 m²,<4 tỷ,20.8449,106.6881
"Hà Nội, Hoài Đức, Căn hộ chung cư tại Chung cư The Wisteria",184.0,6.0,10.0,Không xác định,Không xác định,3.0,4.0,Không xác định,Không xác định,12.9,30,Hà Nội,Hoài Đức,Căn hộ chung cư tại Chung cư The Wisteria,0.07,>90 m²,>10 tỷ,21.0285,105.8542
"Hồ Chí Minh, Quận 8, Căn hộ chung cư tại The Pegasuite",68.0,6.0,10.0,Không xác định,Không xác định,2.0,2.0,Đã có sổ,Đầy đủ,4.35,30,Hồ Chí Minh,Quận 8,Căn hộ chung cư tại The Pegasuite,0.06,50-70 m²,4-6 tỷ,10.7769,106.7009
"Khánh Hòa, Nha Trang, Căn hộ chung cư tại Napoleon Castle I",56.0,6.0,10.0,Không xác định,Không xác định,2.0,1.0,Không xác định,Đầy đủ,2.4,30,Khánh Hòa,Nha Trang,Căn hộ chung cư tại Napoleon Castle I,0.04,50-70 m²,<4 tỷ,12.2388,109.1967
"Hải Phòng, Hải An, Căn hộ chung cư tại Happy Home Tràng Cát",58.0,6.0,10.0,Không xác định,Không xác định,2.0,2.0,Đã có sổ,Cơ bản,1.2,24,Hải Phòng,Hải An,Căn hộ chung cư tại Happy Home Tràng Cát,0.02,50-70 m²,<4 tỷ,20.8449,106.6881
"Bà Rịa Vũng Tàu, Vũng Tàu, Căn hộ chung cư tại Blanca City",79.8,6.0,10.0,Không xác định,Không xác định,2.0,2.0,Hợp đồng mua bán,Không xác định,4.8,30,Bà Rịa Vũng Tàu,Vũng Tàu,Căn hộ chung cư tại Blanca City,0.06,70-90 m²,4-6 tỷ,10.4114,107.1362
"Hưng Yên, Văn Giang, Căn hộ chung cư tại Alluvia City",81.0,6.0,10.0,Không xác định,Không xác định,2.0,2.0,Đã có sổ,Không xác định,8.69,30,Hưng Yên,Văn Giang,Căn hộ chung cư tại Alluvia City,0.11,70-90 m²,8-10 tỷ,20.6464,106.0511
"Hồ Chí Minh, Nhà Bè, Căn hộ chung cư tại Orchid Park",75.0,6.0,10.0,Không xác định,Không xác định,2.0,2.0,Đã có sổ,Đầy đủ,2.98,11,Hồ Chí Minh,Nhà Bè,Căn hộ chung cư tại Orchid Park,0.04,70-90 m²,<4 tỷ,10.7769,106.7009
"Khánh Hòa, Nha Trang, Căn hộ chung cư tại Virgo Nha Trang",59.0,6.0,10.0,Không xác định,Không xác định,3.0,2.0,Không xác định,Không xác định,5.8,30,Khánh Hòa,Nha Trang,Căn hộ chung cư tại Virgo Nha Trang,0.1,50-70 m²,4-6 tỷ,12.2388,109.1967
"Hà Nội, Cầu Giấy, Căn hộ chung cư tại Chelsea Residences",106.0,6.0,10.0,Không xác định,Không xác định,3.0,2.0,Đã có sổ,Đầy đủ,13.0,30,Hà Nội,Cầu Giấy,Căn hộ chung cư tại Chelsea Residences,0.12,>90 m²,>10 tỷ,21.0285,105.8542
"Hồ Chí Minh, Quận 2, Căn hộ chung cư tại Eaton Park",55.0,6.0,10.0,Đông - Bắc,Tây - Nam,1.0,1.0,Hợp đồng mua bán,Không xác định,8.6,30,Hồ Chí Minh,Quận 2,Căn hộ chung cư tại Eaton Park,0.16,50-70 m²,8-10 tỷ,10.7769,106.7009
"Hải Dương, Hải Dương, Căn hộ chung cư tại Khu dân cư Tân Phú Hưng",74.6,6.0,10.0,Nam,Bắc,3.0,2.0,Hợp đồng mua bán,Cơ bản,2.38,30,Hải Dương,Hải Dương,Căn hộ chung cư tại Khu dân cư Tân Phú Hưng,0.03,70-90 m²,<4 tỷ,20.9374,106.3146
"Hồ Chí Minh, Quận 2, Căn hộ chung cư tại Xi Riverview Palace",145.0,6.0,10.0,Không xác định,Không xác định,3.0,3.0,Không xác định,Không xác định,17.4,30,Hồ Chí Minh,Quận 2,Căn hộ chung cư tại Xi Riverview Palace,0.12,>90 m²,>10 tỷ,10.7769,106.7009
"Hà Nội, Cầu Giấy, Căn hộ chung cư tại Mipec Rubik 360",83.6,6.0,10.0,Bắc,Đông - Nam,3.0,2.0,Đã có sổ,Đầy đủ,11.29,30,Hà Nội,Cầu Giấy,Căn hộ chung cư tại Mipec Rubik 360,0.14,70-90 m²,>10 tỷ,21.0285,105.8542
"Quảng Ninh, Hạ Long, Căn hộ chung cư tại The Dragon Castle",91.0,6.0,10.0,Tây,Đông,3.0,2.0,Hợp đồng mua bán,Đầy đủ,3.25,30,Quảng Ninh,Hạ Long,Căn hộ chung cư tại The Dragon Castle,0.04,>90 m²,<4 tỷ,21.0069,107.2925
"Hưng Yên, Văn Giang, Căn hộ chung cư tại Alumi - Alluvia City",50.0,6.0,10.0,Bắc,Bắc,1.0,1.0,Hợp đồng mua bán,Cơ bản,3.26,30,Hưng Yên,Văn Giang,Căn hộ chung cư tại Alumi - Alluvia City,0.07,30-50 m²,<4 tỷ,20.6464,106.0511
"Hưng Yên, Văn Giang, Căn hộ chung cư tại Sol Forest Ecopark",53.0,6.0,10.0,Đông - Bắc,Tây - Nam,2.0,1.0,Đã có sổ,Đầy đủ,3.69,30,Hưng Yên,Văn Giang,Căn hộ chung cư tại Sol Forest Ecopark,0.07,50-70 m²,<4 tỷ,20.6464,106.0511
"Bình Định, Quy Nhơn, Căn hộ chung cư tại Altara Residences",62.0,6.0,10.0,Đông,Tây - Bắc,3.0,2.0,Đã có sổ,Cơ bản,2.1,30,Bình Định,Quy Nhơn,Căn hộ chung cư tại Altara Residences,0.03,50-70 m²,<4 tỷ,13.782,109.2194
"Quảng Ninh, Hạ Long, Căn hộ chung cư tại SGO We City Hạ Long",41.0,6.0,10.0,Nam,Không xác định,1.0,2.0,Đã có sổ,Cơ bản,0.02,30,Quảng Ninh,Hạ Long,Căn hộ chung cư tại SGO We City Hạ Long,0.0,30-50 m²,<4 tỷ,21.0069,107.2925
"Hà Nội, Thanh Xuân, Căn hộ chung cư tại Hanoi Seasons Garden",131.0,6.0,10.0,Đông - Nam,Không xác định,4.0,2.0,Đã có sổ,Đầy đủ,15.4,30,Hà Nội,Thanh Xuân,Căn hộ chung cư tại Hanoi Seasons Garden,0.12,>90 m²,>10 tỷ,21.0285,105.8542
"Hà Nội, Hoàng Mai, Căn hộ chung cư tại đường Trần Thủ Độ",81.5,6.0,10.0,Nam,Tây - Nam,2.0,2.0,Đã có sổ,Đầy đủ,7.0,30,Hà Nội,Hoàng Mai,Căn hộ chung cư tại đường Trần Thủ Độ,0.09,70-90 m²,6-8 tỷ,21.0285,105.8542
"Bình Dương, Thuận An, Căn hộ chung cư tại Monrei Saigon",67.0,6.0,10.0,Tây - Bắc,Đông - Nam,2.0,2.0,Hợp đồng mua bán,Cơ bản,2.81,30,Bình Dương,Thuận An,Căn hộ chung cư tại Monrei Saigon,0.04,50-70 m²,<4 tỷ,11.1604,106.6508
"Hà Nam, Phủ Lý, Căn hộ chung cư tại Sun Urban City",68.0,6.0,10.0,Không xác định,Không xác định,3.0,2.0,Đã có sổ,Không xác định,1.58,30,Hà Nam,Phủ Lý,Căn hộ chung cư tại Sun Urban City,0.02,50-70 m²,<4 tỷ,20.5453,105.9126
"Hà Nội, Hoàng Mai, Căn hộ chung cư tại Rivea Residences",70.0,6.0,10.0,Không xác định,Không xác định,3.0,2.0,Không xác định,Không xác định,0.12,1,Hà Nội,Hoàng Mai,Căn hộ chung cư tại Rivea Residences,0.0,50-70 m²,<4 tỷ,21.0285,105.8542
"Hồ Chí Minh, Quận 7, Căn hộ chung cư tại The Peak Garden",65.3,6.0,10.0,Tây,Đông,2.0,2.0,Hợp đồng mua bán,Không xác định,5.3,30,Hồ Chí Minh,Quận 7,Căn hộ chung cư tại The Peak Garden,0.08,50-70 m²,4-6 tỷ,10.7769,106.7009
"Hà Nội, Bắc Từ Liêm, Căn hộ chung cư tại N01-T6 Ngoại Giao Đoàn",107.0,6.0,10.0,Không xác định,Không xác định,3.0,2.0,Đã có sổ,Đầy đủ,19.5,30,Hà Nội,Bắc Từ Liêm,Căn hộ chung cư tại N01-T6 Ngoại Giao Đoàn,0.18,>90 m²,>10 tỷ,21.0285,105.8542
"Hà Nội, Đống Đa, Căn hộ chung cư tại Chung cư B4 - B14 Kim Liên",181.0,6.0,10.0,Không xác định,Không xác định,4.0,3.0,Đã có sổ,Đầy đủ,17.0,30,Hà Nội,Đống Đa,Căn hộ chung cư tại Chung cư B4 - B14 Kim Liên,0.09,>90 m²,>10 tỷ,21.0285,105.8542
"Hà Nội, Thanh Trì, Căn hộ chung cư tại Khu đô thị mới Đại Thanh",46.0,6.0,10.0,Không xác định,Không xác định,1.0,1.0,Đã có sổ,Đầy đủ,3.0,30,Hà Nội,Thanh Trì,Căn hộ chung cư tại Khu đô thị mới Đại Thanh,0.07,30-50 m²,<4 tỷ,21.0285,105.8542
"Hà Nội, Thanh Xuân, Căn hộ chung cư tại Hanoi Seasons Garden",77.0,6.0,10.0,Đông - Bắc,Tây - Nam,2.0,2.0,Đã có sổ,Đầy đủ,12.22,30,Hà Nội,Thanh Xuân,Căn hộ chung cư tại Hanoi Seasons Garden,0.16,70-90 m²,>10 tỷ,21.0285,105.8542
"Hồ Chí Minh, Quận 1, Căn hộ chung cư tại One Central Saigon",85.0,6.0,10.0,Không xác định,Không xác định,2.0,2.0,Không xác định,Không xác định,55.61,30,Hồ Chí Minh,Quận 1,Căn hộ chung cư tại One Central Saigon,0.65,70-90 m²,>10 tỷ,10.7769,106.7009
"Hà Nội, Tây Hồ, Căn hộ chung cư tại Starlake The Prime",113.15,6.0,10.0,Không xác định,Không xác định,3.0,2.0,Hợp đồng mua bán,Đầy đủ,24.9,30,Hà Nội,Tây Hồ,Căn hộ chung cư tại Starlake The Prime,0.22,>90 m²,>10 tỷ,21.0285,105.8542
"Hà Nội, Cầu Giấy, Căn hộ chung cư tại Thăng Long Number One",106.0,6.0,10.0,Tây - Bắc,Đông - Nam,3.0,2.0,Đã có sổ,Đầy đủ,31.81,30,Hà Nội,Cầu Giấy,Căn hộ chung cư tại Thăng Long Number One,0.3,>90 m²,>10 tỷ,21.0285,105.8542
"Hồ Chí Minh, Quận 2, Căn hộ chung cư tại Thu Thiem Zeit River",97.0,6.0,10.0,Tây,Đông - Nam,2.0,2.0,Hợp đồng mua bán,Cơ bản,22.0,30,Hồ Chí Minh,Quận 2,Căn hộ chung cư tại Thu Thiem Zeit River,0.23,>90 m²,>10 tỷ,10.7769,106.7009
"Hà Nội, Bắc Từ Liêm, Căn hộ chung cư tại TMC Smart Home",87.0,6.0,10.0,Không xác định,Không xác định,3.0,2.0,Không xác định,Đầy đủ,9.5,30,Hà Nội,Bắc Từ Liêm,Căn hộ chung cư tại TMC Smart Home,0.11,70-90 m²,8-10 tỷ,21.0285,105.8542
"Hà Nội, Nam Từ Liêm, Căn hộ chung cư tại FLC Complex 36 Phạm Hùng",70.0,6.0,10.0,Không xác định,Không xác định,2.0,2.0,Đã có sổ,Đầy đủ,6.5,30,Hà Nội,Nam Từ Liêm,Căn hộ chung cư tại FLC Complex 36 Phạm Hùng,0.09,50-70 m²,6-8 tỷ,21.0285,105.8542
"Hồ Chí Minh, Quận 2, Căn hộ chung cư tại Citi Esto",54.0,6.0,10.0,Không xác định,Không xác định,2.0,2.0,Đã có sổ,Đầy đủ,2.98,30,Hồ Chí Minh,Quận 2,Căn hộ chung cư tại Citi Esto,0.06,50-70 m²,<4 tỷ,10.7769,106.7009
"Bình Định, Quy Nhơn, Căn hộ chung cư tại TMS Luxury Hotel & Residences",45.7,6.0,10.0,Tây - Nam,Đông - Bắc,1.0,1.0,Đã có sổ,Đầy đủ,0.03,30,Bình Định,Quy Nhơn,Căn hộ chung cư tại TMS Luxury Hotel & Residences,0.0,30-50 m²,<4 tỷ,13.782,109.2194
"Hồ Chí Minh, Quận 2, Căn hộ chung cư tại The Galleria Residence",106.0,6.0,10.0,Đông - Bắc,Tây - Nam,3.0,2.0,Hợp đồng mua bán,Đầy đủ,45.0,30,Hồ Chí Minh,Quận 2,Căn hộ chung cư tại The Galleria Residence,0.42,>90 m²,>10 tỷ,10.7769,106.7009
"Đà Nẵng, Cẩm Lệ, Căn hộ chung cư tại S-Light Tower",49.0,6.0,10.0,Không xác định,Không xác định,3.0,2.0,Không xác định,Không xác định,4.0,23,Đà Nẵng,Cẩm Lệ,Căn hộ chung cư tại S-Light Tower,0.08,30-50 m²,<4 tỷ,16.0544,108.2022
"Khánh Hòa, Nha Trang, Căn hộ chung cư tại Chung cư CT3 Vĩnh Điềm Trung",75.0,6.0,10.0,Đông,Tây,2.0,2.0,Đã có sổ,Đầy đủ,3.89,25,Khánh Hòa,Nha Trang,Căn hộ chung cư tại Chung cư CT3 Vĩnh Điềm Trung,0.05,70-90 m²,<4 tỷ,12.2388,109.1967
"Long An, Bến Lức, Căn hộ chung cư tại Destino Centro",52.0,6.0,10.0,Nam,Đông - Nam,2.0,2.0,Hợp đồng mua bán,Cơ bản,2.0,4,Long An,Bến Lức,Căn hộ chung cư tại Destino Centro,0.04,50-70 m²,<4 tỷ,10.536,106.4099
"Đà Nẵng, Cẩm Lệ, Căn hộ chung cư tại S-Light Tower",57.6,6.0,10.0,Đông - Nam,Đông - Nam,2.0,1.0,Không xác định,Không xác định,3.8,25,Đà Nẵng,Cẩm Lệ,Căn hộ chung cư tại S-Light Tower,0.07,50-70 m²,<4 tỷ,16.0544,108.2022
"Đà Nẵng, Cẩm Lệ, Căn hộ chung cư tại Cora Tower",53.2,6.0,10.0,Đông - Nam,Đông - Nam,2.0,1.0,Không xác định,Cơ bản,3.1,25,Đà Nẵng,Cẩm Lệ,Căn hộ chung cư tại Cora Tower,0.06,50-70 m²,<4 tỷ,16.0544,108.2022
"Bình Dương, Thuận An, Căn hộ chung cư tại Stown Gateway",50.15,6.0,10.0,Nam,Không xác định,2.0,1.0,Hợp đồng mua bán,Cơ bản,2.0,23,Bình Dương,Thuận An,Căn hộ chung cư tại Stown Gateway,0.04,50-70 m²,<4 tỷ,11.1604,106.6508
"Hà Nội, Hoàng Mai, Căn hộ chung cư tại Rivea Residences",235.0,6.0,10.0,Đông - Bắc,Đông - Nam,4.0,4.0,Đã có sổ,Đầy đủ,26.0,25,Hà Nội,Hoàng Mai,Căn hộ chung cư tại Rivea Residences,0.11,>90 m²,>10 tỷ,21.0285,105.8542
"Hà Nội, Hà Đông, Căn hộ chung cư tại The Vista Văn La",70.75,6.0,10.0,Tây - Bắc,Đông - Nam,2.0,2.0,Không xác định,Không xác định,5.96,25,Hà Nội,Hà Đông,Căn hộ chung cư tại The Vista Văn La,0.08,70-90 m²,4-6 tỷ,21.0285,105.8542
"Hà Nội, Bắc Từ Liêm, Căn hộ chung cư tại Ecohome 3",68.0,6.0,10.0,Không xác định,Không xác định,3.0,2.0,Đã có sổ,Đầy đủ,5.85,27,Hà Nội,Bắc Từ Liêm,Căn hộ chung cư tại Ecohome 3,0.09,50-70 m²,4-6 tỷ,21.0285,105.8542
"Hồ Chí Minh, Quận 7, Căn hộ chung cư tại Happy Valley",87.0,6.0,10.0,Không xác định,Không xác định,2.0,2.0,Đã có sổ,Cơ bản,7.8,26,Hồ Chí Minh,Quận 7,Căn hộ chung cư tại Happy Valley,0.09,70-90 m²,6-8 tỷ,10.7769,106.7009
"Hồ Chí Minh, Quận 9, Căn hộ chung cư tại Chung cư Elysian",68.0,6.0,10.0,Không xác định,Không xác định,2.0,2.0,Hợp đồng mua bán,Cơ bản,4.9,25,Hồ Chí Minh,Quận 9,Căn hộ chung cư tại Chung cư Elysian,0.07,50-70 m²,4-6 tỷ,10.7769,106.7009
"Hà Nam, Phủ Lý, Căn hộ chung cư tại Park Residence",70.0,6.0,10.0,Không xác định,Không xác định,2.0,1.0,Đã có sổ,Không xác định,1.7,26,Hà Nam,Phủ Lý,Căn hộ chung cư tại Park Residence,0.02,50-70 m²,<4 tỷ,20.5453,105.9126
"Hồ Chí Minh, Quận 1, Căn hộ chung cư tại Vinhomes Golden River Ba Son",72.0,6.0,10.0,Không xác định,Không xác định,2.0,2.0,Hợp đồng mua bán,Không xác định,13.5,23,Hồ Chí Minh,Quận 1,Căn hộ chung cư tại Vinhomes Golden River Ba Son,0.19,70-90 m²,>10 tỷ,10.7769,106.7009
"Hà Nội, Gia Lâm, Căn hộ chung cư tại The Zurich - Vinhomes Ocean Park",42.0,6.0,10.0,Đông - Bắc,Đông - Bắc,1.0,1.0,Hợp đồng mua bán,Cơ bản,2.77,24,Hà Nội,Gia Lâm,Căn hộ chung cư tại The Zurich - Vinhomes Ocean Park,0.07,30-50 m²,<4 tỷ,21.0285,105.8542
"Hồ Chí Minh, Tân Phú, Căn hộ chung cư tại Diamond Alnata Plus - Celadon City",195.0,6.0,10.0,Không xác định,Không xác định,4.0,2.0,Hợp đồng mua bán,Cơ bản,10.5,26,Hồ Chí Minh,Tân Phú,Căn hộ chung cư tại Diamond Alnata Plus - Celadon City,0.05,>90 m²,>10 tỷ,10.7769,106.7009
"Hồ Chí Minh, Tân Phú, Căn hộ chung cư tại Diamond Centery",266.0,6.0,10.0,Không xác định,Không xác định,4.0,4.0,Hợp đồng mua bán,Không xác định,25.1,25,Hồ Chí Minh,Tân Phú,Căn hộ chung cư tại Diamond Centery,0.09,>90 m²,>10 tỷ,10.7769,106.7009
"Đà Nẵng, Cẩm Lệ, Căn hộ chung cư tại S-Light Tower",33.3,6.0,10.0,Không xác định,Không xác định,1.0,1.0,Không xác định,Không xác định,2.06,24,Đà Nẵng,Cẩm Lệ,Căn hộ chung cư tại S-Light Tower,0.06,30-50 m²,<4 tỷ,16.0544,108.2022
"Đà Nẵng, Cẩm Lệ, Căn hộ chung cư tại S-Light Tower",95.0,6.0,10.0,Đông - Nam,Đông - Bắc,3.0,2.0,Không xác định,Cơ bản,5.88,27,Đà Nẵng,Cẩm Lệ,Căn hộ chung cư tại S-Light Tower,0.06,>90 m²,4-6 tỷ,16.0544,108.2022
"Hồ Chí Minh, Quận 9, Căn hộ chung cư tại Vinhomes Grand Park",59.0,6.0,10.0,Tây - Bắc,Đông - Nam,2.0,2.0,Đã có sổ,Cơ bản,2.7,26,Hồ Chí Minh,Quận 9,Căn hộ chung cư tại Vinhomes Grand Park,0.05,50-70 m²,<4 tỷ,10.7769,106.7009
"Hà Nội, Hoài Đức, Căn hộ chung cư tại Chung cư The Wisteria",83.0,6.0,10.0,Đông - Bắc,Tây - Nam,2.0,2.0,Đã có sổ,Không xác định,5.9,24,Hà Nội,Hoài Đức,Căn hộ chung cư tại Chung cư The Wisteria,0.07,70-90 m²,4-6 tỷ,21.0285,105.8542
"Hồ Chí Minh, Nhà Bè, Căn hộ chung cư tại Sunrise Riverside",71.0,6.0,10.0,Không xác định,Không xác định,2.0,2.0,Đã có sổ,Đầy đủ,5.5,30,Hồ Chí Minh,Nhà Bè,Căn hộ chung cư tại Sunrise Riverside,0.08,70-90 m²,4-6 tỷ,10.7769,106.7009
"Hà Nội, Nam Từ Liêm, Căn hộ chung cư tại phố Trần Bình",67.0,6.0,10.0,Không xác định,Không xác định,2.0,2.0,Đã có sổ,Cơ bản,6.0,24,Hà Nội,Nam Từ Liêm,Căn hộ chung cư tại phố Trần Bình,0.09,50-70 m²,4-6 tỷ,21.0285,105.8542
"Hưng Yên, Văn Giang, Căn hộ chung cư tại Khu đô thị Ecopark",87.36,6.0,10.0,Đông - Bắc,Tây - Nam,3.0,2.0,Đã có sổ,Đầy đủ,9.37,30,Hưng Yên,Văn Giang,Căn hộ chung cư tại Khu đô thị Ecopark,0.11,70-90 m²,8-10 tỷ,20.6464,106.0511
"Hà Nội, Hai Bà Trưng, Căn hộ chung cư tại HDI Tower",105.0,6.0,10.0,Không xác định,Không xác định,3.0,2.0,Không xác định,Không xác định,15.43,29,Hà Nội,Hai Bà Trưng,Căn hộ chung cư tại HDI Tower,0.15,>90 m²,>10 tỷ,21.0285,105.8542
"Hồ Chí Minh, Quận 1, Căn hộ chung cư tại Vinhomes Golden River Ba Son",83.0,6.0,10.0,Tây - Nam,Đông - Bắc,2.0,2.0,Đã có sổ,Không xác định,16.5,23,Hồ Chí Minh,Quận 1,Căn hộ chung cư tại Vinhomes Golden River Ba Son,0.2,70-90 m²,>10 tỷ,10.7769,106.7009
"Hà Nội, Nam Từ Liêm, Chung cư mini, căn hộ dịch vụ tại đường Mễ Trì Hạ",52.0,6.0,10.0,Không xác định,Không xác định,2.0,1.0,Đã có sổ,Đầy đủ,2.1,16,Hà Nội,Nam Từ Liêm,"Chung cư mini, căn hộ dịch vụ tại đường Mễ Trì Hạ",0.04,50-70 m²,<4 tỷ,21.0285,105.8542
"Hà Nội, Nam Từ Liêm, Chung cư mini, căn hộ dịch vụ tại phường Cầu Diễn",36.0,6.0,10.0,Không xác định,Không xác định,1.0,1.0,Đã có sổ,Đầy đủ,1.5,5,Hà Nội,Nam Từ Liêm,"Chung cư mini, căn hộ dịch vụ tại phường Cầu Diễn",0.04,30-50 m²,<4 tỷ,21.0285,105.8542
"Hà Nội, Đống Đa, Chung cư mini, căn hộ dịch vụ tại đường Đông Tác",25.0,6.0,10.0,Không xác định,Không xác định,1.0,1.0,Đã có sổ,Đầy đủ,1.0,24,Hà Nội,Đống Đa,"Chung cư mini, căn hộ dịch vụ tại đường Đông Tác",0.04,<30 m²,<4 tỷ,21.0285,105.8542
"Hà Nội, Bắc Từ Liêm, Nhà riêng tại đường Xuân Đỉnh",42.0,6.0,10.0,Không xác định,Không xác định,3.0,2.0,Đã có sổ,Không xác định,12.7,3,Hà Nội,Bắc Từ Liêm,Nhà riêng tại đường Xuân Đỉnh,0.3,30-50 m²,>10 tỷ,21.0285,105.8542
"Hồ Chí Minh, Bình Thạnh, Nhà riêng tại đường Xô Viết Nghệ Tĩnh",74.0,3.7,4.0,Nam,Nam,4.0,4.0,Đã có sổ,Cơ bản,10.3,3,Hồ Chí Minh,Bình Thạnh,Nhà riêng tại đường Xô Viết Nghệ Tĩnh,0.14,70-90 m²,>10 tỷ,10.7769,106.7009
"Hà Nội, Cầu Giấy, Nhà riêng tại đường Nguyễn Đình Hoàn",40.0,4.3,3.5,Không xác định,Không xác định,3.0,5.0,Đã có sổ,Cơ bản,18.0,3,Hà Nội,Cầu Giấy,Nhà riêng tại đường Nguyễn Đình Hoàn,0.45,30-50 m²,>10 tỷ,21.0285,105.8542
"Quảng Ninh, Vân Đồn, Nhà riêng tại xã Quan Lạn",130.0,6.0,10.0,Đông - Bắc,Không xác định,7.0,2.0,Đã có sổ,Đầy đủ,10.0,3,Quảng Ninh,Vân Đồn,Nhà riêng tại xã Quan Lạn,0.08,>90 m²,8-10 tỷ,21.0069,107.2925
"Hồ Chí Minh, Thủ Đức, Nhà riêng tại đường Hiệp Bình",48.0,4.0,5.0,Không xác định,Không xác định,4.0,4.0,Đã có sổ,Đầy đủ,3.99,3,Hồ Chí Minh,Thủ Đức,Nhà riêng tại đường Hiệp Bình,0.08,30-50 m²,<4 tỷ,10.7769,106.7009
"Hồ Chí Minh, Thủ Đức, Nhà riêng tại đường Số 2",56.0,4.0,5.0,Không xác định,Không xác định,3.0,2.0,Đã có sổ,Cơ bản,3.99,3,Hồ Chí Minh,Thủ Đức,Nhà riêng tại đường Số 2,0.07,50-70 m²,<4 tỷ,10.7769,106.7009
"Hồ Chí Minh, Thủ Đức, Nhà riêng tại đường Võ Văn Ngân",48.0,4.0,5.0,Không xác định,Không xác định,3.0,2.0,Đã có sổ,Cơ bản,3.89,3,Hồ Chí Minh,Thủ Đức,Nhà riêng tại đường Võ Văn Ngân,0.08,30-50 m²,<4 tỷ,10.7769,106.7009
"Hồ Chí Minh, Gò Vấp, Nhà riêng tại đường Lê Đức Thọ",75.6,4.6,8.0,Không xác định,Không xác định,4.0,4.0,Đã có sổ,Đầy đủ,11.0,2,Hồ Chí Minh,Gò Vấp,Nhà riêng tại đường Lê Đức Thọ,0.15,70-90 m²,>10 tỷ,10.7769,106.7009
"Bến Tre, Bến Tre, Nhà riêng tại đường Nguyễn Đình Chiểu",206.2,9.0,3.5,Đông,Không xác định,3.0,2.0,Đã có sổ,Không xác định,2.6,2,Bến Tre,Bến Tre,Nhà riêng tại đường Nguyễn Đình Chiểu,0.01,>90 m²,<4 tỷ,10.2415,106.3758
"Hà Nội, Long Biên, Nhà riêng tại đường Ái Mộ",38.4,3.5,7.0,Tây - Nam,Tây - Nam,3.0,4.0,Đã có sổ,Không xác định,9.03,2,Hà Nội,Long Biên,Nhà riêng tại đường Ái Mộ,0.24,30-50 m²,8-10 tỷ,21.0285,105.8542
"Hà Nội, Bắc Từ Liêm, Nhà riêng tại đường Cổ Nhuế",31.0,3.3,10.0,Đông - Bắc,Đông,3.0,3.0,Đã có sổ,Đầy đủ,7.0,2,Hà Nội,Bắc Từ Liêm,Nhà riêng tại đường Cổ Nhuế,0.23,30-50 m²,6-8 tỷ,21.0285,105.8542
"Quảng Nam, Tam Kỳ, Nhà riêng tại đường Tiểu La",76.4,5.58,3.0,Không xác định,Không xác định,3.0,1.0,Đã có sổ,Không xác định,1.7,1,Quảng Nam,Tam Kỳ,Nhà riêng tại đường Tiểu La,0.02,70-90 m²,<4 tỷ,15.5667,108.4833
"Hồ Chí Minh, Quận 10, Nhà riêng tại đường Tô Hiến Thành",100.0,6.0,10.0,Không xác định,Không xác định,3.0,2.0,Đã có sổ,Không xác định,14.8,1,Hồ Chí Minh,Quận 10,Nhà riêng tại đường Tô Hiến Thành,0.15,>90 m²,>10 tỷ,10.7769,106.7009
"Bà Rịa Vũng Tàu, Vũng Tàu, Nhà riêng tại đường Phan Chu Trinh",100.0,9.0,4.0,Tây - Bắc,Tây - Bắc,2.0,3.0,Đã có sổ,Cơ bản,8.2,1,Bà Rịa Vũng Tàu,Vũng Tàu,Nhà riêng tại đường Phan Chu Trinh,0.08,>90 m²,8-10 tỷ,10.4114,107.1362
"Hồ Chí Minh, Bình Thạnh, Nhà riêng tại đường Chu Văn An",39.5,4.0,4.0,Không xác định,Không xác định,4.0,4.0,Đã có sổ,Không xác định,8.7,1,Hồ Chí Minh,Bình Thạnh,Nhà riêng tại đường Chu Văn An,0.22,30-50 m²,8-10 tỷ,10.7769,106.7009
"Hồ Chí Minh, Thủ Đức, Nhà riêng tại đường Đỗ Xuân Hợp",38.0,6.0,6.0,Không xác định,Không xác định,1.0,1.0,Không xác định,Không xác định,1.15,1,Hồ Chí Minh,Thủ Đức,Nhà riêng tại đường Đỗ Xuân Hợp,0.03,30-50 m²,<4 tỷ,10.7769,106.7009
"Hồ Chí Minh, Tân Bình, Nhà riêng tại đường Phạm Văn Bạch",50.0,3.5,8.0,Không xác định,Không xác định,3.0,3.0,Đã có sổ,Không xác định,7.6,5,Hồ Chí Minh,Tân Bình,Nhà riêng tại đường Phạm Văn Bạch,0.15,30-50 m²,6-8 tỷ,10.7769,106.7009
"Hồ Chí Minh, Quận 5, Nhà riêng tại đường Trần Phú",18.0,6.0,10.0,Không xác định,Không xác định,2.0,1.0,Đã có sổ,Không xác định,3.3,4,Hồ Chí Minh,Quận 5,Nhà riêng tại đường Trần Phú,0.18,<30 m²,<4 tỷ,10.7769,106.7009
"Khánh Hòa, Ninh Hòa, Nhà riêng tại xã Ninh Lộc",202.0,7.0,4.0,Không xác định,Không xác định,3.0,2.0,Đã có sổ,Không xác định,1.3,4,Khánh Hòa,Ninh Hòa,Nhà riêng tại xã Ninh Lộc,0.01,>90 m²,<4 tỷ,12.2388,109.1967
"Hà Nội, Tây Hồ, Nhà riêng tại đường Hoàng Hoa Thám",63.3,6.0,10.0,Tây - Nam,Không xác định,3.0,3.0,Đã có sổ,Không xác định,0.28,4,Hà Nội,Tây Hồ,Nhà riêng tại đường Hoàng Hoa Thám,0.0,50-70 m²,<4 tỷ,21.0285,105.8542
"Hồ Chí Minh, Quận 6, Nhà riêng tại đường Bình Tiên",15.3,3.0,2.0,Không xác định,Không xác định,2.0,1.0,Đã có sổ,Không xác định,1.8,4,Hồ Chí Minh,Quận 6,Nhà riêng tại đường Bình Tiên,0.12,<30 m²,<4 tỷ,10.7769,106.7009
"Khánh Hòa, Ninh Hòa, Nhà riêng tại xã Ninh Đông",385.0,17.0,5.0,Không xác định,Không xác định,3.0,2.0,Đã có sổ,Không xác định,3.15,4,Khánh Hòa,Ninh Hòa,Nhà riêng tại xã Ninh Đông,0.01,>90 m²,<4 tỷ,12.2388,109.1967
"Khánh Hòa, Nha Trang, Nhà riêng tại xã Vĩnh Ngọc",206.0,10.0,5.0,Không xác định,Không xác định,3.0,2.0,Đã có sổ,Không xác định,4.2,4,Khánh Hòa,Nha Trang,Nhà riêng tại xã Vĩnh Ngọc,0.02,>90 m²,4-6 tỷ,12.2388,109.1967
"Hồ Chí Minh, Thủ Đức, Nhà riêng tại đường 12",117.0,6.0,10.0,Không xác định,Không xác định,6.0,3.0,Đã có sổ,Không xác định,10.2,4,Hồ Chí Minh,Thủ Đức,Nhà riêng tại đường 12,0.09,>90 m²,>10 tỷ,10.7769,106.7009
"Hà Nội, Ba Đình, Nhà riêng tại đường Đội Cấn",105.7,6.0,10.0,Không xác định,Không xác định,3.0,2.0,Đã có sổ,Không xác định,31.0,4,Hà Nội,Ba Đình,Nhà riêng tại đường Đội Cấn,0.29,>90 m²,>10 tỷ,21.0285,105.8542
"Hà Nội, Gia Lâm, Nhà riêng tại đường Giáp Hải",234.0,14.0,3.0,Tây - Nam,Không xác định,4.0,4.0,Đã có sổ,Đầy đủ,30.42,3,Hà Nội,Gia Lâm,Nhà riêng tại đường Giáp Hải,0.13,>90 m²,>10 tỷ,21.0285,105.8542
"Hà Nội, Bắc Từ Liêm, Nhà riêng tại đường Phạm Văn Đồng",57.0,6.0,2.4,Không xác định,Không xác định,9.0,9.0,Đã có sổ,Đầy đủ,12.9,3,Hà Nội,Bắc Từ Liêm,Nhà riêng tại đường Phạm Văn Đồng,0.23,50-70 m²,>10 tỷ,21.0285,105.8542
"Hồ Chí Minh, Thủ Đức, Nhà riêng tại đường Võ Văn Hát",45.0,6.0,4.0,Đông - Nam,Đông - Nam,3.0,2.0,Đã có sổ,Không xác định,2.49,3,Hồ Chí Minh,Thủ Đức,Nhà riêng tại đường Võ Văn Hát,0.06,30-50 m²,<4 tỷ,10.7769,106.7009
"Hồ Chí Minh, Thủ Đức, Nhà riêng tại đường 8",52.0,4.0,6.0,Không xác định,Không xác định,4.0,5.0,Đã có sổ,Không xác định,6.5,3,Hồ Chí Minh,Thủ Đức,Nhà riêng tại đường 8,0.12,50-70 m²,6-8 tỷ,10.7769,106.7009
"Hồ Chí Minh, Bình Chánh, Nhà riêng tại đường Tân Liêm",200.0,6.2,10.0,Không xác định,Không xác định,8.0,8.0,Đã có sổ,Cơ bản,13.0,2,Hồ Chí Minh,Bình Chánh,Nhà riêng tại đường Tân Liêm,0.06,>90 m²,>10 tỷ,10.7769,106.7009
"Hà Nội, Cầu Giấy, Nhà riêng tại phường Quan Hoa",80.0,5.0,10.0,Không xác định,Không xác định,3.0,2.0,Đã có sổ,Không xác định,41.0,7,Hà Nội,Cầu Giấy,Nhà riêng tại phường Quan Hoa,0.51,70-90 m²,>10 tỷ,21.0285,105.8542
"Hà Nội, Long Biên, Nhà riêng tại đường Ngọc Lâm",126.3,6.0,10.0,Không xác định,Không xác định,3.0,2.0,Không xác định,Không xác định,50.52,7,Hà Nội,Long Biên,Nhà riêng tại đường Ngọc Lâm,0.4,>90 m²,>10 tỷ,21.0285,105.8542
"Hà Nội, Hai Bà Trưng, Nhà riêng tại phường Đồng Tâm",50.0,4.2,3.0,Không xác định,Không xác định,4.0,4.0,Đã có sổ,Cơ bản,13.7,3,Hà Nội,Hai Bà Trưng,Nhà riêng tại phường Đồng Tâm,0.27,30-50 m²,>10 tỷ,21.0285,105.8542
"Hồ Chí Minh, Bình Tân, Nhà riêng tại đường Số 6",48.0,4.0,4.0,Không xác định,Không xác định,3.0,2.0,Đã có sổ,Cơ bản,4.5,7,Hồ Chí Minh,Bình Tân,Nhà riêng tại đường Số 6,0.09,30-50 m²,4-6 tỷ,10.7769,106.7009
"Hồ Chí Minh, Quận 2, Nhà riêng tại phố Lương Định Của",140.0,6.0,10.0,Tây - Bắc,Không xác định,3.0,3.0,Không xác định,Đầy đủ,49.0,7,Hồ Chí Minh,Quận 2,Nhà riêng tại phố Lương Định Của,0.35,>90 m²,>10 tỷ,10.7769,106.7009
"Hồ Chí Minh, Quận 5, Nhà riêng tại đường Trần Hưng Đạo",100.0,6.0,10.0,Không xác định,Không xác định,4.0,4.0,Đã có sổ,Đầy đủ,14.8,10,Hồ Chí Minh,Quận 5,Nhà riêng tại đường Trần Hưng Đạo,0.15,>90 m²,>10 tỷ,10.7769,106.7009
"Hồ Chí Minh, Bình Chánh, Nhà riêng tại đường Tân Túc",175.0,4.0,4.0,Không xác định,Không xác định,2.0,2.0,Đã có sổ,Không xác định,6.5,10,Hồ Chí Minh,Bình Chánh,Nhà riêng tại đường Tân Túc,0.04,>90 m²,6-8 tỷ,10.7769,106.7009
"Hồ Chí Minh, Bình Chánh, Nhà riêng tại xã Lê Minh Xuân",1028.0,6.0,9.0,Không xác định,Không xác định,6.0,2.0,Đã có sổ,Không xác định,16.0,8,Hồ Chí Minh,Bình Chánh,Nhà riêng tại xã Lê Minh Xuân,0.02,>90 m²,>10 tỷ,10.7769,106.7009
"Hồ Chí Minh, Bình Tân, Nhà riêng tại đường Mã Lò",88.0,5.5,8.0,Tây - Bắc,Tây - Bắc,3.0,3.0,Đã có sổ,Đầy đủ,8.0,9,Hồ Chí Minh,Bình Tân,Nhà riêng tại đường Mã Lò,0.09,70-90 m²,6-8 tỷ,10.7769,106.7009
"Hồ Chí Minh, Quận 6, Nhà riêng tại đường 2F",86.0,5.0,20.0,Đông,Tây,7.0,8.0,Đã có sổ,Cơ bản,15.89,2,Hồ Chí Minh,Quận 6,Nhà riêng tại đường 2F,0.18,70-90 m²,>10 tỷ,10.7769,106.7009
"Hòa Bình, Hòa Bình, Nhà riêng tại phường Thịnh Lang",152.0,6.5,10.0,Đông - Nam,Đông - Nam,3.0,2.0,Đã có sổ,Không xác định,0.05,9,Hòa Bình,Hòa Bình,Nhà riêng tại phường Thịnh Lang,0.0,>90 m²,<4 tỷ,20.8133,105.3383
"Hà Nội, Thanh Xuân, Nhà riêng tại đường Nguyễn Trãi",95.0,5.8,9.0,Không xác định,Không xác định,6.0,7.0,Đã có sổ,Đầy đủ,47.8,9,Hà Nội,Thanh Xuân,Nhà riêng tại đường Nguyễn Trãi,0.5,>90 m²,>10 tỷ,21.0285,105.8542
"Hà Nội, Ba Đình, Nhà riêng tại đường Đội Cấn",400.0,12.0,4.0,Không xác định,Không xác định,6.0,6.0,Đã có sổ,Đầy đủ,120.0,9,Hà Nội,Ba Đình,Nhà riêng tại đường Đội Cấn,0.3,>90 m²,>10 tỷ,21.0285,105.8542
"Hà Nội, Hoàng Mai, Nhà riêng tại đường Nguyễn An Ninh",65.0,3.7,3.6,Không xác định,Không xác định,6.0,5.0,Đã có sổ,Cơ bản,17.1,7,Hà Nội,Hoàng Mai,Nhà riêng tại đường Nguyễn An Ninh,0.26,50-70 m²,>10 tỷ,21.0285,105.8542
"Hà Nội, Thanh Oai, Nhà riêng tại xã Cao Viên",36.0,6.0,10.0,Không xác định,Không xác định,3.0,2.0,Đã có sổ,Không xác định,3.8,12,Hà Nội,Thanh Oai,Nhà riêng tại xã Cao Viên,0.11,30-50 m²,<4 tỷ,21.0285,105.8542
"Thanh Hóa, Thanh Hóa, Nhà riêng tại đường Lê Lai",176.0,9.5,15.0,Đông - Nam,Đông - Nam,8.0,5.0,Đã có sổ,Đầy đủ,34.0,12,Thanh Hóa,Thanh Hóa,Nhà riêng tại đường Lê Lai,0.19,>90 m²,>10 tỷ,19.8067,105.7852
"Bình Thuận, La Gi, Nhà riêng tại phường Phước Hội",175.0,6.0,10.0,Đông - Bắc,Không xác định,3.0,2.0,Đã có sổ,Không xác định,1.6,6,Bình Thuận,La Gi,Nhà riêng tại phường Phước Hội,0.01,>90 m²,<4 tỷ,11.0904,108.0722
"Kiên Giang, Phú Quốc, Nhà riêng tại đường Mạc Cửu",152.2,5.1,4.0,Đông - Bắc,Đông - Bắc,4.0,1.0,Đã có sổ,Không xác định,4.0,12,Kiên Giang,Phú Quốc,Nhà riêng tại đường Mạc Cửu,0.03,>90 m²,<4 tỷ,10.0125,105.0809
"Hà Nội, Đống Đa, Nhà riêng tại đường Đê La Thành",32.0,5.0,3.0,Không xác định,Không xác định,4.0,5.0,Đã có sổ,Đầy đủ,10.8,10,Hà Nội,Đống Đa,Nhà riêng tại đường Đê La Thành,0.34,30-50 m²,>10 tỷ,21.0285,105.8542
"Hồ Chí Minh, Quận 10, Nhà riêng tại đường Đồng Nai",71.2,4.3,16.0,Không xác định,Không xác định,12.0,12.0,Đã có sổ,Đầy đủ,22.5,11,Hồ Chí Minh,Quận 10,Nhà riêng tại đường Đồng Nai,0.32,70-90 m²,>10 tỷ,10.7769,106.7009
"Hồ Chí Minh, Bình Thạnh, Nhà riêng tại đường Nguyễn Hữu Cảnh",112.0,4.0,8.0,Không xác định,Không xác định,2.0,2.0,Đã có sổ,Không xác định,25.0,4,Hồ Chí Minh,Bình Thạnh,Nhà riêng tại đường Nguyễn Hữu Cảnh,0.22,>90 m²,>10 tỷ,10.7769,106.7009
"Hồ Chí Minh, Bình Tân, Nhà riêng tại đường Số 8",50.0,6.0,6.0,Đông - Nam,Đông - Nam,4.0,4.0,Đã có sổ,Không xác định,5.4,11,Hồ Chí Minh,Bình Tân,Nhà riêng tại đường Số 8,0.11,30-50 m²,4-6 tỷ,10.7769,106.7009
"Hà Nội, Đống Đa, Nhà riêng tại phố Khâm Thiên",46.0,3.5,2.5,Không xác định,Không xác định,3.0,3.0,Đã có sổ,Đầy đủ,8.3,14,Hà Nội,Đống Đa,Nhà riêng tại phố Khâm Thiên,0.18,30-50 m²,8-10 tỷ,21.0285,105.8542
"Hà Nội, Thanh Xuân, Nhà riêng tại đường Vũ Trọng Phụng",76.0,6.0,10.0,Nam,Không xác định,21.0,21.0,Đã có sổ,Đầy đủ,22.5,14,Hà Nội,Thanh Xuân,Nhà riêng tại đường Vũ Trọng Phụng,0.3,70-90 m²,>10 tỷ,21.0285,105.8542
"Hà Nội, Đống Đa, Nhà riêng tại phố Chùa Bộc",105.0,5.2,10.0,Không xác định,Không xác định,14.0,15.0,Đã có sổ,Đầy đủ,36.0,17,Hà Nội,Đống Đa,Nhà riêng tại phố Chùa Bộc,0.34,>90 m²,>10 tỷ,21.0285,105.8542
"Hồ Chí Minh, Quận 8, Nhà riêng tại đường Ba Đình",217.1,6.0,10.0,Không xác định,Không xác định,3.0,2.0,Đã có sổ,Đầy đủ,33.0,17,Hồ Chí Minh,Quận 8,Nhà riêng tại đường Ba Đình,0.15,>90 m²,>10 tỷ,10.7769,106.7009
"Hà Nội, Đống Đa, Nhà riêng tại phố Thái Thịnh",53.9,3.33,1.5,Tây - Bắc,Không xác định,4.0,3.0,Đã có sổ,Đầy đủ,12.0,16,Hà Nội,Đống Đa,Nhà riêng tại phố Thái Thịnh,0.22,50-70 m²,>10 tỷ,21.0285,105.8542
"Hồ Chí Minh, Phú Nhuận, Nhà riêng tại đường Trần Kế Xương",36.8,4.0,15.0,Không xác định,Không xác định,3.0,3.0,Đã có sổ,Cơ bản,5.9,16,Hồ Chí Minh,Phú Nhuận,Nhà riêng tại đường Trần Kế Xương,0.16,30-50 m²,4-6 tỷ,10.7769,106.7009
"Hồ Chí Minh, Phú Nhuận, Nhà riêng tại đường Nguyễn Công Hoan",483.8,15.0,4.0,Không xác định,Không xác định,3.0,2.0,Đã có sổ,Không xác định,0.12,16,Hồ Chí Minh,Phú Nhuận,Nhà riêng tại đường Nguyễn Công Hoan,0.0,>90 m²,<4 tỷ,10.7769,106.7009
"Hồ Chí Minh, Quận 1, Nhà riêng tại đường Nguyễn Trãi",47.0,6.0,4.5,Không xác định,Không xác định,6.0,6.0,Đã có sổ,Đầy đủ,10.6,16,Hồ Chí Minh,Quận 1,Nhà riêng tại đường Nguyễn Trãi,0.23,30-50 m²,>10 tỷ,10.7769,106.7009
"Hồ Chí Minh, Phú Nhuận, Nhà riêng tại đường Huỳnh Văn Bánh",94.0,7.2,10.0,Không xác định,Không xác định,5.0,4.0,Đã có sổ,Không xác định,16.0,16,Hồ Chí Minh,Phú Nhuận,Nhà riêng tại đường Huỳnh Văn Bánh,0.17,>90 m²,>10 tỷ,10.7769,106.7009
"Hồ Chí Minh, Phú Nhuận, Nhà riêng tại đường Hoàng Diệu",35.0,6.0,10.0,Không xác định,Không xác định,3.0,2.0,Đã có sổ,Không xác định,4.2,16,Hồ Chí Minh,Phú Nhuận,Nhà riêng tại đường Hoàng Diệu,0.12,30-50 m²,4-6 tỷ,10.7769,106.7009
"Hồ Chí Minh, Gò Vấp, Nhà riêng tại đường Lê Đức Thọ",96.0,4.0,6.0,Không xác định,Không xác định,3.0,2.0,Đã có sổ,Không xác định,12.8,2,Hồ Chí Minh,Gò Vấp,Nhà riêng tại đường Lê Đức Thọ,0.13,>90 m²,>10 tỷ,10.7769,106.7009
"Hà Nội, Tây Hồ, Nhà riêng tại đường Lạc Long Quân",70.0,5.6,3.0,Không xác định,Không xác định,11.0,11.0,Đã có sổ,Đầy đủ,25.0,16,Hà Nội,Tây Hồ,Nhà riêng tại đường Lạc Long Quân,0.36,50-70 m²,>10 tỷ,21.0285,105.8542
"Hồ Chí Minh, Nhà Bè, Nhà riêng tại đường Huỳnh Tấn Phát",64.0,6.4,4.0,Tây - Nam,Tây - Nam,5.0,5.0,Đã có sổ,Đầy đủ,6.49,10,Hồ Chí Minh,Nhà Bè,Nhà riêng tại đường Huỳnh Tấn Phát,0.1,50-70 m²,6-8 tỷ,10.7769,106.7009
"Hà Nội, Hoàng Mai, Nhà riêng tại đường Đền Lừ",50.0,4.35,6.0,Không xác định,Không xác định,4.0,4.0,Đã có sổ,Đầy đủ,21.5,3,Hà Nội,Hoàng Mai,Nhà riêng tại đường Đền Lừ,0.43,30-50 m²,>10 tỷ,21.0285,105.8542
"Hồ Chí Minh, Quận 2, Nhà riêng tại đường 30",95.0,6.0,10.0,Đông - Bắc,Đông - Bắc,3.0,2.0,Đã có sổ,Cơ bản,6.5,4,Hồ Chí Minh,Quận 2,Nhà riêng tại đường 30,0.07,>90 m²,6-8 tỷ,10.7769,106.7009
"Vĩnh Long, Bình Tân, Nhà riêng tại đường ĐT 910",138.0,4.0,10.0,Không xác định,Không xác định,3.0,2.0,Đã có sổ,Cơ bản,0.79,15,Vĩnh Long,Bình Tân,Nhà riêng tại đường ĐT 910,0.01,>90 m²,<4 tỷ,10.2537,105.9722
"Hà Nội, Ba Đình, Nhà riêng tại phường Đội Cấn",100.0,4.0,4.0,Không xác định,Không xác định,6.0,6.0,Đã có sổ,Đầy đủ,17.5,9,Hà Nội,Ba Đình,Nhà riêng tại phường Đội Cấn,0.18,>90 m²,>10 tỷ,21.0285,105.8542
"Đồng Nai, Long Thành, Nhà riêng tại đường Gò Đậu",109.0,4.0,4.0,Đông,Đông,4.0,2.0,Đã có sổ,Cơ bản,3.5,15,Đồng Nai,Long Thành,Nhà riêng tại đường Gò Đậu,0.03,>90 m²,<4 tỷ,10.9454,106.8248
"Hồ Chí Minh, Bình Tân, Nhà riêng tại đường 26/3",30.0,4.0,7.0,Không xác định,Không xác định,4.0,2.0,Đã có sổ,Đầy đủ,5.2,15,Hồ Chí Minh,Bình Tân,Nhà riêng tại đường 26/3,0.17,<30 m²,4-6 tỷ,10.7769,106.7009
"Hà Nội, Cầu Giấy, Nhà riêng tại đường Hoàng Quốc Việt",52.0,6.0,10.0,Không xác định,Không xác định,3.0,2.0,Không xác định,Không xác định,21.9,15,Hà Nội,Cầu Giấy,Nhà riêng tại đường Hoàng Quốc Việt,0.42,50-70 m²,>10 tỷ,21.0285,105.8542
"Hà Nội, Cầu Giấy, Nhà riêng tại đường Cầu Giấy",33.0,6.0,10.0,Không xác định,Không xác định,4.0,4.0,Đã có sổ,Không xác định,11.2,14,Hà Nội,Cầu Giấy,Nhà riêng tại đường Cầu Giấy,0.34,30-50 m²,>10 tỷ,21.0285,105.8542
"Hà Nội, Ba Đình, Nhà riêng tại đường Văn Cao",30.0,4.0,4.0,Không xác định,Không xác định,4.0,5.0,Đã có sổ,Đầy đủ,8.9,8,Hà Nội,Ba Đình,Nhà riêng tại đường Văn Cao,0.3,<30 m²,8-10 tỷ,21.0285,105.8542
"Hà Nội, Cầu Giấy, Nhà riêng tại đường Hồ Tùng Mậu",110.0,6.0,10.0,Không xác định,Không xác định,30.0,30.0,Đã có sổ,Đầy đủ,45.5,18,Hà Nội,Cầu Giấy,Nhà riêng tại đường Hồ Tùng Mậu,0.41,>90 m²,>10 tỷ,21.0285,105.8542
"Hồ Chí Minh, Quận 10, Nhà riêng tại đường Bà Hạt",44.0,4.1,10.0,Không xác định,Không xác định,2.0,2.0,Đã có sổ,Cơ bản,5.0,18,Hồ Chí Minh,Quận 10,Nhà riêng tại đường Bà Hạt,0.11,30-50 m²,4-6 tỷ,10.7769,106.7009
"Hồ Chí Minh, Thủ Đức, Nhà riêng tại đường 12",66.0,4.0,5.0,Tây - Bắc,Tây - Bắc,4.0,3.0,Không xác định,Cơ bản,7.2,18,Hồ Chí Minh,Thủ Đức,Nhà riêng tại đường 12,0.11,50-70 m²,6-8 tỷ,10.7769,106.7009
"Đà Nẵng, Cẩm Lệ, Nhà riêng tại đường Nguyễn Thuật",100.0,5.75,5.5,Tây - Bắc,Tây - Bắc,2.0,2.0,Đã có sổ,Không xác định,5.1,18,Đà Nẵng,Cẩm Lệ,Nhà riêng tại đường Nguyễn Thuật,0.05,>90 m²,4-6 tỷ,16.0544,108.2022
"Hà Nội, Ba Đình, Nhà riêng tại phường Ngọc Hà",31.0,6.0,10.0,Không xác định,Không xác định,4.0,4.0,Đã có sổ,Không xác định,8.9,12,Hà Nội,Ba Đình,Nhà riêng tại phường Ngọc Hà,0.29,30-50 m²,8-10 tỷ,21.0285,105.8542
"Thái Bình, Thái Thuỵ, Nhà riêng tại đường Quốc Lộ 39A",230.0,5.0,10.0,Không xác định,Không xác định,3.0,2.0,Đã có sổ,Đầy đủ,2.5,18,Thái Bình,Thái Thuỵ,Nhà riêng tại đường Quốc Lộ 39A,0.01,>90 m²,<4 tỷ,20.4464,106.3364
"Hồ Chí Minh, Quận 7, Nhà riêng tại đường D1",90.0,5.0,20.0,Đông - Bắc,Không xác định,4.0,3.0,Đã có sổ,Không xác định,15.5,18,Hồ Chí Minh,Quận 7,Nhà riêng tại đường D1,0.17,70-90 m²,>10 tỷ,10.7769,106.7009
"Đồng Nai, Cẩm Mỹ, Nhà riêng tại xã Xuân Mỹ",445.6,6.0,6.0,Không xác định,Không xác định,2.0,1.0,Đã có sổ,Không xác định,3.5,18,Đồng Nai,Cẩm Mỹ,Nhà riêng tại xã Xuân Mỹ,0.01,>90 m²,<4 tỷ,10.9454,106.8248
"Hồ Chí Minh, Bình Tân, Nhà riêng tại đường Miếu Gò Xoài",92.9,4.0,8.0,Đông,Đông,2.0,2.0,Đã có sổ,Đầy đủ,6.5,18,Hồ Chí Minh,Bình Tân,Nhà riêng tại đường Miếu Gò Xoài,0.07,>90 m²,6-8 tỷ,10.7769,106.7009
"Hồ Chí Minh, Phú Nhuận, Nhà riêng tại đường Hoàng Văn Thụ",83.5,6.0,10.0,Không xác định,Không xác định,5.0,7.0,Đã có sổ,Đầy đủ,14.9,2,Hồ Chí Minh,Phú Nhuận,Nhà riêng tại đường Hoàng Văn Thụ,0.18,70-90 m²,>10 tỷ,10.7769,106.7009
"Hồ Chí Minh, Tân Bình, Nhà riêng tại đường Tân Trụ",285.0,8.7,6.0,Đông - Nam,Không xác định,3.0,3.0,Đã có sổ,Cơ bản,15.95,15,Hồ Chí Minh,Tân Bình,Nhà riêng tại đường Tân Trụ,0.06,>90 m²,>10 tỷ,10.7769,106.7009
"Đà Nẵng, Thanh Khê, Nhà riêng tại đường Hà Huy Tập",20.3,6.0,2.5,Đông - Bắc,Không xác định,2.0,2.0,Đã có sổ,Không xác định,3.4,5,Đà Nẵng,Thanh Khê,Nhà riêng tại đường Hà Huy Tập,0.17,<30 m²,<4 tỷ,16.0544,108.2022
"Bình Dương, Thủ Dầu Một, Nhà riêng tại phường Hiệp Thành",290.0,10.0,4.0,Tây - Bắc,Không xác định,3.0,2.0,Đã có sổ,Không xác định,7.0,17,Bình Dương,Thủ Dầu Một,Nhà riêng tại phường Hiệp Thành,0.02,>90 m²,6-8 tỷ,11.1604,106.6508
"Bà Rịa Vũng Tàu, Vũng Tàu, Nhà riêng tại đường Nguyễn Trường Tộ",83.0,6.6,4.0,Nam,Nam,4.0,4.0,Đã có sổ,Cơ bản,10.8,17,Bà Rịa Vũng Tàu,Vũng Tàu,Nhà riêng tại đường Nguyễn Trường Tộ,0.13,70-90 m²,>10 tỷ,10.4114,107.1362
"Hà Nội, Bắc Từ Liêm, Nhà riêng tại đường Phú Diễn",30.1,3.5,10.0,Đông - Bắc,Đông,2.0,2.0,Đã có sổ,Đầy đủ,8.0,17,Hà Nội,Bắc Từ Liêm,Nhà riêng tại đường Phú Diễn,0.27,30-50 m²,6-8 tỷ,21.0285,105.8542
"Tây Ninh, Dương Minh Châu, Nhà riêng tại đường 11",477.0,6.0,10.0,Đông,Không xác định,3.0,2.0,Đã có sổ,Cơ bản,4.5,17,Tây Ninh,Dương Minh Châu,Nhà riêng tại đường 11,0.01,>90 m²,4-6 tỷ,11.3601,106.1098
"Hà Nội, Thanh Xuân, Nhà riêng tại đường Nguyễn Xiển",30.0,7.1,10.0,Đông - Nam,Không xác định,2.0,1.0,Hợp đồng mua bán,Cơ bản,3.5,16,Hà Nội,Thanh Xuân,Nhà riêng tại đường Nguyễn Xiển,0.12,<30 m²,<4 tỷ,21.0285,105.8542
"Hồ Chí Minh, Gò Vấp, Nhà riêng tại đường Nguyễn Văn Lượng",42.2,4.0,5.0,Tây,Tây,4.0,5.0,Đã có sổ,Đầy đủ,9.45,1,Hồ Chí Minh,Gò Vấp,Nhà riêng tại đường Nguyễn Văn Lượng,0.22,30-50 m²,8-10 tỷ,10.7769,106.7009
"Hồ Chí Minh, Bình Tân, Nhà riêng tại đường Số 2",65.4,6.0,10.0,Không xác định,Không xác định,4.0,2.0,Đã có sổ,Đầy đủ,6.85,8,Hồ Chí Minh,Bình Tân,Nhà riêng tại đường Số 2,0.1,50-70 m²,6-8 tỷ,10.7769,106.7009
"Tuyên Quang, Tuyên Quang, Nhà riêng tại phường Ỷ La",120.0,5.0,5.0,Đông - Nam,Đông - Nam,4.0,4.0,Đã có sổ,Đầy đủ,5.9,17,Tuyên Quang,Tuyên Quang,Nhà riêng tại phường Ỷ La,0.05,>90 m²,4-6 tỷ,21.8242,105.2158
"Hà Nội, Tây Hồ, Nhà riêng tại đường Lạc Long Quân",50.0,3.7,3.0,Tây - Bắc,Không xác định,8.0,8.0,Đã có sổ,Đầy đủ,11.0,15,Hà Nội,Tây Hồ,Nhà riêng tại đường Lạc Long Quân,0.22,30-50 m²,>10 tỷ,21.0285,105.8542
"Hà Nội, Bắc Từ Liêm, Nhà riêng tại đường Xuân Đỉnh",31.0,6.0,10.0,Không xác định,Không xác định,4.0,4.0,Không xác định,Đầy đủ,10.6,12,Hà Nội,Bắc Từ Liêm,Nhà riêng tại đường Xuân Đỉnh,0.34,30-50 m²,>10 tỷ,21.0285,105.8542
"Hà Nội, Tây Hồ, Nhà riêng tại đường Lạc Long Quân",80.0,6.0,10.0,Không xác định,Không xác định,11.0,2.0,Đã có sổ,Đầy đủ,25.0,16,Hà Nội,Tây Hồ,Nhà riêng tại đường Lạc Long Quân,0.31,70-90 m²,>10 tỷ,21.0285,105.8542
"Bạc Liêu, Bạc Liêu, Nhà riêng tại xã Hiệp Thành",143.5,7.0,10.0,Đông,Đông,3.0,3.0,Đã có sổ,Không xác định,2.8,21,Bạc Liêu,Bạc Liêu,Nhà riêng tại xã Hiệp Thành,0.02,>90 m²,<4 tỷ,9.2941,105.7244
"Hồ Chí Minh, Hóc Môn, Nhà riêng tại đường Nguyễn Ảnh Thủ",113.0,5.0,6.0,Đông - Bắc,Đông - Bắc,4.0,2.0,Đã có sổ,Đầy đủ,5.6,6,Hồ Chí Minh,Hóc Môn,Nhà riêng tại đường Nguyễn Ảnh Thủ,0.05,>90 m²,4-6 tỷ,10.7769,106.7009
"Kiên Giang, Rạch Giá, Nhà riêng tại đường Nguyễn Trung Trực",154.0,6.0,3.7,Đông - Bắc,Không xác định,4.0,4.0,Đã có sổ,Đầy đủ,3.35,7,Kiên Giang,Rạch Giá,Nhà riêng tại đường Nguyễn Trung Trực,0.02,>90 m²,<4 tỷ,10.0125,105.0809
"Hải Phòng, An Dương, Nhà riêng tại đường Máng Nước",50.0,6.0,5.0,Đông - Bắc,Đông - Bắc,3.0,3.0,Đã có sổ,Không xác định,4.0,1,Hải Phòng,An Dương,Nhà riêng tại đường Máng Nước,0.08,30-50 m²,<4 tỷ,20.8449,106.6881
"Hồ Chí Minh, Quận 2, Nhà riêng tại đường 30",100.0,6.0,10.0,Đông,Không xác định,10.0,10.0,Đã có sổ,Đầy đủ,14.5,3,Hồ Chí Minh,Quận 2,Nhà riêng tại đường 30,0.14,>90 m²,>10 tỷ,10.7769,106.7009
"Đà Nẵng, Hải Châu, Nhà riêng tại đường Tiểu La",101.0,6.0,10.0,Không xác định,Không xác định,22.0,22.0,Đã có sổ,Đầy đủ,10.8,14,Đà Nẵng,Hải Châu,Nhà riêng tại đường Tiểu La,0.11,>90 m²,>10 tỷ,16.0544,108.2022
"Hà Nội, Long Biên, Nhà riêng tại phường Phúc Đồng",30.0,4.5,7.0,Tây - Nam,Tây - Nam,3.0,4.0,Đã có sổ,Không xác định,7.8,3,Hà Nội,Long Biên,Nhà riêng tại phường Phúc Đồng,0.26,<30 m²,6-8 tỷ,21.0285,105.8542
"Hà Nội, Cầu Giấy, Nhà riêng tại đường Hoàng Quốc Việt",58.0,6.0,10.0,Không xác định,Không xác định,3.0,2.0,Không xác định,Không xác định,24.3,15,Hà Nội,Cầu Giấy,Nhà riêng tại đường Hoàng Quốc Việt,0.42,50-70 m²,>10 tỷ,21.0285,105.8542
"Bà Rịa Vũng Tàu, Vũng Tàu, Nhà riêng tại đường Tống Duy Tân",84.0,6.0,10.0,Đông - Nam,Không xác định,2.0,2.0,Không xác định,Không xác định,10.5,23,Bà Rịa Vũng Tàu,Vũng Tàu,Nhà riêng tại đường Tống Duy Tân,0.12,70-90 m²,>10 tỷ,10.4114,107.1362
"Hồ Chí Minh, Quận 10, Nhà riêng tại đường 3/2",200.0,6.0,4.0,Không xác định,Không xác định,3.0,2.0,Đã có sổ,Không xác định,36.0,23,Hồ Chí Minh,Quận 10,Nhà riêng tại đường 3/2,0.18,>90 m²,>10 tỷ,10.7769,106.7009
"Hồ Chí Minh, Gò Vấp, Nhà riêng tại đường Huỳnh Khương An",72.3,4.27,3.0,Đông - Bắc,Không xác định,1.0,1.0,Đã có sổ,Không xác định,8.2,23,Hồ Chí Minh,Gò Vấp,Nhà riêng tại đường Huỳnh Khương An,0.11,70-90 m²,8-10 tỷ,10.7769,106.7009
"Hồ Chí Minh, Gò Vấp, Nhà riêng tại đường Quang Trung",195.0,6.0,6.0,Không xác định,Không xác định,3.0,2.0,Đã có sổ,Không xác định,17.8,23,Hồ Chí Minh,Gò Vấp,Nhà riêng tại đường Quang Trung,0.09,>90 m²,>10 tỷ,10.7769,106.7009
"Hà Nội, Tây Hồ, Nhà riêng tại đường Lạc Long Quân",73.0,4.2,2.5,Đông - Bắc,Đông - Bắc,4.0,5.0,Đã có sổ,Đầy đủ,27.0,23,Hà Nội,Tây Hồ,Nhà riêng tại đường Lạc Long Quân,0.37,70-90 m²,>10 tỷ,21.0285,105.8542
"Hà Nội, Đống Đa, Nhà riêng tại phố Vũ Ngọc Phan",90.0,5.0,10.0,Không xác định,Không xác định,21.0,21.0,Đã có sổ,Đầy đủ,40.9,23,Hà Nội,Đống Đa,Nhà riêng tại phố Vũ Ngọc Phan,0.45,70-90 m²,>10 tỷ,21.0285,105.8542
"Hà Nội, Thanh Trì, Nhà riêng tại đường Quốc lộ 1A",46.0,4.0,4.0,Không xác định,Không xác định,4.0,3.0,Đã có sổ,Đầy đủ,14.0,23,Hà Nội,Thanh Trì,Nhà riêng tại đường Quốc lộ 1A,0.3,30-50 m²,>10 tỷ,21.0285,105.8542
"Hà Nội, Đống Đa, Nhà riêng tại đường Đê La Thành",59.7,5.0,10.0,Không xác định,Không xác định,18.0,18.0,Đã có sổ,Đầy đủ,17.9,23,Hà Nội,Đống Đa,Nhà riêng tại đường Đê La Thành,0.3,50-70 m²,>10 tỷ,21.0285,105.8542
"Hồ Chí Minh, Bình Tân, Nhà riêng tại đường 2",450.0,10.0,10.0,Không xác định,Không xác định,18.0,18.0,Đã có sổ,Cơ bản,40.87,23,Hồ Chí Minh,Bình Tân,Nhà riêng tại đường 2,0.09,>90 m²,>10 tỷ,10.7769,106.7009
"Đà Nẵng, Liên Chiểu, Nhà riêng tại phường Hòa Khánh Nam",95.0,5.0,11.5,Tây - Nam,Tây - Nam,3.0,2.0,Đã có sổ,Cơ bản,3.85,23,Đà Nẵng,Liên Chiểu,Nhà riêng tại phường Hòa Khánh Nam,0.04,>90 m²,<4 tỷ,16.0544,108.2022
"Hà Nội, Gia Lâm, Nhà riêng tại đường Bát Khối",130.0,10.0,4.0,Đông - Bắc,Đông - Bắc,2.0,2.0,Đã có sổ,Cơ bản,9.08,23,Hà Nội,Gia Lâm,Nhà riêng tại đường Bát Khối,0.07,>90 m²,8-10 tỷ,21.0285,105.8542
"Lâm Đồng, Đà Lạt, Nhà riêng tại đường Nguyên Tử Lực",165.0,6.0,10.0,Không xác định,Không xác định,2.0,1.0,Đã có sổ,Không xác định,8.5,23,Lâm Đồng,Đà Lạt,Nhà riêng tại đường Nguyên Tử Lực,0.05,>90 m²,8-10 tỷ,11.9404,108.4583
"Đà Nẵng, Ngũ Hành Sơn, Nhà riêng tại đường Mỹ Đa Đông 12",120.0,5.0,5.5,Tây,Tây,4.0,3.0,Đã có sổ,Cơ bản,20.0,23,Đà Nẵng,Ngũ Hành Sơn,Nhà riêng tại đường Mỹ Đa Đông 12,0.17,>90 m²,>10 tỷ,16.0544,108.2022
"Hồ Chí Minh, Quận 1, Nhà riêng tại phố Hai Bà Trưng",67.8,4.2,4.0,Tây - Nam,Tây - Nam,5.0,4.0,Đã có sổ,Đầy đủ,19.8,22,Hồ Chí Minh,Quận 1,Nhà riêng tại phố Hai Bà Trưng,0.29,50-70 m²,>10 tỷ,10.7769,106.7009
"Bình Phước, Đồng Xoài, Nhà riêng tại đường Số 6",120.0,6.0,12.0,Tây - Nam,Tây - Nam,3.0,3.0,Đã có sổ,Đầy đủ,3.8,22,Bình Phước,Đồng Xoài,Nhà riêng tại đường Số 6,0.03,>90 m²,<4 tỷ,11.75,106.9167
"Hồ Chí Minh, Quận 3, Nhà riêng tại đường Phạm Ngọc Thạch",98.0,5.0,8.0,Không xác định,Không xác định,3.0,2.0,Đã có sổ,Cơ bản,30.0,22,Hồ Chí Minh,Quận 3,Nhà riêng tại đường Phạm Ngọc Thạch,0.31,>90 m²,>10 tỷ,10.7769,106.7009
"Hà Nội, Tây Hồ, Nhà riêng tại đường Lạc Long Quân",80.0,4.0,10.0,Không xác định,Không xác định,10.0,2.0,Đã có sổ,Không xác định,25.5,22,Hà Nội,Tây Hồ,Nhà riêng tại đường Lạc Long Quân,0.32,70-90 m²,>10 tỷ,21.0285,105.8542
"Hà Nội, Thanh Xuân, Nhà riêng tại phố Ngụy Như Kon Tum",52.0,6.0,10.0,Không xác định,Không xác định,4.0,2.0,Đã có sổ,Không xác định,26.9,23,Hà Nội,Thanh Xuân,Nhà riêng tại phố Ngụy Như Kon Tum,0.52,50-70 m²,>10 tỷ,21.0285,105.8542
"Cần Thơ, Ninh Kiều, Nhà riêng tại đường Nguyễn Văn Cừ",107.0,6.0,4.0,Nam,Nam,4.0,2.0,Đã có sổ,Cơ bản,4.3,23,Cần Thơ,Ninh Kiều,Nhà riêng tại đường Nguyễn Văn Cừ,0.04,>90 m²,4-6 tỷ,10.0452,105.7469
"Hà Nội, Đống Đa, Nhà riêng tại đường Hồ Đắc Di",40.0,5.3,10.0,Nam,Nam,8.0,5.0,Đã có sổ,Cơ bản,12.6,23,Hà Nội,Đống Đa,Nhà riêng tại đường Hồ Đắc Di,0.32,30-50 m²,>10 tỷ,21.0285,105.8542
"Hà Nội, Đống Đa, Nhà riêng tại phố Trung Liệt",88.0,6.0,10.0,Không xác định,Không xác định,24.0,24.0,Đã có sổ,Đầy đủ,29.8,23,Hà Nội,Đống Đa,Nhà riêng tại phố Trung Liệt,0.34,70-90 m²,>10 tỷ,21.0285,105.8542
"Long An, Đức Hòa, Nhà riêng tại đường Gò Hưu",16.0,6.0,10.0,Không xác định,Không xác định,3.0,2.0,Không xác định,Không xác định,0.32,23,Long An,Đức Hòa,Nhà riêng tại đường Gò Hưu,0.02,<30 m²,<4 tỷ,10.536,106.4099
"Hà Nội, Long Biên, Nhà riêng tại phố Phố Nha",52.8,5.0,3.0,Không xác định,Không xác định,5.0,4.0,Không xác định,Đầy đủ,12.42,23,Hà Nội,Long Biên,Nhà riêng tại phố Phố Nha,0.24,50-70 m²,>10 tỷ,21.0285,105.8542
"Hà Nội, Đống Đa, Nhà riêng tại đường Láng",63.8,6.0,10.0,Không xác định,Không xác định,18.0,18.0,Đã có sổ,Đầy đủ,21.9,23,Hà Nội,Đống Đa,Nhà riêng tại đường Láng,0.34,50-70 m²,>10 tỷ,21.0285,105.8542
"Hà Nội, Bắc Từ Liêm, Nhà riêng tại đường Xuân Đỉnh",86.5,5.0,10.0,Không xác định,Không xác định,24.0,24.0,Đã có sổ,Đầy đủ,22.9,23,Hà Nội,Bắc Từ Liêm,Nhà riêng tại đường Xuân Đỉnh,0.26,70-90 m²,>10 tỷ,21.0285,105.8542
"Hà Nội, Long Biên, Nhà riêng tại đường Bát Khối",60.0,6.0,3.0,Không xác định,Không xác định,5.0,4.0,Đã có sổ,Đầy đủ,11.0,23,Hà Nội,Long Biên,Nhà riêng tại đường Bát Khối,0.18,50-70 m²,>10 tỷ,21.0285,105.8542
"Hà Nội, Long Biên, Nhà riêng tại đường Phố Trạm",58.0,4.0,6.0,Tây,Nam,5.0,5.0,Không xác định,Không xác định,13.64,23,Hà Nội,Long Biên,Nhà riêng tại đường Phố Trạm,0.24,50-70 m²,>10 tỷ,21.0285,105.8542
"Hà Nội, Cầu Giấy, Nhà riêng tại phố Nguyễn Ngọc Vũ",66.5,5.0,10.0,Không xác định,Không xác định,18.0,18.0,Đã có sổ,Đầy đủ,19.9,23,Hà Nội,Cầu Giấy,Nhà riêng tại phố Nguyễn Ngọc Vũ,0.3,50-70 m²,>10 tỷ,21.0285,105.8542
"Hà Nội, Thanh Xuân, Nhà riêng tại phố Cự Lộc",52.8,4.0,4.0,Không xác định,Không xác định,15.0,15.0,Đã có sổ,Đầy đủ,16.9,23,Hà Nội,Thanh Xuân,Nhà riêng tại phố Cự Lộc,0.32,50-70 m²,>10 tỷ,21.0285,105.8542
"Hà Nội, Đống Đa, Nhà riêng tại phố Xã Đàn",90.8,6.0,10.0,Không xác định,Không xác định,21.0,21.0,Đã có sổ,Đầy đủ,20.9,23,Hà Nội,Đống Đa,Nhà riêng tại phố Xã Đàn,0.23,>90 m²,>10 tỷ,21.0285,105.8542
"Lâm Đồng, Đà Lạt, Nhà riêng tại phố Đặng Thái Thân",458.92,19.0,6.0,Không xác định,Không xác định,24.0,25.0,Đã có sổ,Đầy đủ,70.0,23,Lâm Đồng,Đà Lạt,Nhà riêng tại phố Đặng Thái Thân,0.15,>90 m²,>10 tỷ,11.9404,108.4583
"Hồ Chí Minh, Bình Tân, Nhà riêng tại đường Mã Lò",60.0,4.4,5.0,Đông,Đông,5.0,6.0,Đã có sổ,Đầy đủ,7.2,23,Hồ Chí Minh,Bình Tân,Nhà riêng tại đường Mã Lò,0.12,50-70 m²,6-8 tỷ,10.7769,106.7009
"Bình Dương, Dĩ An, Nhà riêng tại đường Số 3",100.0,5.0,12.0,Đông - Nam,Đông - Nam,3.0,2.0,Đã có sổ,Cơ bản,7.15,23,Bình Dương,Dĩ An,Nhà riêng tại đường Số 3,0.07,>90 m²,6-8 tỷ,11.1604,106.6508
"Hà Nội, Nam Từ Liêm, Nhà riêng tại đường Mỹ Đình",43.0,5.8,5.0,Không xác định,Không xác định,3.0,5.0,Đã có sổ,Đầy đủ,12.0,23,Hà Nội,Nam Từ Liêm,Nhà riêng tại đường Mỹ Đình,0.28,30-50 m²,>10 tỷ,21.0285,105.8542
"Hồ Chí Minh, Quận 1, Nhà riêng tại đường Nguyễn Bỉnh Khiêm",40.0,4.7,2.0,Không xác định,Không xác định,2.0,2.0,Đã có sổ,Đầy đủ,8.65,23,Hồ Chí Minh,Quận 1,Nhà riêng tại đường Nguyễn Bỉnh Khiêm,0.22,30-50 m²,8-10 tỷ,10.7769,106.7009
"Hà Nội, Thanh Xuân, Nhà riêng tại đường Khương Trung",65.0,6.0,10.0,Không xác định,Không xác định,16.0,16.0,Đã có sổ,Đầy đủ,19.9,23,Hà Nội,Thanh Xuân,Nhà riêng tại đường Khương Trung,0.31,50-70 m²,>10 tỷ,21.0285,105.8542
"Hà Nội, Đống Đa, Nhà riêng tại đường Nguyễn Chí Thanh",60.0,6.0,10.0,Không xác định,Không xác định,6.0,6.0,Đã có sổ,Đầy đủ,25.9,23,Hà Nội,Đống Đa,Nhà riêng tại đường Nguyễn Chí Thanh,0.43,50-70 m²,>10 tỷ,21.0285,105.8542
"Hồ Chí Minh, Bình Tân, Nhà riêng tại đường Bình Thành",314.0,6.0,10.0,Không xác định,Không xác định,55.0,55.0,Đã có sổ,Đầy đủ,25.5,24,Hồ Chí Minh,Bình Tân,Nhà riêng tại đường Bình Thành,0.08,>90 m²,>10 tỷ,10.7769,106.7009
"Đà Nẵng, Liên Chiểu, Nhà riêng tại phố Tôn Đức Thắng",159.0,6.0,5.0,Không xác định,Không xác định,3.0,2.0,Đã có sổ,Cơ bản,7.25,24,Đà Nẵng,Liên Chiểu,Nhà riêng tại phố Tôn Đức Thắng,0.05,>90 m²,6-8 tỷ,16.0544,108.2022
"Hà Nội, Tây Hồ, Nhà riêng tại đường Trích Sài",40.0,6.0,10.0,Không xác định,Không xác định,3.0,2.0,Không xác định,Không xác định,13.0,24,Hà Nội,Tây Hồ,Nhà riêng tại đường Trích Sài,0.32,30-50 m²,>10 tỷ,21.0285,105.8542
"Hà Nội, Ba Đình, Nhà riêng tại đường Đội Cấn",82.0,6.0,10.0,Tây,Nam,18.0,18.0,Đã có sổ,Đầy đủ,27.5,24,Hà Nội,Ba Đình,Nhà riêng tại đường Đội Cấn,0.34,70-90 m²,>10 tỷ,21.0285,105.8542
"Long An, Cần Đước, Nhà riêng tại xã Long Trạch",270.0,6.0,6.0,Không xác định,Không xác định,3.0,2.0,Đã có sổ,Không xác định,3.1,24,Long An,Cần Đước,Nhà riêng tại xã Long Trạch,0.01,>90 m²,<4 tỷ,10.536,106.4099
"Bà Rịa Vũng Tàu, Bà Rịa, Nhà riêng tại xã Hòa Long",140.0,6.0,10.0,Không xác định,Không xác định,4.0,3.0,Đã có sổ,Không xác định,3.5,24,Bà Rịa Vũng Tàu,Bà Rịa,Nhà riêng tại xã Hòa Long,0.02,>90 m²,<4 tỷ,10.4114,107.1362
"Hà Nội, Long Biên, Nhà riêng tại đường Bát Khối",72.0,6.0,10.0,Không xác định,Không xác định,4.0,5.0,Đã có sổ,Đầy đủ,15.78,24,Hà Nội,Long Biên,Nhà riêng tại đường Bát Khối,0.22,70-90 m²,>10 tỷ,21.0285,105.8542
"Hồ Chí Minh, Hóc Môn, Nhà riêng tại xã Đông Thạnh",32.0,6.0,10.0,Không xác định,Không xác định,2.0,2.0,Không xác định,Không xác định,1.48,24,Hồ Chí Minh,Hóc Môn,Nhà riêng tại xã Đông Thạnh,0.05,30-50 m²,<4 tỷ,10.7769,106.7009
"Hà Nội, Nam Từ Liêm, Nhà riêng tại đường Mễ Trì",100.0,6.0,10.0,Không xác định,Không xác định,25.0,25.0,Đã có sổ,Đầy đủ,23.5,23,Hà Nội,Nam Từ Liêm,Nhà riêng tại đường Mễ Trì,0.24,>90 m²,>10 tỷ,21.0285,105.8542
"Hồ Chí Minh, Quận 7, Nhà riêng tại đường Nguyễn Thị Thập",160.0,7.0,8.0,Không xác định,Không xác định,5.0,5.0,Đã có sổ,Không xác định,12.0,23,Hồ Chí Minh,Quận 7,Nhà riêng tại đường Nguyễn Thị Thập,0.08,>90 m²,>10 tỷ,10.7769,106.7009
"Hà Nội, Long Biên, Nhà riêng tại đường Thạch Bàn",70.0,6.0,10.0,Không xác định,Không xác định,4.0,4.0,Đã có sổ,Đầy đủ,10.2,23,Hà Nội,Long Biên,Nhà riêng tại đường Thạch Bàn,0.15,50-70 m²,>10 tỷ,21.0285,105.8542
"Hải Phòng, Hải An, Nhà riêng tại đường Phương Lưu",53.3,4.4,4.4,Bắc,Bắc,3.0,3.0,Đã có sổ,Cơ bản,4.67,23,Hải Phòng,Hải An,Nhà riêng tại đường Phương Lưu,0.09,50-70 m²,4-6 tỷ,20.8449,106.6881
"Đà Nẵng, Cẩm Lệ, Nhà riêng tại đường Bình Thái 1",76.0,6.0,10.0,Không xác định,Không xác định,3.0,2.0,Đã có sổ,Đầy đủ,5.0,23,Đà Nẵng,Cẩm Lệ,Nhà riêng tại đường Bình Thái 1,0.07,70-90 m²,4-6 tỷ,16.0544,108.2022
"Hà Nội, Đan Phượng, Nhà riêng tại đường Phượng Trì",49.7,3.35,5.0,Không xác định,Không xác định,3.0,2.0,Đã có sổ,Cơ bản,4.97,23,Hà Nội,Đan Phượng,Nhà riêng tại đường Phượng Trì,0.1,30-50 m²,4-6 tỷ,21.0285,105.8542
"Bắc Ninh, Yên Phong, Nhà riêng tại xã Yên Trung",79.0,6.5,4.5,Tây,Không xác định,3.0,2.0,Đã có sổ,Không xác định,2.11,23,Bắc Ninh,Yên Phong,Nhà riêng tại xã Yên Trung,0.03,70-90 m²,<4 tỷ,21.1861,106.0763
"Hồ Chí Minh, Bình Thạnh, Nhà riêng tại đường Nguyễn Gia Trí",48.0,4.8,6.0,Không xác định,Không xác định,5.0,6.0,Đã có sổ,Đầy đủ,12.5,23,Hồ Chí Minh,Bình Thạnh,Nhà riêng tại đường Nguyễn Gia Trí,0.26,30-50 m²,>10 tỷ,10.7769,106.7009
"Hà Nội, Bắc Từ Liêm, Nhà riêng tại đường Đông Ngạc",35.0,3.5,6.0,Không xác định,Không xác định,3.0,4.0,Đã có sổ,Cơ bản,9.0,23,Hà Nội,Bắc Từ Liêm,Nhà riêng tại đường Đông Ngạc,0.26,30-50 m²,8-10 tỷ,21.0285,105.8542
"Hà Nội, Bắc Từ Liêm, Nhà riêng tại đường Đông Ngạc",68.0,4.6,4.0,Không xác định,Không xác định,3.0,3.0,Đã có sổ,Cơ bản,9.85,23,Hà Nội,Bắc Từ Liêm,Nhà riêng tại đường Đông Ngạc,0.14,50-70 m²,8-10 tỷ,21.0285,105.8542
"Hồ Chí Minh, Gò Vấp, Nhà riêng tại đường Thống Nhất",47.0,5.5,6.0,Nam,Không xác định,3.0,5.0,Đã có sổ,Không xác định,10.5,23,Hồ Chí Minh,Gò Vấp,Nhà riêng tại đường Thống Nhất,0.22,30-50 m²,>10 tỷ,10.7769,106.7009
"Hồ Chí Minh, Nhà Bè, Nhà riêng tại đường Đào Sư Tích",82.0,6.0,10.0,Nam,Nam,2.0,2.0,Đã có sổ,Không xác định,5.7,23,Hồ Chí Minh,Nhà Bè,Nhà riêng tại đường Đào Sư Tích,0.07,70-90 m²,4-6 tỷ,10.7769,106.7009
"Hà Nội, Thanh Trì, Nhà riêng tại đường Tứ Hiệp",40.0,6.0,10.0,Không xác định,Không xác định,4.0,4.0,Đã có sổ,Đầy đủ,7.1,24,Hà Nội,Thanh Trì,Nhà riêng tại đường Tứ Hiệp,0.18,30-50 m²,6-8 tỷ,21.0285,105.8542
"Hồ Chí Minh, Bình Tân, Nhà riêng tại đường Lê Tấn Bê",86.0,5.15,2.0,Nam,Tây - Nam,5.0,5.0,Đã có sổ,Cơ bản,4.68,24,Hồ Chí Minh,Bình Tân,Nhà riêng tại đường Lê Tấn Bê,0.05,70-90 m²,4-6 tỷ,10.7769,106.7009
"Hồ Chí Minh, Quận 9, Nhà riêng tại đường Số 5",131.1,6.0,10.0,Không xác định,Không xác định,34.0,2.0,Đã có sổ,Đầy đủ,23.0,24,Hồ Chí Minh,Quận 9,Nhà riêng tại đường Số 5,0.18,>90 m²,>10 tỷ,10.7769,106.7009
"Hồ Chí Minh, Thủ Đức, Nhà riêng tại đường Số 475",131.9,6.82,10.0,Tây - Bắc,Không xác định,22.0,2.0,Đã có sổ,Không xác định,21.0,24,Hồ Chí Minh,Thủ Đức,Nhà riêng tại đường Số 475,0.16,>90 m²,>10 tỷ,10.7769,106.7009
"Hà Nội, Ba Đình, Nhà riêng tại phố Giảng Võ",40.0,3.3,2.0,Không xác định,Không xác định,5.0,4.0,Đã có sổ,Đầy đủ,9.2,24,Hà Nội,Ba Đình,Nhà riêng tại phố Giảng Võ,0.23,30-50 m²,8-10 tỷ,21.0285,105.8542
"Hồ Chí Minh, Tân Bình, Nhà riêng tại đường Cách Mạng Tháng Tám",62.6,6.0,10.0,Không xác định,Không xác định,3.0,2.0,Không xác định,Không xác định,13.2,24,Hồ Chí Minh,Tân Bình,Nhà riêng tại đường Cách Mạng Tháng Tám,0.21,50-70 m²,>10 tỷ,10.7769,106.7009
"Hà Nội, Đống Đa, Nhà riêng tại phố Xã Đàn",22.0,3.0,2.0,Không xác định,Không xác định,3.0,3.0,Đã có sổ,Cơ bản,5.2,24,Hà Nội,Đống Đa,Nhà riêng tại phố Xã Đàn,0.24,<30 m²,4-6 tỷ,21.0285,105.8542
"Hà Nội, Ba Đình, Nhà riêng tại đường Quần Ngựa",90.0,4.0,5.0,Không xác định,Không xác định,4.0,4.0,Đã có sổ,Không xác định,38.99,24,Hà Nội,Ba Đình,Nhà riêng tại đường Quần Ngựa,0.43,70-90 m²,>10 tỷ,21.0285,105.8542
"Hà Nội, Hà Đông, Nhà riêng tại đường Phan Đình Giót",33.2,6.0,10.0,Đông - Nam,Không xác định,3.0,4.0,Đã có sổ,Đầy đủ,7.0,24,Hà Nội,Hà Đông,Nhà riêng tại đường Phan Đình Giót,0.21,30-50 m²,6-8 tỷ,21.0285,105.8542
"Đà Nẵng, Cẩm Lệ, Nhà riêng tại đường Nguyễn Đức Thiệu",100.0,5.0,5.0,Tây - Bắc,Không xác định,3.0,3.0,Đã có sổ,Không xác định,6.85,24,Đà Nẵng,Cẩm Lệ,Nhà riêng tại đường Nguyễn Đức Thiệu,0.07,>90 m²,6-8 tỷ,16.0544,108.2022
"Hồ Chí Minh, Bình Chánh, Nhà riêng tại đường Liên Ấp 2-3-4",56.0,4.0,6.0,Không xác định,Không xác định,3.0,2.0,Không xác định,Cơ bản,1.5,24,Hồ Chí Minh,Bình Chánh,Nhà riêng tại đường Liên Ấp 2-3-4,0.03,50-70 m²,<4 tỷ,10.7769,106.7009
"Hà Nội, Long Biên, Nhà riêng tại đường Nguyễn Văn Cừ",68.0,6.0,10.0,Không xác định,Không xác định,3.0,7.0,Đã có sổ,Không xác định,15.0,24,Hà Nội,Long Biên,Nhà riêng tại đường Nguyễn Văn Cừ,0.22,50-70 m²,>10 tỷ,21.0285,105.8542
"Hồ Chí Minh, Bình Tân, Nhà riêng tại đường Nguyễn Thị Tú",71.0,6.0,10.0,Không xác định,Không xác định,4.0,2.0,Đã có sổ,Không xác định,5.0,24,Hồ Chí Minh,Bình Tân,Nhà riêng tại đường Nguyễn Thị Tú,0.07,70-90 m²,4-6 tỷ,10.7769,106.7009
"Hồ Chí Minh, Bình Chánh, Nhà riêng tại Khu dân cư Phi Long 5",85.0,6.0,12.0,Tây - Nam,Tây,4.0,3.0,Không xác định,Cơ bản,7.5,24,Hồ Chí Minh,Bình Chánh,Nhà riêng tại Khu dân cư Phi Long 5,0.09,70-90 m²,6-8 tỷ,10.7769,106.7009
"Hồ Chí Minh, Bình Chánh, Nhà riêng tại Khu dân cư Phi Long 5",92.5,5.0,12.0,Tây - Nam,Tây - Nam,4.0,5.0,Không xác định,Đầy đủ,8.0,24,Hồ Chí Minh,Bình Chánh,Nhà riêng tại Khu dân cư Phi Long 5,0.09,>90 m²,6-8 tỷ,10.7769,106.7009
"Hồ Chí Minh, Tân Phú, Nhà riêng tại đường Tô Hiệu",54.0,4.0,5.0,Không xác định,Không xác định,3.0,2.0,Đã có sổ,Đầy đủ,8.59,24,Hồ Chí Minh,Tân Phú,Nhà riêng tại đường Tô Hiệu,0.16,50-70 m²,8-10 tỷ,10.7769,106.7009
"Hồ Chí Minh, Quận 11, Nhà riêng tại đường Lạc Long Quân",11.2,6.0,3.0,Đông - Bắc,Đông - Bắc,2.0,2.0,Đã có sổ,Không xác định,2.29,24,Hồ Chí Minh,Quận 11,Nhà riêng tại đường Lạc Long Quân,0.2,<30 m²,<4 tỷ,10.7769,106.7009
"Hồ Chí Minh, Quận 5, Nhà riêng tại phố Phù Đổng Thiên Vương",43.56,8.0,4.0,Nam,Nam,4.0,3.0,Đã có sổ,Không xác định,6.5,24,Hồ Chí Minh,Quận 5,Nhà riêng tại phố Phù Đổng Thiên Vương,0.15,30-50 m²,6-8 tỷ,10.7769,106.7009
"Hà Nội, Đông Anh, Nhà riêng tại xã Dục Tú",99.0,4.0,7.0,Bắc,Bắc,4.0,3.0,Đã có sổ,Không xác định,0.09,24,Hà Nội,Đông Anh,Nhà riêng tại xã Dục Tú,0.0,>90 m²,<4 tỷ,21.0285,105.8542
"Hồ Chí Minh, Tân Bình, Nhà riêng tại đường Trương Công Định",100.0,6.0,8.0,Không xác định,Không xác định,5.0,4.0,Đã có sổ,Không xác định,8.9,10,Hồ Chí Minh,Tân Bình,Nhà riêng tại đường Trương Công Định,0.09,>90 m²,8-10 tỷ,10.7769,106.7009
"Hải Phòng, Lê Chân, Nhà riêng tại đường Thiên Lôi",56.0,4.0,12.0,Đông - Nam,Tây - Bắc,5.0,6.0,Đã có sổ,Đầy đủ,9.3,25,Hải Phòng,Lê Chân,Nhà riêng tại đường Thiên Lôi,0.17,50-70 m²,8-10 tỷ,20.8449,106.6881
"Hà Nội, Hoàng Mai, Nhà riêng tại đường Đông Thiên",36.8,6.0,10.0,Không xác định,Không xác định,3.0,2.0,Đã có sổ,Đầy đủ,7.25,25,Hà Nội,Hoàng Mai,Nhà riêng tại đường Đông Thiên,0.2,30-50 m²,6-8 tỷ,21.0285,105.8542
"Hà Nội, Đống Đa, Nhà riêng tại phố Xã Đàn",33.0,5.0,10.0,Không xác định,Không xác định,4.0,5.0,Đã có sổ,Đầy đủ,10.2,24,Hà Nội,Đống Đa,Nhà riêng tại phố Xã Đàn,0.31,30-50 m²,>10 tỷ,21.0285,105.8542
"Hải Phòng, Lê Chân, Nhà riêng tại đường Thiên Lôi",56.0,4.0,3.0,Đông - Bắc,Đông - Bắc,4.0,4.0,Đã có sổ,Không xác định,4.75,24,Hải Phòng,Lê Chân,Nhà riêng tại đường Thiên Lôi,0.08,50-70 m²,4-6 tỷ,20.8449,106.6881
"Hải Phòng, Lê Chân, Nhà riêng tại đường Thiên Lôi",58.8,4.2,12.0,Nam,Nam,5.0,5.0,Đã có sổ,Đầy đủ,9.8,24,Hải Phòng,Lê Chân,Nhà riêng tại đường Thiên Lôi,0.17,50-70 m²,8-10 tỷ,20.8449,106.6881
"Hà Nội, Thanh Xuân, Nhà riêng tại đường Tô Vĩnh Diện",60.0,5.0,10.0,Không xác định,Không xác định,7.0,8.0,Đã có sổ,Đầy đủ,28.0,24,Hà Nội,Thanh Xuân,Nhà riêng tại đường Tô Vĩnh Diện,0.47,50-70 m²,>10 tỷ,21.0285,105.8542
"Hà Nội, Hai Bà Trưng, Nhà riêng tại phường Bạch Mai",24.0,3.5,10.0,Không xác định,Không xác định,3.0,4.0,Đã có sổ,Không xác định,6.2,24,Hà Nội,Hai Bà Trưng,Nhà riêng tại phường Bạch Mai,0.26,<30 m²,6-8 tỷ,21.0285,105.8542
"Hồ Chí Minh, Gò Vấp, Nhà riêng tại đường Nguyễn Văn Khối",88.0,10.0,10.0,Tây,Đông,6.0,7.0,Đã có sổ,Đầy đủ,17.9,24,Hồ Chí Minh,Gò Vấp,Nhà riêng tại đường Nguyễn Văn Khối,0.2,70-90 m²,>10 tỷ,10.7769,106.7009
"Hải Phòng, Lê Chân, Nhà riêng tại đường Thiên Lôi",58.7,4.5,8.0,Tây - Bắc,Tây - Bắc,3.0,2.0,Đã có sổ,Đầy đủ,8.6,24,Hải Phòng,Lê Chân,Nhà riêng tại đường Thiên Lôi,0.15,50-70 m²,8-10 tỷ,20.8449,106.6881
"Hà Nội, Tây Hồ, Nhà riêng tại đường Lạc Long Quân",73.0,4.2,3.0,Đông - Bắc,Tây - Nam,6.0,4.0,Đã có sổ,Cơ bản,25.5,24,Hà Nội,Tây Hồ,Nhà riêng tại đường Lạc Long Quân,0.35,70-90 m²,>10 tỷ,21.0285,105.8542
"Hồ Chí Minh, Quận 12, Nhà riêng tại phường Thạnh Xuân",60.0,6.0,10.0,Không xác định,Không xác định,3.0,2.0,Không xác định,Không xác định,6.5,24,Hồ Chí Minh,Quận 12,Nhà riêng tại phường Thạnh Xuân,0.11,50-70 m²,6-8 tỷ,10.7769,106.7009
"Thái Bình, Thái Bình, Nhà riêng tại phường Trần Hưng Đạo",58.5,4.2,10.0,Đông - Nam,Đông - Nam,3.0,3.0,Đã có sổ,Cơ bản,4.7,24,Thái Bình,Thái Bình,Nhà riêng tại phường Trần Hưng Đạo,0.08,50-70 m²,4-6 tỷ,20.4464,106.3364
"Hồ Chí Minh, Củ Chi, Nhà riêng tại đường Nguyễn Kim Cương",170.0,10.0,5.0,Tây - Bắc,Không xác định,1.0,1.0,Đã có sổ,Không xác định,2.53,24,Hồ Chí Minh,Củ Chi,Nhà riêng tại đường Nguyễn Kim Cương,0.01,>90 m²,<4 tỷ,10.7769,106.7009
"Hà Nội, Tây Hồ, Nhà riêng tại đường Lạc Long Quân",71.0,5.6,3.5,Đông - Nam,Đông - Nam,4.0,5.0,Đã có sổ,Cơ bản,23.0,24,Hà Nội,Tây Hồ,Nhà riêng tại đường Lạc Long Quân,0.32,70-90 m²,>10 tỷ,21.0285,105.8542
"Hồ Chí Minh, Bình Tân, Nhà riêng tại đường Lê Đức Anh",70.8,4.0,6.0,Không xác định,Không xác định,2.0,1.0,Đã có sổ,Không xác định,3.8,24,Hồ Chí Minh,Bình Tân,Nhà riêng tại đường Lê Đức Anh,0.05,70-90 m²,<4 tỷ,10.7769,106.7009
"Đà Nẵng, Ngũ Hành Sơn, Nhà riêng tại đường Hoàng Bật Đạt",105.0,5.0,7.5,Không xác định,Không xác định,3.0,3.0,Đã có sổ,Đầy đủ,6.5,24,Đà Nẵng,Ngũ Hành Sơn,Nhà riêng tại đường Hoàng Bật Đạt,0.06,>90 m²,6-8 tỷ,16.0544,108.2022
"Hà Nội, Hà Đông, Nhà riêng tại đường Ỷ La",40.0,6.0,10.0,Không xác định,Không xác định,7.0,7.0,Đã có sổ,Đầy đủ,6.2,19,Hà Nội,Hà Đông,Nhà riêng tại đường Ỷ La,0.16,30-50 m²,6-8 tỷ,21.0285,105.8542
"Đà Nẵng, Hải Châu, Nhà riêng tại đường Huỳnh Thúc Kháng",70.0,4.2,5.5,Đông,Đông,7.0,5.0,Đã có sổ,Không xác định,11.5,24,Đà Nẵng,Hải Châu,Nhà riêng tại đường Huỳnh Thúc Kháng,0.16,50-70 m²,>10 tỷ,16.0544,108.2022
"Cà Mau, Trần Văn Thời, Nhà riêng tại thị trấn Sông Đốc",174.4,4.7,4.0,Tây - Nam,Tây - Nam,6.0,3.0,Đã có sổ,Không xác định,8.0,24,Cà Mau,Trần Văn Thời,Nhà riêng tại thị trấn Sông Đốc,0.05,>90 m²,6-8 tỷ,9.1769,105.15
"Hà Nội, Tây Hồ, Nhà riêng tại đường Trích Sài",70.0,4.0,5.0,Không xác định,Không xác định,6.0,5.0,Đã có sổ,Đầy đủ,42.0,24,Hà Nội,Tây Hồ,Nhà riêng tại đường Trích Sài,0.6,50-70 m²,>10 tỷ,21.0285,105.8542
"Hà Nội, Ba Đình, Nhà riêng tại đường Hoàng Hoa Thám",122.0,6.0,10.0,Không xác định,Không xác định,3.0,2.0,Không xác định,Không xác định,26.5,25,Hà Nội,Ba Đình,Nhà riêng tại đường Hoàng Hoa Thám,0.22,>90 m²,>10 tỷ,21.0285,105.8542
"Hồ Chí Minh, Quận 10, Nhà riêng tại đường Cách Mạng Tháng Tám",148.0,8.5,4.0,Không xác định,Không xác định,10.0,10.0,Đã có sổ,Không xác định,19.5,25,Hồ Chí Minh,Quận 10,Nhà riêng tại đường Cách Mạng Tháng Tám,0.13,>90 m²,>10 tỷ,10.7769,106.7009
"Hà Nội, Long Biên, Nhà riêng tại đường Ngọc Thụy",71.0,3.9,10.0,Không xác định,Không xác định,3.0,2.0,Đã có sổ,Không xác định,15.9,25,Hà Nội,Long Biên,Nhà riêng tại đường Ngọc Thụy,0.22,70-90 m²,>10 tỷ,21.0285,105.8542
"Hà Nội, Đống Đa, Nhà riêng tại phố Thái Thịnh",75.0,6.0,10.0,Không xác định,Không xác định,3.0,2.0,Không xác định,Không xác định,39.9,25,Hà Nội,Đống Đa,Nhà riêng tại phố Thái Thịnh,0.53,70-90 m²,>10 tỷ,21.0285,105.8542
"Hà Nội, Hoàng Mai, Nhà riêng tại đường Thịnh Liệt",34.0,3.0,7.0,Không xác định,Không xác định,4.0,2.0,Đã có sổ,Đầy đủ,10.0,25,Hà Nội,Hoàng Mai,Nhà riêng tại đường Thịnh Liệt,0.29,30-50 m²,8-10 tỷ,21.0285,105.8542
"Đà Nẵng, Hải Châu, Nhà riêng tại đường Nguyễn Văn Linh",46.0,6.0,10.0,Không xác định,Không xác định,3.0,2.0,Đã có sổ,Không xác định,3.85,25,Đà Nẵng,Hải Châu,Nhà riêng tại đường Nguyễn Văn Linh,0.08,30-50 m²,<4 tỷ,16.0544,108.2022
"Hồ Chí Minh, Quận 9, Nhà riêng tại đường Số 138",129.7,6.0,3.0,Không xác định,Không xác định,3.0,2.0,Đã có sổ,Không xác định,6.4,25,Hồ Chí Minh,Quận 9,Nhà riêng tại đường Số 138,0.05,>90 m²,6-8 tỷ,10.7769,106.7009
"Hồ Chí Minh, Quận 2, Nhà riêng tại đường Số 6",63.6,6.0,10.0,Không xác định,Không xác định,4.0,3.0,Đã có sổ,Không xác định,6.2,25,Hồ Chí Minh,Quận 2,Nhà riêng tại đường Số 6,0.1,50-70 m²,6-8 tỷ,10.7769,106.7009
"Hà Nội, Cầu Giấy, Nhà riêng tại đường Phạm Văn Đồng",36.0,3.85,10.0,Không xác định,Không xác định,4.0,4.0,Đã có sổ,Đầy đủ,10.4,25,Hà Nội,Cầu Giấy,Nhà riêng tại đường Phạm Văn Đồng,0.29,30-50 m²,>10 tỷ,21.0285,105.8542
"Hồ Chí Minh, Bình Tân, Nhà riêng tại đường Số 3",70.0,4.0,10.0,Đông,Không xác định,4.0,3.0,Đã có sổ,Không xác định,6.3,25,Hồ Chí Minh,Bình Tân,Nhà riêng tại đường Số 3,0.09,50-70 m²,6-8 tỷ,10.7769,106.7009
"Hồ Chí Minh, Quận 10, Nhà riêng tại đường Điện Biên Phủ",53.6,3.58,1.6,Không xác định,Không xác định,3.0,2.0,Đã có sổ,Không xác định,9.3,25,Hồ Chí Minh,Quận 10,Nhà riêng tại đường Điện Biên Phủ,0.17,50-70 m²,8-10 tỷ,10.7769,106.7009
"Hồ Chí Minh, Gò Vấp, Nhà riêng tại đường Số 21",113.4,6.0,4.7,Đông - Nam,Không xác định,3.0,2.0,Đã có sổ,Không xác định,9.2,25,Hồ Chí Minh,Gò Vấp,Nhà riêng tại đường Số 21,0.08,>90 m²,8-10 tỷ,10.7769,106.7009
"Đà Nẵng, Liên Chiểu, Nhà riêng tại đường Nguyễn Văn Cừ",333.6,6.0,10.0,Không xác định,Không xác định,15.0,2.0,Đã có sổ,Không xác định,0.02,25,Đà Nẵng,Liên Chiểu,Nhà riêng tại đường Nguyễn Văn Cừ,0.0,>90 m²,<4 tỷ,16.0544,108.2022
"Hồ Chí Minh, Bình Tân, Nhà riêng tại đường Liên khu 4-5",44.0,6.0,10.0,Không xác định,Không xác định,2.0,2.0,Hợp đồng mua bán,Đầy đủ,1.63,25,Hồ Chí Minh,Bình Tân,Nhà riêng tại đường Liên khu 4-5,0.04,30-50 m²,<4 tỷ,10.7769,106.7009
"Đồng Nai, Biên Hòa, Nhà riêng tại phường Trảng Dài",161.0,6.0,6.0,Đông - Bắc,Không xác định,3.0,2.0,Đã có sổ,Không xác định,2.88,25,Đồng Nai,Biên Hòa,Nhà riêng tại phường Trảng Dài,0.02,>90 m²,<4 tỷ,10.9454,106.8248
"Hải Phòng, Dương Kinh, Nhà riêng tại đường Phú Hải",59.0,4.2,3.0,Tây,Không xác định,3.0,2.0,Đã có sổ,Không xác định,4.68,25,Hải Phòng,Dương Kinh,Nhà riêng tại đường Phú Hải,0.08,50-70 m²,4-6 tỷ,20.8449,106.6881
"Thái Bình, Thái Bình, Nhà riêng tại đường Hoàng Văn Thụ",130.0,4.0,6.0,Nam,Không xác định,3.0,3.0,Không xác định,Đầy đủ,1.7,25,Thái Bình,Thái Bình,Nhà riêng tại đường Hoàng Văn Thụ,0.01,>90 m²,<4 tỷ,20.4464,106.3364
"Bà Rịa Vũng Tàu, Phú Mỹ, Nhà riêng tại phường Tân Phước",973.0,21.0,6.0,Đông,Đông,17.0,17.0,Đã có sổ,Cơ bản,11.0,25,Bà Rịa Vũng Tàu,Phú Mỹ,Nhà riêng tại phường Tân Phước,0.01,>90 m²,>10 tỷ,10.4114,107.1362
"Hà Nội, Thanh Xuân, Nhà riêng tại đường Nguyễn Trãi",56.0,6.0,10.0,Không xác định,Không xác định,3.0,2.0,Đã có sổ,Đầy đủ,11.0,25,Hà Nội,Thanh Xuân,Nhà riêng tại đường Nguyễn Trãi,0.2,50-70 m²,>10 tỷ,21.0285,105.8542
"Hà Nội, Bắc Từ Liêm, Nhà riêng tại đường Phạm Văn Đồng",33.0,3.2,10.0,Không xác định,Không xác định,3.0,2.0,Đã có sổ,Cơ bản,6.98,25,Hà Nội,Bắc Từ Liêm,Nhà riêng tại đường Phạm Văn Đồng,0.21,30-50 m²,6-8 tỷ,21.0285,105.8542
"Đồng Nai, Biên Hòa, Nhà riêng tại đường Bùi Văn Hòa",95.0,5.0,10.0,Không xác định,Không xác định,3.0,2.0,Đã có sổ,Đầy đủ,4.37,25,Đồng Nai,Biên Hòa,Nhà riêng tại đường Bùi Văn Hòa,0.05,>90 m²,4-6 tỷ,10.9454,106.8248
"Hồ Chí Minh, Thủ Đức, Nhà riêng tại đường Nguyễn Duy Trinh",83.2,4.0,6.0,Không xác định,Không xác định,2.0,2.0,Đã có sổ,Không xác định,4.8,25,Hồ Chí Minh,Thủ Đức,Nhà riêng tại đường Nguyễn Duy Trinh,0.06,70-90 m²,4-6 tỷ,10.7769,106.7009
"Hồ Chí Minh, Thủ Đức, Nhà riêng tại đường Xa Lộ Hà Nội",60.0,6.0,10.0,Đông - Nam,Đông - Nam,3.0,2.0,Đã có sổ,Không xác định,5.0,25,Hồ Chí Minh,Thủ Đức,Nhà riêng tại đường Xa Lộ Hà Nội,0.08,50-70 m²,4-6 tỷ,10.7769,106.7009
"Long An, Tân An, Nhà riêng tại đường Nguyễn Cửu Vân",681.0,12.0,6.0,Không xác định,Không xác định,24.0,24.0,Đã có sổ,Cơ bản,10.5,25,Long An,Tân An,Nhà riêng tại đường Nguyễn Cửu Vân,0.02,>90 m²,>10 tỷ,10.536,106.4099
"Hà Nội, Long Biên, Nhà riêng tại đường Hoàng Như Tiếp",30.0,3.8,3.0,Nam,Nam,3.0,3.0,Đã có sổ,Cơ bản,8.9,25,Hà Nội,Long Biên,Nhà riêng tại đường Hoàng Như Tiếp,0.3,<30 m²,8-10 tỷ,21.0285,105.8542
"Hồ Chí Minh, Thủ Đức, Nhà riêng tại đường 6",61.0,6.0,10.0,Không xác định,Không xác định,2.0,2.0,Đã có sổ,Không xác định,4.9,25,Hồ Chí Minh,Thủ Đức,Nhà riêng tại đường 6,0.08,50-70 m²,4-6 tỷ,10.7769,106.7009
"Hà Nội, Hà Đông, Nhà riêng tại đường Hà Trì 2",30.0,6.0,10.0,Không xác định,Không xác định,3.0,2.0,Không xác định,Không xác định,7.86,25,Hà Nội,Hà Đông,Nhà riêng tại đường Hà Trì 2,0.26,<30 m²,6-8 tỷ,21.0285,105.8542
"Hồ Chí Minh, Thủ Đức, Nhà riêng tại đường 4C",197.3,6.0,4.0,Tây - Bắc,Không xác định,3.0,2.0,Không xác định,Không xác định,13.5,25,Hồ Chí Minh,Thủ Đức,Nhà riêng tại đường 4C,0.07,>90 m²,>10 tỷ,10.7769,106.7009
"Bình Dương, Dĩ An, Nhà riêng tại đường Nguyễn Trung Trực",100.0,5.0,6.0,Không xác định,Không xác định,4.0,4.0,Đã có sổ,Đầy đủ,7.8,25,Bình Dương,Dĩ An,Nhà riêng tại đường Nguyễn Trung Trực,0.08,>90 m²,6-8 tỷ,11.1604,106.6508
"Hồ Chí Minh, Hóc Môn, Nhà riêng tại đường Tân Hiệp 46",203.5,10.0,6.0,Đông - Bắc,Không xác định,4.0,3.0,Đã có sổ,Không xác định,8.6,25,Hồ Chí Minh,Hóc Môn,Nhà riêng tại đường Tân Hiệp 46,0.04,>90 m²,8-10 tỷ,10.7769,106.7009
"Hồ Chí Minh, Tân Bình, Nhà riêng tại đường Hoàng Văn Thụ",140.0,3.8,7.0,Không xác định,Không xác định,18.0,19.0,Đã có sổ,Đầy đủ,16.4,26,Hồ Chí Minh,Tân Bình,Nhà riêng tại đường Hoàng Văn Thụ,0.12,>90 m²,>10 tỷ,10.7769,106.7009
"Hồ Chí Minh, Thủ Đức, Nhà riêng tại đường Số 138",80.0,8.0,4.0,Tây,Không xác định,3.0,2.0,Không xác định,Không xác định,4.9,26,Hồ Chí Minh,Thủ Đức,Nhà riêng tại đường Số 138,0.06,70-90 m²,4-6 tỷ,10.7769,106.7009
"Hà Nội, Bắc Từ Liêm, Nhà riêng tại đường Hoàng Công Chất",74.0,3.4,10.0,Không xác định,Không xác định,3.0,4.0,Không xác định,Không xác định,6.5,26,Hà Nội,Bắc Từ Liêm,Nhà riêng tại đường Hoàng Công Chất,0.09,70-90 m²,6-8 tỷ,21.0285,105.8542
"Hà Nội, Sóc Sơn, Nhà riêng tại đường Tỉnh lộ 131",85.0,5.0,6.0,Đông - Bắc,Đông - Bắc,2.0,2.0,Đã có sổ,Không xác định,3.1,26,Hà Nội,Sóc Sơn,Nhà riêng tại đường Tỉnh lộ 131,0.04,70-90 m²,<4 tỷ,21.0285,105.8542
"Bà Rịa Vũng Tàu, Bà Rịa, Nhà riêng tại đường Lương Thế Vinh",97.5,5.0,16.0,Đông - Bắc,Đông - Bắc,4.0,2.0,Đã có sổ,Đầy đủ,5.0,26,Bà Rịa Vũng Tàu,Bà Rịa,Nhà riêng tại đường Lương Thế Vinh,0.05,>90 m²,4-6 tỷ,10.4114,107.1362
"Hồ Chí Minh, Quận 12, Nhà riêng tại Khu dân cư Thạnh Xuân",110.0,4.0,6.0,Tây - Bắc,Không xác định,2.0,2.0,Đã có sổ,Cơ bản,5.3,26,Hồ Chí Minh,Quận 12,Nhà riêng tại Khu dân cư Thạnh Xuân,0.05,>90 m²,4-6 tỷ,10.7769,106.7009
"Hồ Chí Minh, Quận 12, Nhà riêng tại đường Dương Thị Giang",300.0,6.0,10.0,Không xác định,Không xác định,35.0,35.0,Đã có sổ,Đầy đủ,26.0,25,Hồ Chí Minh,Quận 12,Nhà riêng tại đường Dương Thị Giang,0.09,>90 m²,>10 tỷ,10.7769,106.7009
"Hồ Chí Minh, Bình Chánh, Nhà riêng tại đường Cây Bàng",18.24,3.0,4.0,Tây,Tây,1.0,1.0,Hợp đồng mua bán,Không xác định,1.27,25,Hồ Chí Minh,Bình Chánh,Nhà riêng tại đường Cây Bàng,0.07,<30 m²,<4 tỷ,10.7769,106.7009
"Hồ Chí Minh, Tân Bình, Nhà riêng tại đường Thiên Phước",30.0,6.0,4.0,Tây - Nam,Không xác định,4.0,3.0,Đã có sổ,Đầy đủ,5.6,25,Hồ Chí Minh,Tân Bình,Nhà riêng tại đường Thiên Phước,0.19,<30 m²,4-6 tỷ,10.7769,106.7009
"Hồ Chí Minh, Bình Tân, Nhà riêng tại đường Bình Trị Đông",70.0,4.0,8.0,Không xác định,Không xác định,3.0,2.0,Đã có sổ,Cơ bản,7.4,25,Hồ Chí Minh,Bình Tân,Nhà riêng tại đường Bình Trị Đông,0.11,50-70 m²,6-8 tỷ,10.7769,106.7009
"Hà Nội, Long Biên, Nhà riêng tại đường Bát Khối",34.0,6.0,10.0,Không xác định,Không xác định,3.0,4.0,Đã có sổ,Đầy đủ,5.4,25,Hà Nội,Long Biên,Nhà riêng tại đường Bát Khối,0.16,30-50 m²,4-6 tỷ,21.0285,105.8542
"Hà Nội, Hà Đông, Nhà riêng tại đường Kiến Hưng",38.0,4.5,10.0,Đông - Bắc,Đông,5.0,4.0,Đã có sổ,Không xác định,7.0,25,Hà Nội,Hà Đông,Nhà riêng tại đường Kiến Hưng,0.18,30-50 m²,6-8 tỷ,21.0285,105.8542
"Hà Nội, Bắc Từ Liêm, Nhà riêng tại đường Trung Kiên",40.0,5.0,10.0,Đông,Tây - Bắc,4.0,3.0,Đã có sổ,Đầy đủ,6.6,25,Hà Nội,Bắc Từ Liêm,Nhà riêng tại đường Trung Kiên,0.16,30-50 m²,6-8 tỷ,21.0285,105.8542
"Hồ Chí Minh, Bình Tân, Nhà riêng tại đường Sinco",53.0,4.0,8.0,Đông - Nam,Đông - Nam,3.0,4.0,Đã có sổ,Cơ bản,7.49,25,Hồ Chí Minh,Bình Tân,Nhà riêng tại đường Sinco,0.14,50-70 m²,6-8 tỷ,10.7769,106.7009
"Lạng Sơn, Lạng Sơn, Nhà riêng tại phường Chi Lăng",60.0,6.0,10.0,Không xác định,Không xác định,3.0,2.0,Không xác định,Không xác định,1.5,25,Lạng Sơn,Lạng Sơn,Nhà riêng tại phường Chi Lăng,0.02,50-70 m²,<4 tỷ,21.8537,106.761
"Hà Nội, Đống Đa, Nhà riêng tại đường Trường Chinh",54.7,5.03,3.0,Tây - Nam,Tây - Nam,4.0,3.0,Đã có sổ,Cơ bản,0.35,25,Hà Nội,Đống Đa,Nhà riêng tại đường Trường Chinh,0.01,50-70 m²,<4 tỷ,21.0285,105.8542
"Hồ Chí Minh, Quận 7, Nhà riêng tại đường Huỳnh Tấn Phát",107.2,4.2,2.0,Đông - Bắc,Không xác định,2.0,2.0,Đã có sổ,Không xác định,8.0,25,Hồ Chí Minh,Quận 7,Nhà riêng tại đường Huỳnh Tấn Phát,0.07,>90 m²,6-8 tỷ,10.7769,106.7009
"Hồ Chí Minh, Bình Tân, Nhà riêng tại đường Kênh 26/3",50.0,5.2,5.0,Tây - Bắc,Tây - Bắc,3.0,3.0,Đã có sổ,Không xác định,6.5,25,Hồ Chí Minh,Bình Tân,Nhà riêng tại đường Kênh 26/3,0.13,30-50 m²,6-8 tỷ,10.7769,106.7009
"An Giang, Long Xuyên, Nhà riêng tại phường Mỹ Hòa",114.0,6.0,12.0,Đông - Nam,Không xác định,3.0,2.0,Đã có sổ,Không xác định,4.4,25,An Giang,Long Xuyên,Nhà riêng tại phường Mỹ Hòa,0.04,>90 m²,4-6 tỷ,10.3759,105.4185
"Cần Thơ, Bình Thủy, Nhà riêng tại đường Cách Mạng Tháng Tám",130.0,6.0,3.6,Không xác định,Đông - Bắc,3.0,2.0,Đã có sổ,Không xác định,3.7,25,Cần Thơ,Bình Thủy,Nhà riêng tại đường Cách Mạng Tháng Tám,0.03,>90 m²,<4 tỷ,10.0452,105.7469
"Hà Nội, Hoàng Mai, Nhà riêng tại đường Kim Giang",33.0,5.0,3.0,Không xác định,Không xác định,3.0,4.0,Đã có sổ,Đầy đủ,7.0,26,Hà Nội,Hoàng Mai,Nhà riêng tại đường Kim Giang,0.21,30-50 m²,6-8 tỷ,21.0285,105.8542
"Hà Nội, Hoàng Mai, Nhà riêng tại đường Định Công Thượng",30.0,4.5,3.0,Không xác định,Không xác định,3.0,4.0,Đã có sổ,Đầy đủ,6.8,26,Hà Nội,Hoàng Mai,Nhà riêng tại đường Định Công Thượng,0.23,<30 m²,6-8 tỷ,21.0285,105.8542
"Hà Nội, Hoàng Mai, Nhà riêng tại đường Định Công Thượng",33.0,6.0,10.0,Không xác định,Không xác định,3.0,4.0,Đã có sổ,Đầy đủ,7.3,26,Hà Nội,Hoàng Mai,Nhà riêng tại đường Định Công Thượng,0.22,30-50 m²,6-8 tỷ,21.0285,105.8542
"Hà Nội, Hoàng Mai, Nhà riêng tại đường Định Công Thượng",36.0,3.7,2.5,Không xác định,Không xác định,3.0,2.0,Đã có sổ,Cơ bản,7.0,26,Hà Nội,Hoàng Mai,Nhà riêng tại đường Định Công Thượng,0.19,30-50 m²,6-8 tỷ,21.0285,105.8542
"Hà Nội, Thanh Trì, Nhà riêng tại đường Kim Giang",36.0,6.0,3.0,Không xác định,Không xác định,5.0,6.0,Đã có sổ,Đầy đủ,8.0,26,Hà Nội,Thanh Trì,Nhà riêng tại đường Kim Giang,0.22,30-50 m²,6-8 tỷ,21.0285,105.8542
"Hà Nội, Hoàng Mai, Nhà riêng tại đường Lê Trọng Tấn",35.0,6.0,3.0,Không xác định,Không xác định,3.0,4.0,Đã có sổ,Không xác định,7.0,26,Hà Nội,Hoàng Mai,Nhà riêng tại đường Lê Trọng Tấn,0.2,30-50 m²,6-8 tỷ,21.0285,105.8542
"Hà Nội, Hoàng Mai, Nhà riêng tại đường Bùi Xương Trạch",40.0,6.0,3.0,Không xác định,Không xác định,4.0,5.0,Đã có sổ,Đầy đủ,7.0,26,Hà Nội,Hoàng Mai,Nhà riêng tại đường Bùi Xương Trạch,0.18,30-50 m²,6-8 tỷ,21.0285,105.8542
"Hà Nội, Long Biên, Nhà riêng tại đường Tư Đình",52.0,7.1,5.0,Tây - Nam,Không xác định,4.0,3.0,Đã có sổ,Đầy đủ,20.0,26,Hà Nội,Long Biên,Nhà riêng tại đường Tư Đình,0.38,50-70 m²,>10 tỷ,21.0285,105.8542
"Hồ Chí Minh, Gò Vấp, Nhà riêng tại đường Số 9",153.0,10.0,10.0,Không xác định,Không xác định,3.0,2.0,Đã có sổ,Không xác định,15.5,26,Hồ Chí Minh,Gò Vấp,Nhà riêng tại đường Số 9,0.1,>90 m²,>10 tỷ,10.7769,106.7009
"Hồ Chí Minh, Bình Chánh, Nhà riêng tại đường Quốc Lộ 50",180.0,6.0,10.0,Không xác định,Không xác định,1.0,1.0,Đã có sổ,Không xác định,8.5,26,Hồ Chí Minh,Bình Chánh,Nhà riêng tại đường Quốc Lộ 50,0.05,>90 m²,8-10 tỷ,10.7769,106.7009
"Bình Dương, Dĩ An, Nhà riêng tại đường Nguyễn Thị Chạy",63.0,4.5,4.0,Tây - Bắc,Tây - Bắc,4.0,3.0,Không xác định,Không xác định,2.0,26,Bình Dương,Dĩ An,Nhà riêng tại đường Nguyễn Thị Chạy,0.03,50-70 m²,<4 tỷ,11.1604,106.6508
"Đồng Nai, Biên Hòa, Nhà riêng tại đường Hồ Văn Huê",106.0,5.0,5.0,Đông - Nam,Không xác định,3.0,2.0,Hợp đồng mua bán,Đầy đủ,1.65,26,Đồng Nai,Biên Hòa,Nhà riêng tại đường Hồ Văn Huê,0.02,>90 m²,<4 tỷ,10.9454,106.8248
"Đồng Nai, Biên Hòa, Nhà riêng tại đường Phạm Văn Thuận",105.0,5.6,6.0,Không xác định,Không xác định,1.0,1.0,Đã có sổ,Không xác định,5.5,26,Đồng Nai,Biên Hòa,Nhà riêng tại đường Phạm Văn Thuận,0.05,>90 m²,4-6 tỷ,10.9454,106.8248
"Hồ Chí Minh, Bình Tân, Nhà riêng tại đường Số 16",142.6,4.5,3.9,Đông - Bắc,Không xác định,3.0,2.0,Đã có sổ,Không xác định,9.4,26,Hồ Chí Minh,Bình Tân,Nhà riêng tại đường Số 16,0.07,>90 m²,8-10 tỷ,10.7769,106.7009
"Hà Nội, Đống Đa, Nhà riêng tại đường Đê La Thành",20.0,3.0,3.0,Không xác định,Không xác định,3.0,3.0,Đã có sổ,Cơ bản,5.45,26,Hà Nội,Đống Đa,Nhà riêng tại đường Đê La Thành,0.27,<30 m²,4-6 tỷ,21.0285,105.8542
"Hà Nội, Đống Đa, Nhà riêng tại đường Đê La Thành",31.0,3.5,4.0,Không xác định,Không xác định,3.0,3.0,Đã có sổ,Đầy đủ,10.0,26,Hà Nội,Đống Đa,Nhà riêng tại đường Đê La Thành,0.32,30-50 m²,8-10 tỷ,21.0285,105.8542
"Hà Nội, Cầu Giấy, Nhà riêng tại đường Trần Duy Hưng",50.0,8.0,10.0,Đông - Nam,Đông - Nam,4.0,4.0,Đã có sổ,Đầy đủ,13.4,26,Hà Nội,Cầu Giấy,Nhà riêng tại đường Trần Duy Hưng,0.27,30-50 m²,>10 tỷ,21.0285,105.8542
"Hồ Chí Minh, Quận 4, Nhà riêng tại đường Tôn Đản",95.0,4.8,4.08,Tây - Nam,Không xác định,3.0,2.0,Đã có sổ,Không xác định,6.8,26,Hồ Chí Minh,Quận 4,Nhà riêng tại đường Tôn Đản,0.07,>90 m²,6-8 tỷ,10.7769,106.7009
"Hà Nội, Thanh Xuân, Nhà riêng tại đường Vương Thừa Vũ",45.0,6.0,4.0,Đông - Nam,Không xác định,7.0,5.0,Đã có sổ,Đầy đủ,12.5,26,Hà Nội,Thanh Xuân,Nhà riêng tại đường Vương Thừa Vũ,0.28,30-50 m²,>10 tỷ,21.0285,105.8542
"Đà Nẵng, Sơn Trà, Nhà riêng tại đường Nguyễn Phan Vinh",140.0,7.0,5.5,Tây,Không xác định,2.0,2.0,Đã có sổ,Cơ bản,6.9,26,Đà Nẵng,Sơn Trà,Nhà riêng tại đường Nguyễn Phan Vinh,0.05,>90 m²,6-8 tỷ,16.0544,108.2022
"Hồ Chí Minh, Phú Nhuận, Nhà riêng tại đường Phan Xích Long",33.8,6.0,6.0,Không xác định,Không xác định,3.0,4.0,Đã có sổ,Cơ bản,7.5,26,Hồ Chí Minh,Phú Nhuận,Nhà riêng tại đường Phan Xích Long,0.22,30-50 m²,6-8 tỷ,10.7769,106.7009
"Hồ Chí Minh, Quận 3, Nhà riêng tại đường Trần Quang Diệu",57.9,4.0,8.0,Đông,Đông,5.0,3.0,Đã có sổ,Không xác định,15.0,12,Hồ Chí Minh,Quận 3,Nhà riêng tại đường Trần Quang Diệu,0.26,50-70 m²,>10 tỷ,10.7769,106.7009
"Hồ Chí Minh, Quận 10, Nhà riêng tại đường Cách Mạng Tháng Tám",81.0,6.0,10.0,Không xác định,Không xác định,7.0,7.0,Đã có sổ,Đầy đủ,19.0,26,Hồ Chí Minh,Quận 10,Nhà riêng tại đường Cách Mạng Tháng Tám,0.23,70-90 m²,>10 tỷ,10.7769,106.7009
"Hồ Chí Minh, Hóc Môn, Nhà riêng tại xã Xuân Thới Thượng",100.0,4.6,10.0,Không xác định,Không xác định,3.0,2.0,Đã có sổ,Không xác định,4.8,26,Hồ Chí Minh,Hóc Môn,Nhà riêng tại xã Xuân Thới Thượng,0.05,>90 m²,4-6 tỷ,10.7769,106.7009
"Đồng Nai, Biên Hòa, Nhà riêng tại đường Nguyễn Tri Phương",84.0,5.0,6.0,Không xác định,Không xác định,3.0,2.0,Đã có sổ,Cơ bản,3.85,26,Đồng Nai,Biên Hòa,Nhà riêng tại đường Nguyễn Tri Phương,0.05,70-90 m²,<4 tỷ,10.9454,106.8248
"Hồ Chí Minh, Quận 1, Nhà riêng tại đường Nguyễn Trãi",68.0,3.9,4.0,Đông - Bắc,Không xác định,3.0,2.0,Đã có sổ,Cơ bản,18.0,26,Hồ Chí Minh,Quận 1,Nhà riêng tại đường Nguyễn Trãi,0.26,50-70 m²,>10 tỷ,10.7769,106.7009
"Hà Nội, Hoàn Kiếm, Nhà riêng tại đường Cổng Đục",160.0,8.0,4.0,Đông - Bắc,Đông - Bắc,14.0,14.0,Đã có sổ,Đầy đủ,126.0,26,Hà Nội,Hoàn Kiếm,Nhà riêng tại đường Cổng Đục,0.79,>90 m²,>10 tỷ,21.0285,105.8542
"Đồng Nai, Biên Hòa, Nhà riêng tại đường Bùi Hữu Nghĩa",119.0,7.0,10.0,Tây - Nam,Tây,2.0,1.0,Đã có sổ,Không xác định,1.9,26,Đồng Nai,Biên Hòa,Nhà riêng tại đường Bùi Hữu Nghĩa,0.02,>90 m²,<4 tỷ,10.9454,106.8248
"Hải Phòng, Lê Chân, Nhà riêng tại phố Trần Nguyên Hãn",60.0,4.5,10.0,Không xác định,Không xác định,3.0,2.0,Đã có sổ,Không xác định,8.16,26,Hải Phòng,Lê Chân,Nhà riêng tại phố Trần Nguyên Hãn,0.14,50-70 m²,8-10 tỷ,20.8449,106.6881
"Hà Nội, Đống Đa, Nhà riêng tại phố Chùa Láng",35.0,6.0,10.0,Không xác định,Không xác định,5.0,5.0,Đã có sổ,Đầy đủ,14.0,26,Hà Nội,Đống Đa,Nhà riêng tại phố Chùa Láng,0.4,30-50 m²,>10 tỷ,21.0285,105.8542
"Hà Nội, Bắc Từ Liêm, Nhà riêng tại đường Phạm Văn Đồng",59.0,8.0,3.0,Đông - Nam,Đông - Nam,13.0,13.0,Đã có sổ,Đầy đủ,15.0,26,Hà Nội,Bắc Từ Liêm,Nhà riêng tại đường Phạm Văn Đồng,0.25,50-70 m²,>10 tỷ,21.0285,105.8542
"Hà Nội, Cầu Giấy, Nhà riêng tại phố Trung Kính",66.0,6.0,10.0,Không xác định,Không xác định,4.0,4.0,Đã có sổ,Không xác định,27.0,26,Hà Nội,Cầu Giấy,Nhà riêng tại phố Trung Kính,0.41,50-70 m²,>10 tỷ,21.0285,105.8542
"Hồ Chí Minh, Bình Thạnh, Nhà riêng tại đường Ngô Đức Kế",62.0,5.8,4.0,Không xác định,Không xác định,7.0,7.0,Đã có sổ,Không xác định,9.79,26,Hồ Chí Minh,Bình Thạnh,Nhà riêng tại đường Ngô Đức Kế,0.16,50-70 m²,8-10 tỷ,10.7769,106.7009
"Hồ Chí Minh, Bình Thạnh, Nhà riêng tại đường Xô Viết Nghệ Tĩnh",108.0,7.0,4.0,Không xác định,Không xác định,3.0,2.0,Đã có sổ,Cơ bản,15.5,26,Hồ Chí Minh,Bình Thạnh,Nhà riêng tại đường Xô Viết Nghệ Tĩnh,0.14,>90 m²,>10 tỷ,10.7769,106.7009
"Bà Rịa Vũng Tàu, Bà Rịa, Nhà riêng tại Lan Anh Residential",100.0,6.0,6.0,Bắc,Bắc,3.0,2.0,Đã có sổ,Đầy đủ,3.2,26,Bà Rịa Vũng Tàu,Bà Rịa,Nhà riêng tại Lan Anh Residential,0.03,>90 m²,<4 tỷ,10.4114,107.1362
"Hà Nội, Thanh Xuân, Nhà riêng tại đường Bùi Xương Trạch",45.0,5.2,10.0,Đông,Đông,4.0,4.0,Đã có sổ,Không xác định,16.2,26,Hà Nội,Thanh Xuân,Nhà riêng tại đường Bùi Xương Trạch,0.36,30-50 m²,>10 tỷ,21.0285,105.8542
"Hồ Chí Minh, Bình Tân, Nhà riêng tại đường 16",54.0,12.0,6.0,Bắc,Không xác định,4.0,3.0,Đã có sổ,Không xác định,7.3,26,Hồ Chí Minh,Bình Tân,Nhà riêng tại đường 16,0.14,50-70 m²,6-8 tỷ,10.7769,106.7009
"Hồ Chí Minh, Bình Thạnh, Nhà riêng tại đường Xô Viết Nghệ Tĩnh",41.6,3.5,5.0,Đông - Bắc,Không xác định,3.0,2.0,Đã có sổ,Không xác định,8.0,26,Hồ Chí Minh,Bình Thạnh,Nhà riêng tại đường Xô Viết Nghệ Tĩnh,0.19,30-50 m²,6-8 tỷ,10.7769,106.7009
"Hồ Chí Minh, Bình Thạnh, Nhà riêng tại phường 26",102.36,6.0,10.0,Bắc,Không xác định,16.0,16.0,Đã có sổ,Cơ bản,25.0,25,Hồ Chí Minh,Bình Thạnh,Nhà riêng tại phường 26,0.24,>90 m²,>10 tỷ,10.7769,106.7009
"Hà Nội, Hoàng Mai, Nhà riêng tại đường Kim Giang",33.0,6.0,3.0,Không xác định,Không xác định,3.0,4.0,Đã có sổ,Đầy đủ,7.3,26,Hà Nội,Hoàng Mai,Nhà riêng tại đường Kim Giang,0.22,30-50 m²,6-8 tỷ,21.0285,105.8542
"Đồng Nai, Long Thành, Nhà riêng tại đường Lê Duẩn",439.0,12.0,5.0,Không xác định,Không xác định,3.0,2.0,Đã có sổ,Không xác định,7.63,27,Đồng Nai,Long Thành,Nhà riêng tại đường Lê Duẩn,0.02,>90 m²,6-8 tỷ,10.9454,106.8248
"Đà Nẵng, Cẩm Lệ, Nhà riêng tại đường Phước Hòa 5",73.0,5.0,3.0,Không xác định,Không xác định,4.0,4.0,Đã có sổ,Đầy đủ,6.69,27,Đà Nẵng,Cẩm Lệ,Nhà riêng tại đường Phước Hòa 5,0.09,70-90 m²,6-8 tỷ,16.0544,108.2022
"Bình Dương, Tân Uyên, Nhà riêng tại đường D2",72.0,4.5,7.0,Không xác định,Không xác định,3.0,4.0,Đã có sổ,Đầy đủ,3.3,27,Bình Dương,Tân Uyên,Nhà riêng tại đường D2,0.05,70-90 m²,<4 tỷ,11.1604,106.6508
"Bình Dương, Dĩ An, Nhà riêng tại đường Đào Sư Tích",73.0,4.5,4.0,Bắc,Bắc,4.0,2.0,Đã có sổ,Cơ bản,4.25,27,Bình Dương,Dĩ An,Nhà riêng tại đường Đào Sư Tích,0.06,70-90 m²,4-6 tỷ,11.1604,106.6508
"Khánh Hòa, Nha Trang, Nhà riêng tại đường Dương Văn An",55.8,5.0,10.0,Tây - Bắc,Không xác định,1.0,1.0,Đã có sổ,Không xác định,5.88,27,Khánh Hòa,Nha Trang,Nhà riêng tại đường Dương Văn An,0.11,50-70 m²,4-6 tỷ,12.2388,109.1967
"Hồ Chí Minh, Bình Chánh, Nhà riêng tại Khu dân cư Phi Long 5",92.5,12.0,12.0,Đông - Bắc,Đông - Bắc,5.0,5.0,Không xác định,Không xác định,6.9,27,Hồ Chí Minh,Bình Chánh,Nhà riêng tại Khu dân cư Phi Long 5,0.07,>90 m²,6-8 tỷ,10.7769,106.7009
"Hải Phòng, Hồng Bàng, Nhà riêng tại đường Trương Văn Lực",57.3,3.7,3.0,Tây,Không xác định,3.0,3.0,Đã có sổ,Đầy đủ,3.35,27,Hải Phòng,Hồng Bàng,Nhà riêng tại đường Trương Văn Lực,0.06,50-70 m²,<4 tỷ,20.8449,106.6881
"Hồ Chí Minh, Tân Phú, Nhà riêng tại đường Lê Đình Thám",108.0,6.0,10.0,Đông,Không xác định,5.0,4.0,Đã có sổ,Cơ bản,11.3,27,Hồ Chí Minh,Tân Phú,Nhà riêng tại đường Lê Đình Thám,0.1,>90 m²,>10 tỷ,10.7769,106.7009
"Hồ Chí Minh, Thủ Đức, Nhà riêng tại đường 49",44.0,4.0,10.0,Không xác định,Không xác định,3.0,2.0,Đã có sổ,Không xác định,4.5,26,Hồ Chí Minh,Thủ Đức,Nhà riêng tại đường 49,0.1,30-50 m²,4-6 tỷ,10.7769,106.7009
"Đà Nẵng, Cẩm Lệ, Nhà riêng tại đường Bình Thái 1",80.0,5.0,5.0,Không xác định,Không xác định,3.0,3.0,Đã có sổ,Đầy đủ,4.95,27,Đà Nẵng,Cẩm Lệ,Nhà riêng tại đường Bình Thái 1,0.06,70-90 m²,4-6 tỷ,16.0544,108.2022
"Hồ Chí Minh, Bình Thạnh, Nhà riêng tại đường Nguyễn Thượng Hiền",51.0,6.0,6.0,Không xác định,Không xác định,3.0,4.0,Đã có sổ,Đầy đủ,13.95,27,Hồ Chí Minh,Bình Thạnh,Nhà riêng tại đường Nguyễn Thượng Hiền,0.27,50-70 m²,>10 tỷ,10.7769,106.7009
"Hà Nội, Long Biên, Nhà riêng tại đường Ngọc Lâm",23.0,6.0,10.0,Không xác định,Không xác định,2.0,2.0,Đã có sổ,Cơ bản,5.0,26,Hà Nội,Long Biên,Nhà riêng tại đường Ngọc Lâm,0.22,<30 m²,4-6 tỷ,21.0285,105.8542
"Hà Nội, Long Biên, Nhà riêng tại đường Nguyễn Văn Cừ",85.0,5.2,7.0,Không xác định,Không xác định,17.0,17.0,Đã có sổ,Đầy đủ,29.0,26,Hà Nội,Long Biên,Nhà riêng tại đường Nguyễn Văn Cừ,0.34,70-90 m²,>10 tỷ,21.0285,105.8542
"Hà Nội, Long Biên, Nhà riêng tại đường Ngọc Lâm",64.0,5.8,10.0,Không xác định,Không xác định,6.0,5.0,Đã có sổ,Đầy đủ,14.5,26,Hà Nội,Long Biên,Nhà riêng tại đường Ngọc Lâm,0.23,50-70 m²,>10 tỷ,21.0285,105.8542
"Hà Nội, Thanh Trì, Nhà riêng tại đường Cầu Bươu",95.5,7.0,3.0,Đông - Nam,Không xác định,3.0,2.0,Đã có sổ,Đầy đủ,17.5,26,Hà Nội,Thanh Trì,Nhà riêng tại đường Cầu Bươu,0.18,>90 m²,>10 tỷ,21.0285,105.8542
"Hồ Chí Minh, Quận 3, Nhà riêng tại đường Trần Quang Diệu",35.4,6.0,6.0,Bắc,Bắc,4.0,3.0,Đã có sổ,Đầy đủ,17.0,26,Hồ Chí Minh,Quận 3,Nhà riêng tại đường Trần Quang Diệu,0.48,30-50 m²,>10 tỷ,10.7769,106.7009
"Hồ Chí Minh, Thủ Đức, Nhà riêng tại đường Số 6",94.7,6.0,2.5,Tây - Bắc,Không xác định,5.0,5.0,Đã có sổ,Cơ bản,3.7,26,Hồ Chí Minh,Thủ Đức,Nhà riêng tại đường Số 6,0.04,>90 m²,<4 tỷ,10.7769,106.7009
"Hà Nội, Thanh Trì, Nhà riêng tại đường Ngũ Hiệp",72.0,4.2,3.5,Không xác định,Không xác định,5.0,3.0,Đã có sổ,Cơ bản,10.5,26,Hà Nội,Thanh Trì,Nhà riêng tại đường Ngũ Hiệp,0.15,70-90 m²,>10 tỷ,21.0285,105.8542
"Hà Nội, Nam Từ Liêm, Nhà riêng tại đường Hồ Tùng Mậu",60.0,6.0,10.0,Không xác định,Không xác định,18.0,18.0,Đã có sổ,Đầy đủ,17.5,26,Hà Nội,Nam Từ Liêm,Nhà riêng tại đường Hồ Tùng Mậu,0.29,50-70 m²,>10 tỷ,21.0285,105.8542
"Khánh Hòa, Nha Trang, Nhà riêng tại đường Trần Phú",112.2,4.0,25.0,Nam,Không xác định,1.0,1.0,Đã có sổ,Không xác định,7.8,26,Khánh Hòa,Nha Trang,Nhà riêng tại đường Trần Phú,0.07,>90 m²,6-8 tỷ,12.2388,109.1967
"Hồ Chí Minh, Quận 12, Nhà riêng tại đường Tô Ký",58.0,4.3,4.0,Không xác định,Không xác định,2.0,2.0,Đã có sổ,Cơ bản,3.5,27,Hồ Chí Minh,Quận 12,Nhà riêng tại đường Tô Ký,0.06,50-70 m²,<4 tỷ,10.7769,106.7009
"Hồ Chí Minh, Gò Vấp, Nhà riêng tại đường Dương Quảng Hàm",39.0,6.0,6.0,Không xác định,Không xác định,3.0,4.0,Đã có sổ,Đầy đủ,7.35,27,Hồ Chí Minh,Gò Vấp,Nhà riêng tại đường Dương Quảng Hàm,0.19,30-50 m²,6-8 tỷ,10.7769,106.7009
"Hà Nội, Bắc Từ Liêm, Nhà riêng tại đường Lê Văn Hiến",41.0,3.5,3.5,Không xác định,Không xác định,5.0,3.0,Đã có sổ,Không xác định,10.9,27,Hà Nội,Bắc Từ Liêm,Nhà riêng tại đường Lê Văn Hiến,0.27,30-50 m²,>10 tỷ,21.0285,105.8542
"Hà Nội, Bắc Từ Liêm, Nhà riêng tại đường Bờ Tây Sông Nhuệ",43.0,3.5,3.5,Không xác định,Không xác định,5.0,3.0,Đã có sổ,Đầy đủ,10.8,27,Hà Nội,Bắc Từ Liêm,Nhà riêng tại đường Bờ Tây Sông Nhuệ,0.25,30-50 m²,>10 tỷ,21.0285,105.8542
"Hồ Chí Minh, Bình Tân, Nhà riêng tại đường Phạm Đăng Giảng",66.0,4.2,6.0,Đông - Bắc,Đông - Bắc,2.0,1.0,Đã có sổ,Đầy đủ,5.85,25,Hồ Chí Minh,Bình Tân,Nhà riêng tại đường Phạm Đăng Giảng,0.09,50-70 m²,4-6 tỷ,10.7769,106.7009
"Hà Nội, Cầu Giấy, Nhà riêng tại phố Mai Dịch",60.0,6.0,10.0,Không xác định,Không xác định,15.0,15.0,Đã có sổ,Đầy đủ,16.0,27,Hà Nội,Cầu Giấy,Nhà riêng tại phố Mai Dịch,0.27,50-70 m²,>10 tỷ,21.0285,105.8542
"Hải Phòng, Ngô Quyền, Nhà riêng tại phố Đà Nẵng",43.0,5.0,2.0,Không xác định,Không xác định,4.0,3.0,Đã có sổ,Không xác định,3.65,27,Hải Phòng,Ngô Quyền,Nhà riêng tại phố Đà Nẵng,0.08,30-50 m²,<4 tỷ,20.8449,106.6881
"Hải Phòng, Hải An, Nhà riêng tại đường Phủ Thượng Đoạn",64.0,4.2,5.0,Không xác định,Không xác định,4.0,3.0,Đã có sổ,Cơ bản,2.95,24,Hải Phòng,Hải An,Nhà riêng tại đường Phủ Thượng Đoạn,0.05,50-70 m²,<4 tỷ,20.8449,106.6881
"Hồ Chí Minh, Bình Tân, Nhà riêng tại đường Liên khu 4-5",95.8,4.0,8.0,Nam,Nam,4.0,5.0,Đã có sổ,Đầy đủ,8.0,27,Hồ Chí Minh,Bình Tân,Nhà riêng tại đường Liên khu 4-5,0.08,>90 m²,6-8 tỷ,10.7769,106.7009
"Hồ Chí Minh, Quận 10, Nhà riêng tại đường Cách Mạng Tháng Tám",56.0,4.0,6.0,Không xác định,Không xác định,4.0,4.0,Đã có sổ,Đầy đủ,10.0,27,Hồ Chí Minh,Quận 10,Nhà riêng tại đường Cách Mạng Tháng Tám,0.18,50-70 m²,8-10 tỷ,10.7769,106.7009
"Hồ Chí Minh, Tân Bình, Nhà riêng tại phường 13",43.0,6.0,10.0,Không xác định,Không xác định,3.0,2.0,Không xác định,Không xác định,12.0,27,Hồ Chí Minh,Tân Bình,Nhà riêng tại phường 13,0.28,30-50 m²,>10 tỷ,10.7769,106.7009
"Hồ Chí Minh, Nhà Bè, Nhà riêng tại đường Nguyễn Văn Tạo",80.0,6.0,20.0,Không xác định,Không xác định,1.0,1.0,Đã có sổ,Không xác định,5.3,27,Hồ Chí Minh,Nhà Bè,Nhà riêng tại đường Nguyễn Văn Tạo,0.07,70-90 m²,4-6 tỷ,10.7769,106.7009
"Hà Nội, Hoàng Mai, Nhà riêng tại đường Minh Khai",32.0,3.2,10.0,Không xác định,Không xác định,4.0,3.0,Đã có sổ,Cơ bản,7.75,26,Hà Nội,Hoàng Mai,Nhà riêng tại đường Minh Khai,0.24,30-50 m²,6-8 tỷ,21.0285,105.8542
"Hồ Chí Minh, Quận 10, Nhà riêng tại đường Đồng Nai",60.0,6.0,16.0,Không xác định,Không xác định,2.0,3.0,Đã có sổ,Không xác định,11.5,27,Hồ Chí Minh,Quận 10,Nhà riêng tại đường Đồng Nai,0.19,50-70 m²,>10 tỷ,10.7769,106.7009
"Hồ Chí Minh, Gò Vấp, Nhà riêng tại đường Nguyễn Tuân",71.4,6.0,10.0,Không xác định,Không xác định,3.0,2.0,Đã có sổ,Không xác định,9.0,25,Hồ Chí Minh,Gò Vấp,Nhà riêng tại đường Nguyễn Tuân,0.13,70-90 m²,8-10 tỷ,10.7769,106.7009
"Hà Nội, Hoài Đức, Nhà riêng tại đường Vạn Xuân",34.0,4.0,10.0,Tây - Nam,Không xác định,3.0,5.0,Đã có sổ,Cơ bản,7.9,27,Hà Nội,Hoài Đức,Nhà riêng tại đường Vạn Xuân,0.23,30-50 m²,6-8 tỷ,21.0285,105.8542
"Hồ Chí Minh, Tân Phú, Nhà riêng tại phường Tây Thạnh",40.0,4.0,3.0,Không xác định,Không xác định,3.0,2.0,Đã có sổ,Cơ bản,4.05,27,Hồ Chí Minh,Tân Phú,Nhà riêng tại phường Tây Thạnh,0.1,30-50 m²,4-6 tỷ,10.7769,106.7009
"Hồ Chí Minh, Thủ Đức, Nhà riêng tại đường Số 48",71.0,7.0,4.0,Đông - Nam,Không xác định,4.0,5.0,Đã có sổ,Không xác định,8.9,27,Hồ Chí Minh,Thủ Đức,Nhà riêng tại đường Số 48,0.13,70-90 m²,8-10 tỷ,10.7769,106.7009
"Hồ Chí Minh, Nhà Bè, Nhà riêng tại đường Lê Văn Lương",36.0,5.0,2.0,Bắc,Bắc,3.0,2.0,Không xác định,Không xác định,1.75,24,Hồ Chí Minh,Nhà Bè,Nhà riêng tại đường Lê Văn Lương,0.05,30-50 m²,<4 tỷ,10.7769,106.7009
"Hồ Chí Minh, Phú Nhuận, Nhà riêng tại đường Thích Quảng Đức",60.0,4.0,5.0,Đông - Nam,Đông - Nam,3.0,3.0,Đã có sổ,Đầy đủ,9.2,27,Hồ Chí Minh,Phú Nhuận,Nhà riêng tại đường Thích Quảng Đức,0.15,50-70 m²,8-10 tỷ,10.7769,106.7009
"Hà Nội, Long Biên, Nhà riêng tại đường Phúc Lợi",48.0,6.0,10.0,Không xác định,Không xác định,3.0,5.0,Đã có sổ,Đầy đủ,8.9,28,Hà Nội,Long Biên,Nhà riêng tại đường Phúc Lợi,0.19,30-50 m²,8-10 tỷ,21.0285,105.8542
"Hà Nội, Hoàng Mai, Nhà riêng tại đường Bằng Liệt",45.0,4.0,4.0,Không xác định,Không xác định,4.0,4.0,Đã có sổ,Đầy đủ,9.6,26,Hà Nội,Hoàng Mai,Nhà riêng tại đường Bằng Liệt,0.21,30-50 m²,8-10 tỷ,21.0285,105.8542
"Quảng Nam, Hội An, Nhà riêng tại đường Tống Văn Sương",108.0,5.0,3.0,Đông - Nam,Đông - Nam,1.0,1.0,Đã có sổ,Không xác định,2.64,28,Quảng Nam,Hội An,Nhà riêng tại đường Tống Văn Sương,0.02,>90 m²,<4 tỷ,15.5667,108.4833
"Hồ Chí Minh, Phú Nhuận, Nhà riêng tại đường Trương Quốc Dung",520.0,13.0,12.0,Không xác định,Không xác định,11.0,13.0,Đã có sổ,Cơ bản,170.0,28,Hồ Chí Minh,Phú Nhuận,Nhà riêng tại đường Trương Quốc Dung,0.33,>90 m²,>10 tỷ,10.7769,106.7009
"Đà Nẵng, Cẩm Lệ, Nhà riêng tại đường Nguyễn Như Đãi",68.3,6.0,2.0,Tây - Bắc,Tây - Bắc,3.0,2.0,Đã có sổ,Cơ bản,2.7,28,Đà Nẵng,Cẩm Lệ,Nhà riêng tại đường Nguyễn Như Đãi,0.04,50-70 m²,<4 tỷ,16.0544,108.2022
"Hà Nội, Long Biên, Nhà riêng tại phố Sài Đồng",77.0,5.0,10.0,Đông - Bắc,Đông - Bắc,6.0,4.0,Hợp đồng mua bán,Đầy đủ,23.1,28,Hà Nội,Long Biên,Nhà riêng tại phố Sài Đồng,0.3,70-90 m²,>10 tỷ,21.0285,105.8542
"Hà Nội, Gia Lâm, Nhà riêng tại đường Cổ Bi",140.0,8.3,8.0,Đông - Bắc,Đông - Bắc,8.0,6.0,Không xác định,Đầy đủ,12.6,28,Hà Nội,Gia Lâm,Nhà riêng tại đường Cổ Bi,0.09,>90 m²,>10 tỷ,21.0285,105.8542
"Hồ Chí Minh, Quận 12, Nhà riêng tại đường Nguyễn Văn Quá",300.0,8.8,8.0,Đông - Bắc,Đông - Bắc,14.0,14.0,Đã có sổ,Cơ bản,23.8,28,Hồ Chí Minh,Quận 12,Nhà riêng tại đường Nguyễn Văn Quá,0.08,>90 m²,>10 tỷ,10.7769,106.7009
"Hồ Chí Minh, Củ Chi, Nhà riêng tại đường Nguyễn Văn Khạ",1520.0,29.0,12.0,Tây - Bắc,Không xác định,2.0,2.0,Đã có sổ,Cơ bản,19.0,28,Hồ Chí Minh,Củ Chi,Nhà riêng tại đường Nguyễn Văn Khạ,0.01,>90 m²,>10 tỷ,10.7769,106.7009
"Hồ Chí Minh, Thủ Đức, Nhà riêng tại đường Kha Vạn Cân",73.0,10.0,5.0,Không xác định,Không xác định,2.0,2.0,Đã có sổ,Không xác định,4.99,28,Hồ Chí Minh,Thủ Đức,Nhà riêng tại đường Kha Vạn Cân,0.07,70-90 m²,4-6 tỷ,10.7769,106.7009
"Hà Nội, Đống Đa, Nhà riêng tại phố Hào Nam",62.0,6.0,10.0,Không xác định,Không xác định,12.0,12.0,Đã có sổ,Đầy đủ,15.05,28,Hà Nội,Đống Đa,Nhà riêng tại phố Hào Nam,0.24,50-70 m²,>10 tỷ,21.0285,105.8542
"Hà Nội, Mê Linh, Nhà riêng tại thị trấn Quang Minh",40.8,4.0,2.0,Không xác định,Không xác định,2.0,1.0,Đã có sổ,Không xác định,2.45,28,Hà Nội,Mê Linh,Nhà riêng tại thị trấn Quang Minh,0.06,30-50 m²,<4 tỷ,21.0285,105.8542
"Hồ Chí Minh, Nhà Bè, Nhà riêng tại đường Lê Văn Lương",21.0,3.0,6.0,Không xác định,Không xác định,2.0,3.0,Đã có sổ,Không xác định,1.83,28,Hồ Chí Minh,Nhà Bè,Nhà riêng tại đường Lê Văn Lương,0.09,<30 m²,<4 tỷ,10.7769,106.7009
"Hồ Chí Minh, Gò Vấp, Nhà riêng tại đường Phạm Văn Chiêu",75.0,5.0,6.0,Không xác định,Không xác định,5.0,5.0,Đã có sổ,Đầy đủ,7.29,23,Hồ Chí Minh,Gò Vấp,Nhà riêng tại đường Phạm Văn Chiêu,0.1,70-90 m²,6-8 tỷ,10.7769,106.7009
"Hồ Chí Minh, Tân Phú, Nhà riêng tại phường Phú Thọ Hòa",18.0,6.0,10.0,Không xác định,Không xác định,2.0,2.0,Không xác định,Không xác định,2.9,28,Hồ Chí Minh,Tân Phú,Nhà riêng tại phường Phú Thọ Hòa,0.16,<30 m²,<4 tỷ,10.7769,106.7009
"Hồ Chí Minh, Thủ Đức, Nhà riêng tại đường Quốc Lộ 13",84.0,6.0,5.0,Đông - Nam,Không xác định,4.0,2.0,Đã có sổ,Không xác định,7.5,28,Hồ Chí Minh,Thủ Đức,Nhà riêng tại đường Quốc Lộ 13,0.09,70-90 m²,6-8 tỷ,10.7769,106.7009
"Hà Nội, Đông Anh, Nhà riêng tại đường Lễ Pháp",70.0,4.0,6.0,Nam,Nam,2.0,1.0,Đã có sổ,Cơ bản,13.6,5,Hà Nội,Đông Anh,Nhà riêng tại đường Lễ Pháp,0.19,50-70 m²,>10 tỷ,21.0285,105.8542
"Hà Nội, Thanh Xuân, Nhà riêng tại phố Nhân Hòa",45.0,3.5,10.0,Không xác định,Không xác định,7.0,2.0,Đã có sổ,Không xác định,9.8,27,Hà Nội,Thanh Xuân,Nhà riêng tại phố Nhân Hòa,0.22,30-50 m²,8-10 tỷ,21.0285,105.8542
"Hồ Chí Minh, Quận 2, Nhà riêng tại đường Số 6",71.0,4.9,10.0,Không xác định,Không xác định,5.0,5.0,Đã có sổ,Đầy đủ,7.5,27,Hồ Chí Minh,Quận 2,Nhà riêng tại đường Số 6,0.11,70-90 m²,6-8 tỷ,10.7769,106.7009
"Hà Nội, Hoàng Mai, Nhà riêng tại phường Giáp Bát",96.0,6.0,10.0,Đông - Nam,Đông - Nam,24.0,24.0,Đã có sổ,Đầy đủ,29.5,23,Hà Nội,Hoàng Mai,Nhà riêng tại phường Giáp Bát,0.31,>90 m²,>10 tỷ,21.0285,105.8542
"Hà Nội, Ba Đình, Nhà riêng tại đường Đội Cấn",31.0,4.5,3.0,Không xác định,Không xác định,3.0,3.0,Đã có sổ,Đầy đủ,8.81,28,Hà Nội,Ba Đình,Nhà riêng tại đường Đội Cấn,0.28,30-50 m²,8-10 tỷ,21.0285,105.8542
"Hà Nội, Ba Đình, Nhà riêng tại đường Nguyễn Tri Phương",61.0,6.0,6.0,Không xác định,Không xác định,4.0,5.0,Đã có sổ,Không xác định,69.0,5,Hà Nội,Ba Đình,Nhà riêng tại đường Nguyễn Tri Phương,1.13,50-70 m²,>10 tỷ,21.0285,105.8542
"Hồ Chí Minh, Gò Vấp, Nhà riêng tại đường Dương Quảng Hàm",62.0,6.0,4.5,Không xác định,Không xác định,4.0,2.0,Đã có sổ,Cơ bản,7.6,26,Hồ Chí Minh,Gò Vấp,Nhà riêng tại đường Dương Quảng Hàm,0.12,50-70 m²,6-8 tỷ,10.7769,106.7009
"Hồ Chí Minh, Gò Vấp, Nhà riêng tại đường Dương Quảng Hàm",41.0,6.0,6.0,Không xác định,Không xác định,3.0,2.0,Đã có sổ,Cơ bản,6.5,28,Hồ Chí Minh,Gò Vấp,Nhà riêng tại đường Dương Quảng Hàm,0.16,30-50 m²,6-8 tỷ,10.7769,106.7009
"Hà Nội, Hà Đông, Nhà riêng tại phường Yên Nghĩa",35.0,4.0,3.0,Không xác định,Không xác định,3.0,4.0,Đã có sổ,Đầy đủ,6.45,25,Hà Nội,Hà Đông,Nhà riêng tại phường Yên Nghĩa,0.18,30-50 m²,6-8 tỷ,21.0285,105.8542
"Hồ Chí Minh, Gò Vấp, Nhà riêng tại đường Lê Thị Hồng",118.0,6.0,10.0,Không xác định,Không xác định,3.0,2.0,Đã có sổ,Không xác định,14.2,23,Hồ Chí Minh,Gò Vấp,Nhà riêng tại đường Lê Thị Hồng,0.12,>90 m²,>10 tỷ,10.7769,106.7009
"Hà Nội, Nam Từ Liêm, Nhà riêng tại đường Lê Đức Thọ",55.0,6.0,10.0,Không xác định,Không xác định,3.0,2.0,Không xác định,Không xác định,18.9,28,Hà Nội,Nam Từ Liêm,Nhà riêng tại đường Lê Đức Thọ,0.34,50-70 m²,>10 tỷ,21.0285,105.8542
"Hà Nội, Hà Đông, Nhà riêng tại phường Yên Nghĩa",35.0,3.7,3.0,Không xác định,Không xác định,3.0,4.0,Đã có sổ,Đầy đủ,5.98,25,Hà Nội,Hà Đông,Nhà riêng tại phường Yên Nghĩa,0.17,30-50 m²,4-6 tỷ,21.0285,105.8542
"Tây Ninh, Tây Ninh, Nhà riêng tại đường Nguyễn Hữu Thọ",291.3,6.0,10.0,Không xác định,Không xác định,3.0,2.0,Không xác định,Không xác định,1.52,28,Tây Ninh,Tây Ninh,Nhà riêng tại đường Nguyễn Hữu Thọ,0.01,>90 m²,<4 tỷ,11.3601,106.1098
"Hà Nội, Chương Mỹ, Nhà riêng tại đường Quốc lộ 6",35.0,3.7,3.5,Không xác định,Không xác định,3.0,4.0,Đã có sổ,Cơ bản,3.95,25,Hà Nội,Chương Mỹ,Nhà riêng tại đường Quốc lộ 6,0.11,30-50 m²,<4 tỷ,21.0285,105.8542
"Hà Nội, Quốc Oai, Nhà riêng tại xã Hưng Đạo",53.0,4.0,3.0,Không xác định,Không xác định,3.0,3.0,Đã có sổ,Cơ bản,4.5,25,Hà Nội,Quốc Oai,Nhà riêng tại xã Hưng Đạo,0.08,50-70 m²,4-6 tỷ,21.0285,105.8542
"Hà Nội, Quốc Oai, Nhà riêng tại xã Hưng Đạo",100.0,5.0,3.5,Không xác định,Không xác định,4.0,4.0,Đã có sổ,Cơ bản,6.05,25,Hà Nội,Quốc Oai,Nhà riêng tại xã Hưng Đạo,0.06,>90 m²,6-8 tỷ,21.0285,105.8542
"Hà Nội, Hoài Đức, Nhà riêng tại xã An Khánh",50.0,3.7,3.0,Không xác định,Không xác định,4.0,3.0,Đã có sổ,Đầy đủ,7.95,25,Hà Nội,Hoài Đức,Nhà riêng tại xã An Khánh,0.16,30-50 m²,6-8 tỷ,21.0285,105.8542
"Hải Phòng, Hồng Bàng, Nhà riêng tại đường Đinh Tiên Hoàng",60.0,6.5,10.0,Không xác định,Không xác định,3.0,2.0,Đã có sổ,Cơ bản,6.0,28,Hải Phòng,Hồng Bàng,Nhà riêng tại đường Đinh Tiên Hoàng,0.1,50-70 m²,4-6 tỷ,20.8449,106.6881
"Hồ Chí Minh, Phú Nhuận, Nhà riêng tại đường Lê Tự Tài",72.0,6.0,6.0,Không xác định,Không xác định,3.0,3.0,Đã có sổ,Không xác định,13.0,24,Hồ Chí Minh,Phú Nhuận,Nhà riêng tại đường Lê Tự Tài,0.18,70-90 m²,>10 tỷ,10.7769,106.7009
"Hồ Chí Minh, Bình Tân, Nhà riêng tại đường Liên khu 4-5",60.0,4.0,7.0,Không xác định,Không xác định,4.0,4.0,Đã có sổ,Đầy đủ,6.35,27,Hồ Chí Minh,Bình Tân,Nhà riêng tại đường Liên khu 4-5,0.11,50-70 m²,6-8 tỷ,10.7769,106.7009
"Hồ Chí Minh, Quận 12, Nhà riêng tại đường Vườn Lài",45.0,5.0,10.0,Không xác định,Không xác định,2.0,2.0,Không xác định,Không xác định,3.85,28,Hồ Chí Minh,Quận 12,Nhà riêng tại đường Vườn Lài,0.09,30-50 m²,<4 tỷ,10.7769,106.7009
"Khánh Hòa, Nha Trang, Nhà riêng tại đường Nguyễn Thị Minh Khai",89.0,6.59,6.0,Tây - Nam,Không xác định,18.0,18.0,Đã có sổ,Đầy đủ,31.5,28,Khánh Hòa,Nha Trang,Nhà riêng tại đường Nguyễn Thị Minh Khai,0.35,70-90 m²,>10 tỷ,12.2388,109.1967
"Đồng Nai, Biên Hòa, Nhà riêng tại đường Huỳnh Mẫn Đạt",64.0,4.6,6.0,Không xác định,Tây - Nam,3.0,2.0,Đã có sổ,Cơ bản,2.99,25,Đồng Nai,Biên Hòa,Nhà riêng tại đường Huỳnh Mẫn Đạt,0.05,50-70 m²,<4 tỷ,10.9454,106.8248
"Đà Nẵng, Liên Chiểu, Nhà riêng tại đường Hoàng Văn Thái",101.0,6.0,10.0,Không xác định,Không xác định,3.0,2.0,Đã có sổ,Không xác định,3.6,28,Đà Nẵng,Liên Chiểu,Nhà riêng tại đường Hoàng Văn Thái,0.04,>90 m²,<4 tỷ,16.0544,108.2022
"Hà Nội, Nam Từ Liêm, Nhà riêng tại đường Lưu Hữu Phước",66.0,4.5,4.0,Tây,Tây,4.0,3.0,Đã có sổ,Đầy đủ,10.39,29,Hà Nội,Nam Từ Liêm,Nhà riêng tại đường Lưu Hữu Phước,0.16,50-70 m²,>10 tỷ,21.0285,105.8542
"Hà Nội, Long Biên, Nhà riêng tại đường Cổ Linh",72.0,5.0,3.0,Không xác định,Không xác định,4.0,4.0,Đã có sổ,Cơ bản,10.2,26,Hà Nội,Long Biên,Nhà riêng tại đường Cổ Linh,0.14,70-90 m²,>10 tỷ,21.0285,105.8542
"Hải Dương, Hải Dương, Nhà riêng tại đường Nguyễn Hữu Cầu",60.8,5.0,2.0,Đông - Nam,Đông - Nam,3.0,3.0,Đã có sổ,Đầy đủ,2.5,29,Hải Dương,Hải Dương,Nhà riêng tại đường Nguyễn Hữu Cầu,0.04,50-70 m²,<4 tỷ,20.9374,106.3146
"Hồ Chí Minh, Quận 7, Nhà riêng tại đường Nguyễn Văn Quỳ",84.2,6.0,10.0,Bắc,Không xác định,3.0,2.0,Đã có sổ,Không xác định,4.5,29,Hồ Chí Minh,Quận 7,Nhà riêng tại đường Nguyễn Văn Quỳ,0.05,70-90 m²,4-6 tỷ,10.7769,106.7009
"Hồ Chí Minh, Quận 7, Nhà riêng tại đường Nguyễn Văn Quỳ",74.7,8.16,4.0,Đông - Bắc,Đông - Bắc,4.0,4.0,Đã có sổ,Không xác định,5.3,29,Hồ Chí Minh,Quận 7,Nhà riêng tại đường Nguyễn Văn Quỳ,0.07,70-90 m²,4-6 tỷ,10.7769,106.7009
"Hồ Chí Minh, Quận 9, Nhà riêng tại đường Trần Thị Điệu",120.0,6.0,10.0,Đông - Nam,Không xác định,3.0,2.0,Không xác định,Không xác định,12.8,29,Hồ Chí Minh,Quận 9,Nhà riêng tại đường Trần Thị Điệu,0.11,>90 m²,>10 tỷ,10.7769,106.7009
"Đồng Nai, Vĩnh Cửu, Nhà riêng tại đường ĐT 768",82.2,6.0,12.0,Tây - Nam,Tây - Nam,3.0,2.0,Đã có sổ,Cơ bản,1.79,29,Đồng Nai,Vĩnh Cửu,Nhà riêng tại đường ĐT 768,0.02,70-90 m²,<4 tỷ,10.9454,106.8248
"Bà Rịa Vũng Tàu, Phú Mỹ, Nhà riêng tại đường Số 1",150.0,5.0,30.0,Nam,Không xác định,2.0,2.0,Đã có sổ,Đầy đủ,2.4,29,Bà Rịa Vũng Tàu,Phú Mỹ,Nhà riêng tại đường Số 1,0.02,>90 m²,<4 tỷ,10.4114,107.1362
"Đồng Nai, Vĩnh Cửu, Nhà riêng tại Lavender City",215.0,5.0,17.0,Đông - Bắc,Đông - Bắc,3.0,3.0,Đã có sổ,Đầy đủ,3.8,29,Đồng Nai,Vĩnh Cửu,Nhà riêng tại Lavender City,0.02,>90 m²,<4 tỷ,10.9454,106.8248
"Hồ Chí Minh, Bình Tân, Nhà riêng tại đường Bình Thành",140.0,14.0,8.0,Bắc,Bắc,8.0,6.0,Đã có sổ,Đầy đủ,12.71,29,Hồ Chí Minh,Bình Tân,Nhà riêng tại đường Bình Thành,0.09,>90 m²,>10 tỷ,10.7769,106.7009
"Tiền Giang, Mỹ Tho, Nhà riêng tại đường Hùng Vương",104.5,5.5,2.5,Tây,Không xác định,2.0,1.0,Đã có sổ,Không xác định,0.96,29,Tiền Giang,Mỹ Tho,Nhà riêng tại đường Hùng Vương,0.01,>90 m²,<4 tỷ,10.4493,106.3422
"Hà Nội, Quốc Oai, Nhà riêng tại đường 21",100.0,6.0,10.0,Không xác định,Không xác định,6.0,6.0,Đã có sổ,Không xác định,2.2,29,Hà Nội,Quốc Oai,Nhà riêng tại đường 21,0.02,>90 m²,<4 tỷ,21.0285,105.8542
"Phú Yên, Tuy Hòa, Nhà riêng tại đường Phan Huy Chú",100.0,5.0,16.0,Nam,Nam,4.0,3.0,Đã có sổ,Cơ bản,3.6,26,Phú Yên,Tuy Hòa,Nhà riêng tại đường Phan Huy Chú,0.04,>90 m²,<4 tỷ,13.0882,109.3087
"Phú Thọ, Thanh Thủy, Nhà riêng tại thị trấn Thanh Thủy",393.0,14.0,5.0,Không xác định,Không xác định,4.0,2.0,Đã có sổ,Cơ bản,0.03,29,Phú Thọ,Thanh Thủy,Nhà riêng tại thị trấn Thanh Thủy,0.0,>90 m²,<4 tỷ,21.3167,105.2167
"Hà Nội, Hoài Đức, Nhà riêng tại đường Hậu Ái",55.0,6.0,10.0,Không xác định,Không xác định,4.0,2.0,Đã có sổ,Cơ bản,6.2,29,Hà Nội,Hoài Đức,Nhà riêng tại đường Hậu Ái,0.11,50-70 m²,6-8 tỷ,21.0285,105.8542
"Hồ Chí Minh, Nhà Bè, Nhà riêng tại đường Đào Tông Nguyên",85.0,5.0,10.0,Tây - Nam,Tây - Nam,4.0,5.0,Đã có sổ,Đầy đủ,9.79,29,Hồ Chí Minh,Nhà Bè,Nhà riêng tại đường Đào Tông Nguyên,0.12,70-90 m²,8-10 tỷ,10.7769,106.7009
"Hồ Chí Minh, Quận 7, Nhà riêng tại đường Gò Ô Môi",60.0,6.0,8.0,Không xác định,Không xác định,4.0,5.0,Đã có sổ,Đầy đủ,9.99,27,Hồ Chí Minh,Quận 7,Nhà riêng tại đường Gò Ô Môi,0.17,50-70 m²,8-10 tỷ,10.7769,106.7009
"Hà Nội, Cầu Giấy, Nhà riêng tại đường Yên Hòa",35.0,3.5,5.0,Không xác định,Không xác định,4.0,6.0,Đã có sổ,Đầy đủ,13.8,29,Hà Nội,Cầu Giấy,Nhà riêng tại đường Yên Hòa,0.39,30-50 m²,>10 tỷ,21.0285,105.8542
"Hà Nội, Cầu Giấy, Nhà riêng tại đường Nguyễn Khang",35.0,3.5,3.5,Không xác định,Không xác định,5.0,7.0,Đã có sổ,Đầy đủ,13.6,29,Hà Nội,Cầu Giấy,Nhà riêng tại đường Nguyễn Khang,0.39,30-50 m²,>10 tỷ,21.0285,105.8542
"Hồ Chí Minh, Thủ Đức, Nhà riêng tại đường 3",140.0,7.0,9.0,Tây - Nam,Tây - Nam,5.0,6.0,Đã có sổ,Không xác định,12.5,25,Hồ Chí Minh,Thủ Đức,Nhà riêng tại đường 3,0.09,>90 m²,>10 tỷ,10.7769,106.7009
"Đồng Nai, Biên Hòa, Nhà riêng tại phường Trảng Dài",107.0,6.0,6.0,Đông,Đông,3.0,2.0,Đã có sổ,Không xác định,3.05,29,Đồng Nai,Biên Hòa,Nhà riêng tại phường Trảng Dài,0.03,>90 m²,<4 tỷ,10.9454,106.8248
"Hà Nội, Nam Từ Liêm, Nhà riêng tại đường Mễ Trì Hạ",30.0,5.0,3.0,Không xác định,Không xác định,3.0,4.0,Đã có sổ,Đầy đủ,8.3,29,Hà Nội,Nam Từ Liêm,Nhà riêng tại đường Mễ Trì Hạ,0.28,<30 m²,8-10 tỷ,21.0285,105.8542
"Hà Nội, Đống Đa, Nhà riêng tại phố Thái Hà",67.0,4.5,7.0,Không xác định,Không xác định,5.0,5.0,Đã có sổ,Không xác định,30.0,29,Hà Nội,Đống Đa,Nhà riêng tại phố Thái Hà,0.45,50-70 m²,>10 tỷ,21.0285,105.8542
"Hà Nội, Ba Đình, Nhà riêng tại đường Đội Cấn",45.0,4.0,3.5,Không xác định,Không xác định,4.0,5.0,Đã có sổ,Không xác định,10.5,29,Hà Nội,Ba Đình,Nhà riêng tại đường Đội Cấn,0.23,30-50 m²,>10 tỷ,21.0285,105.8542
"Hà Nội, Ba Đình, Nhà riêng tại đường Đội Cấn",35.0,4.5,3.0,Không xác định,Không xác định,3.0,4.0,Đã có sổ,Không xác định,8.8,29,Hà Nội,Ba Đình,Nhà riêng tại đường Đội Cấn,0.25,30-50 m²,8-10 tỷ,21.0285,105.8542
"Hà Nội, Ba Đình, Nhà riêng tại đường Đào Tấn",43.0,5.86,4.0,Không xác định,Không xác định,4.0,5.0,Đã có sổ,Đầy đủ,16.8,29,Hà Nội,Ba Đình,Nhà riêng tại đường Đào Tấn,0.39,30-50 m²,>10 tỷ,21.0285,105.8542
"Hồ Chí Minh, Bình Tân, Nhà riêng tại đường Bùi Tư Toàn",44.0,4.0,8.0,Đông - Nam,Đông - Nam,3.0,2.0,Đã có sổ,Cơ bản,5.6,29,Hồ Chí Minh,Bình Tân,Nhà riêng tại đường Bùi Tư Toàn,0.13,30-50 m²,4-6 tỷ,10.7769,106.7009
"Kiên Giang, Rạch Giá, Nhà riêng tại phường Vĩnh Lợi",80.0,5.0,5.0,Đông - Bắc,Tây - Nam,2.0,2.0,Đã có sổ,Cơ bản,1.59,29,Kiên Giang,Rạch Giá,Nhà riêng tại phường Vĩnh Lợi,0.02,70-90 m²,<4 tỷ,10.0125,105.0809
"Đồng Nai, Long Khánh, Nhà riêng tại đường Lê Văn Vận",250.0,5.0,6.0,Tây - Nam,Không xác định,10.0,10.0,Đã có sổ,Không xác định,3.5,29,Đồng Nai,Long Khánh,Nhà riêng tại đường Lê Văn Vận,0.01,>90 m²,<4 tỷ,10.9454,106.8248
"Hồ Chí Minh, Gò Vấp, Nhà riêng tại đường Bùi Quang Là",23.0,6.0,3.0,Không xác định,Không xác định,2.0,2.0,Đã có sổ,Đầy đủ,3.79,29,Hồ Chí Minh,Gò Vấp,Nhà riêng tại đường Bùi Quang Là,0.16,<30 m²,<4 tỷ,10.7769,106.7009
"Hồ Chí Minh, Bình Thạnh, Nhà riêng tại đường Nơ Trang Long",48.2,6.0,5.0,Không xác định,Không xác định,3.0,2.0,Đã có sổ,Cơ bản,6.45,25,Hồ Chí Minh,Bình Thạnh,Nhà riêng tại đường Nơ Trang Long,0.13,30-50 m²,6-8 tỷ,10.7769,106.7009
"Hồ Chí Minh, Quận 12, Nhà riêng tại đường Thạnh Lộc 50",56.0,4.0,10.0,Tây - Bắc,Tây - Bắc,2.0,2.0,Đã có sổ,Không xác định,3.85,29,Hồ Chí Minh,Quận 12,Nhà riêng tại đường Thạnh Lộc 50,0.07,50-70 m²,<4 tỷ,10.7769,106.7009
"Hồ Chí Minh, Quận 12, Nhà riêng tại đường Trường Chinh",70.0,4.0,8.0,Không xác định,Không xác định,4.0,5.0,Đã có sổ,Đầy đủ,9.0,23,Hồ Chí Minh,Quận 12,Nhà riêng tại đường Trường Chinh,0.13,50-70 m²,8-10 tỷ,10.7769,106.7009
"Hải Phòng, Ngô Quyền, Nhà riêng tại phường Đằng Giang",46.0,4.0,11.0,Tây - Nam,Tây - Nam,3.0,3.0,Đã có sổ,Đầy đủ,10.2,29,Hải Phòng,Ngô Quyền,Nhà riêng tại phường Đằng Giang,0.22,30-50 m²,>10 tỷ,20.8449,106.6881
"Đắk Lắk, Buôn Ma Thuột, Nhà riêng tại đường Nguyễn Phúc Chu",150.0,6.0,6.0,Đông - Nam,Không xác định,2.0,2.0,Đã có sổ,Đầy đủ,3.2,29,Đắk Lắk,Buôn Ma Thuột,Nhà riêng tại đường Nguyễn Phúc Chu,0.02,>90 m²,<4 tỷ,12.6667,108.05
"Hồ Chí Minh, Thủ Đức, Nhà riêng tại đường Tam Châu",100.0,5.0,5.0,Đông - Nam,Không xác định,2.0,2.0,Đã có sổ,Không xác định,6.2,29,Hồ Chí Minh,Thủ Đức,Nhà riêng tại đường Tam Châu,0.06,>90 m²,6-8 tỷ,10.7769,106.7009
"Long An, Tân An, Nhà riêng tại đường Châu Văn Giác",637.12,6.0,10.0,Không xác định,Không xác định,3.0,2.0,Đã có sổ,Cơ bản,11.5,29,Long An,Tân An,Nhà riêng tại đường Châu Văn Giác,0.02,>90 m²,>10 tỷ,10.536,106.4099
"Hồ Chí Minh, Gò Vấp, Nhà riêng tại đường Lê Đức Thọ",418.0,10.0,8.0,Không xác định,Không xác định,3.0,2.0,Đã có sổ,Không xác định,32.5,29,Hồ Chí Minh,Gò Vấp,Nhà riêng tại đường Lê Đức Thọ,0.08,>90 m²,>10 tỷ,10.7769,106.7009
"Hồ Chí Minh, Quận 6, Nhà riêng tại đường Chợ Lớn",64.0,4.0,6.0,Không xác định,Không xác định,3.0,2.0,Đã có sổ,Đầy đủ,7.9,29,Hồ Chí Minh,Quận 6,Nhà riêng tại đường Chợ Lớn,0.12,50-70 m²,6-8 tỷ,10.7769,106.7009
"Hồ Chí Minh, Gò Vấp, Nhà riêng tại đường Phan Huy Ích",264.0,12.0,10.0,Tây - Bắc,Tây - Bắc,33.0,34.0,Đã có sổ,Đầy đủ,38.5,29,Hồ Chí Minh,Gò Vấp,Nhà riêng tại đường Phan Huy Ích,0.15,>90 m²,>10 tỷ,10.7769,106.7009
"Hồ Chí Minh, Thủ Đức, Nhà riêng tại đường Lê Văn Chí",76.0,4.2,5.0,Không xác định,Không xác định,4.0,5.0,Đã có sổ,Đầy đủ,8.9,29,Hồ Chí Minh,Thủ Đức,Nhà riêng tại đường Lê Văn Chí,0.12,70-90 m²,8-10 tỷ,10.7769,106.7009
"Hồ Chí Minh, Tân Bình, Nhà riêng tại đường Phan Sào Nam",128.0,5.35,8.0,Không xác định,Không xác định,7.0,8.0,Đã có sổ,Đầy đủ,19.0,29,Hồ Chí Minh,Tân Bình,Nhà riêng tại đường Phan Sào Nam,0.15,>90 m²,>10 tỷ,10.7769,106.7009
"Hồ Chí Minh, Quận 5, Nhà riêng tại đường Trần Phú",35.0,6.0,10.0,Không xác định,Không xác định,3.0,3.0,Đã có sổ,Đầy đủ,9.0,29,Hồ Chí Minh,Quận 5,Nhà riêng tại đường Trần Phú,0.26,30-50 m²,8-10 tỷ,10.7769,106.7009
"Hà Nội, Hoài Đức, Nhà riêng tại đường Quốc lộ 32",35.0,3.5,2.5,Đông - Bắc,Đông - Bắc,5.0,3.0,Đã có sổ,Đầy đủ,6.7,29,Hà Nội,Hoài Đức,Nhà riêng tại đường Quốc lộ 32,0.19,30-50 m²,6-8 tỷ,21.0285,105.8542
"Hồ Chí Minh, Thủ Đức, Nhà riêng tại đường Lê Văn Thịnh",106.0,6.0,5.0,Không xác định,Không xác định,5.0,6.0,Đã có sổ,Đầy đủ,9.89,29,Hồ Chí Minh,Thủ Đức,Nhà riêng tại đường Lê Văn Thịnh,0.09,>90 m²,8-10 tỷ,10.7769,106.7009
"Đà Nẵng, Liên Chiểu, Nhà riêng tại đường Nguyễn Chánh",72.3,6.0,10.0,Không xác định,Không xác định,3.0,2.0,Không xác định,Không xác định,4.75,29,Đà Nẵng,Liên Chiểu,Nhà riêng tại đường Nguyễn Chánh,0.07,70-90 m²,4-6 tỷ,16.0544,108.2022
"Đồng Nai, Biên Hòa, Nhà riêng tại phường Trảng Dài",161.0,6.0,6.0,Không xác định,Không xác định,3.0,2.0,Đã có sổ,Không xác định,2.88,29,Đồng Nai,Biên Hòa,Nhà riêng tại phường Trảng Dài,0.02,>90 m²,<4 tỷ,10.9454,106.8248
"Hà Nội, Cầu Giấy, Nhà riêng tại đường Cầu Giấy",40.0,4.6,4.0,Không xác định,Không xác định,3.0,4.0,Đã có sổ,Đầy đủ,11.28,28,Hà Nội,Cầu Giấy,Nhà riêng tại đường Cầu Giấy,0.28,30-50 m²,>10 tỷ,21.0285,105.8542
"Hà Nội, Hoài Đức, Nhà riêng tại đường Cao Xá 2",80.0,4.5,5.0,Đông - Bắc,Đông - Bắc,1.0,1.0,Đã có sổ,Cơ bản,0.09,29,Hà Nội,Hoài Đức,Nhà riêng tại đường Cao Xá 2,0.0,70-90 m²,<4 tỷ,21.0285,105.8542
"Hồ Chí Minh, Tân Bình, Nhà riêng tại đường Hoàng Bật Đạt",60.0,6.0,10.0,Không xác định,Không xác định,5.0,4.0,Không xác định,Không xác định,9.0,29,Hồ Chí Minh,Tân Bình,Nhà riêng tại đường Hoàng Bật Đạt,0.15,50-70 m²,8-10 tỷ,10.7769,106.7009
"Hồ Chí Minh, Phú Nhuận, Nhà riêng tại đường Nguyễn Văn Trỗi",35.0,6.0,7.0,Không xác định,Không xác định,4.0,5.0,Đã có sổ,Cơ bản,8.5,29,Hồ Chí Minh,Phú Nhuận,Nhà riêng tại đường Nguyễn Văn Trỗi,0.24,30-50 m²,8-10 tỷ,10.7769,106.7009
"Hà Nội, Hoàn Kiếm, Nhà riêng tại đường Lê Duẩn",31.0,4.5,10.0,Không xác định,Không xác định,3.0,2.0,Đã có sổ,Không xác định,10.5,29,Hà Nội,Hoàn Kiếm,Nhà riêng tại đường Lê Duẩn,0.34,30-50 m²,>10 tỷ,21.0285,105.8542
"Đồng Nai, Biên Hòa, Nhà riêng tại phường Trảng Dài",71.0,6.0,6.0,Không xác định,Không xác định,3.0,2.0,Đã có sổ,Không xác định,2.79,29,Đồng Nai,Biên Hòa,Nhà riêng tại phường Trảng Dài,0.04,70-90 m²,<4 tỷ,10.9454,106.8248
"Bắc Ninh, Bắc Ninh, Nhà riêng tại đường Nguyễn Văn Cừ",84.0,6.0,10.0,Đông - Nam,Không xác định,3.0,2.0,Không xác định,Không xác định,8.0,29,Bắc Ninh,Bắc Ninh,Nhà riêng tại đường Nguyễn Văn Cừ,0.1,70-90 m²,6-8 tỷ,21.1861,106.0763
"Hồ Chí Minh, Quận 12, Nhà riêng tại đường Nguyễn Thị Kiểu",71.0,6.0,10.0,Không xác định,Không xác định,3.0,2.0,Đã có sổ,Không xác định,6.1,29,Hồ Chí Minh,Quận 12,Nhà riêng tại đường Nguyễn Thị Kiểu,0.09,70-90 m²,6-8 tỷ,10.7769,106.7009
"Hà Nội, Cầu Giấy, Nhà riêng tại đường Nguyễn Khánh Toàn",60.0,5.0,3.0,Không xác định,Không xác định,6.0,4.0,Đã có sổ,Đầy đủ,12.0,29,Hà Nội,Cầu Giấy,Nhà riêng tại đường Nguyễn Khánh Toàn,0.2,50-70 m²,>10 tỷ,21.0285,105.8542
"Kiên Giang, Rạch Giá, Nhà riêng tại Khu dân cư An Bình",90.0,4.5,7.5,Không xác định,Không xác định,3.0,3.0,Đã có sổ,Đầy đủ,2.89,29,Kiên Giang,Rạch Giá,Nhà riêng tại Khu dân cư An Bình,0.03,70-90 m²,<4 tỷ,10.0125,105.0809
"Hồ Chí Minh, Quận 10, Nhà riêng tại đường Cách Mạng Tháng Tám",65.0,4.0,6.0,Tây - Nam,Tây - Nam,4.0,3.0,Đã có sổ,Cơ bản,11.0,28,Hồ Chí Minh,Quận 10,Nhà riêng tại đường Cách Mạng Tháng Tám,0.17,50-70 m²,>10 tỷ,10.7769,106.7009
"Bình Dương, Thủ Dầu Một, Nhà riêng tại đường Bạch Đằng",133.3,8.0,3.0,Đông - Nam,Không xác định,2.0,1.0,Đã có sổ,Cơ bản,2.6,29,Bình Dương,Thủ Dầu Một,Nhà riêng tại đường Bạch Đằng,0.02,>90 m²,<4 tỷ,11.1604,106.6508
"Hồ Chí Minh, Tân Phú, Nhà riêng tại đường Nguyễn Văn Săng",56.0,5.6,6.0,Nam,Nam,2.0,2.0,Đã có sổ,Cơ bản,5.7,25,Hồ Chí Minh,Tân Phú,Nhà riêng tại đường Nguyễn Văn Săng,0.1,50-70 m²,4-6 tỷ,10.7769,106.7009
"Hà Nội, Hoàn Kiếm, Nhà riêng tại phố Nhà Chung",100.0,4.5,3.0,Không xác định,Không xác định,2.0,1.0,Đã có sổ,Không xác định,37.5,24,Hà Nội,Hoàn Kiếm,Nhà riêng tại phố Nhà Chung,0.38,>90 m²,>10 tỷ,21.0285,105.8542
"Hà Nội, Hoàng Mai, Nhà riêng tại đường Nguyễn An Ninh",30.0,3.6,2.5,Không xác định,Không xác định,3.0,4.0,Đã có sổ,Đầy đủ,7.9,30,Hà Nội,Hoàng Mai,Nhà riêng tại đường Nguyễn An Ninh,0.26,<30 m²,6-8 tỷ,21.0285,105.8542
"Hà Nội, Sóc Sơn, Nhà riêng tại đường Võ Nguyên Giáp",58.0,3.4,5.0,Tây - Nam,Tây - Nam,2.0,1.0,Đã có sổ,Cơ bản,3.0,30,Hà Nội,Sóc Sơn,Nhà riêng tại đường Võ Nguyên Giáp,0.05,50-70 m²,<4 tỷ,21.0285,105.8542
"Bình Dương, Dĩ An, Nhà riêng tại đường Thống Nhất",65.0,6.0,10.0,Không xác định,Không xác định,3.0,2.0,Đã có sổ,Không xác định,8.2,30,Bình Dương,Dĩ An,Nhà riêng tại đường Thống Nhất,0.13,50-70 m²,8-10 tỷ,11.1604,106.6508
"Bà Rịa Vũng Tàu, Phú Mỹ, Nhà riêng tại xã Tân Hòa",1000.0,6.0,10.0,Không xác định,Không xác định,5.0,6.0,Đã có sổ,Đầy đủ,11.0,30,Bà Rịa Vũng Tàu,Phú Mỹ,Nhà riêng tại xã Tân Hòa,0.01,>90 m²,>10 tỷ,10.4114,107.1362
"Hồ Chí Minh, Phú Nhuận, Nhà riêng tại đường Phan Đình Phùng",167.0,18.0,10.0,Không xác định,Không xác định,3.0,2.0,Đã có sổ,Không xác định,15.9,30,Hồ Chí Minh,Phú Nhuận,Nhà riêng tại đường Phan Đình Phùng,0.1,>90 m²,>10 tỷ,10.7769,106.7009
"Hồ Chí Minh, Quận 1, Nhà riêng tại đường Tôn Thất Tùng",128.0,6.7,10.0,Không xác định,Không xác định,3.0,2.0,Đã có sổ,Không xác định,54.0,30,Hồ Chí Minh,Quận 1,Nhà riêng tại đường Tôn Thất Tùng,0.42,>90 m²,>10 tỷ,10.7769,106.7009
"Bình Định, Quy Nhơn, Nhà riêng tại đường Trạng Quỳnh",34.6,3.1,2.0,Đông - Bắc,Đông - Bắc,3.0,3.0,Đã có sổ,Cơ bản,2.9,30,Bình Định,Quy Nhơn,Nhà riêng tại đường Trạng Quỳnh,0.08,30-50 m²,<4 tỷ,13.782,109.2194
"Hồ Chí Minh, Quận 12, Nhà riêng tại đường Thạnh Lộc 39",61.5,7.0,7.0,Tây - Bắc,Không xác định,4.0,5.0,Đã có sổ,Đầy đủ,6.6,27,Hồ Chí Minh,Quận 12,Nhà riêng tại đường Thạnh Lộc 39,0.11,50-70 m²,6-8 tỷ,10.7769,106.7009
"Hồ Chí Minh, Quận 12, Nhà riêng tại đường Thạnh Lộc 49",54.4,6.0,5.0,Đông - Nam,Không xác định,3.0,4.0,Đã có sổ,Đầy đủ,4.65,28,Hồ Chí Minh,Quận 12,Nhà riêng tại đường Thạnh Lộc 49,0.09,50-70 m²,4-6 tỷ,10.7769,106.7009
"Đà Nẵng, Thanh Khê, Nhà riêng tại đường Trường Chinh",78.0,7.0,4.0,Không xác định,Không xác định,3.0,3.0,Đã có sổ,Đầy đủ,4.98,23,Đà Nẵng,Thanh Khê,Nhà riêng tại đường Trường Chinh,0.06,70-90 m²,4-6 tỷ,16.0544,108.2022
"Hà Nội, Long Biên, Nhà riêng tại đường Phố Trạm",40.0,4.53,5.0,Không xác định,Không xác định,3.0,5.0,Đã có sổ,Đầy đủ,11.4,30,Hà Nội,Long Biên,Nhà riêng tại đường Phố Trạm,0.29,30-50 m²,>10 tỷ,21.0285,105.8542
"Hồ Chí Minh, Quận 12, Nhà riêng tại đường Thạnh Lộc 41",87.5,6.0,10.0,Không xác định,Không xác định,3.0,2.0,Đã có sổ,Không xác định,6.1,30,Hồ Chí Minh,Quận 12,Nhà riêng tại đường Thạnh Lộc 41,0.07,70-90 m²,6-8 tỷ,10.7769,106.7009
"Hà Nội, Thanh Trì, Nhà riêng tại đường Tả Thanh Oai",35.0,6.0,10.0,Không xác định,Không xác định,3.0,2.0,Không xác định,Đầy đủ,4.66,30,Hà Nội,Thanh Trì,Nhà riêng tại đường Tả Thanh Oai,0.13,30-50 m²,4-6 tỷ,21.0285,105.8542
"Hà Nội, Nam Từ Liêm, Nhà riêng tại đường Đình Thôn",120.0,6.0,10.0,Không xác định,Không xác định,24.0,24.0,Đã có sổ,Đầy đủ,23.9,30,Hà Nội,Nam Từ Liêm,Nhà riêng tại đường Đình Thôn,0.2,>90 m²,>10 tỷ,21.0285,105.8542
"Hồ Chí Minh, Quận 6, Nhà riêng tại phường 14",40.0,6.0,10.0,Không xác định,Không xác định,3.0,2.0,Không xác định,Không xác định,5.56,30,Hồ Chí Minh,Quận 6,Nhà riêng tại phường 14,0.14,30-50 m²,4-6 tỷ,10.7769,106.7009
"Hà Nội, Gia Lâm, Nhà riêng tại đường Kiêu Kỵ",65.0,4.8,10.0,Đông - Bắc,Đông - Bắc,4.0,3.0,Đã có sổ,Đầy đủ,5.2,30,Hà Nội,Gia Lâm,Nhà riêng tại đường Kiêu Kỵ,0.08,50-70 m²,4-6 tỷ,21.0285,105.8542
"Hồ Chí Minh, Quận 1, Nhà riêng tại đường Nguyễn Trãi",30.0,6.0,15.0,Không xác định,Không xác định,3.0,2.0,Đã có sổ,Đầy đủ,19.63,30,Hồ Chí Minh,Quận 1,Nhà riêng tại đường Nguyễn Trãi,0.65,<30 m²,>10 tỷ,10.7769,106.7009
"Hồ Chí Minh, Bình Thạnh, Nhà riêng tại đường Vũ Tùng",80.0,4.8,2.5,Không xác định,Không xác định,3.0,3.0,Đã có sổ,Cơ bản,10.5,30,Hồ Chí Minh,Bình Thạnh,Nhà riêng tại đường Vũ Tùng,0.13,70-90 m²,>10 tỷ,10.7769,106.7009
"Hà Nội, Cầu Giấy, Nhà riêng tại đường Xuân Thủy",35.0,3.5,3.0,Không xác định,Không xác định,4.0,6.0,Đã có sổ,Đầy đủ,10.9,30,Hà Nội,Cầu Giấy,Nhà riêng tại đường Xuân Thủy,0.31,30-50 m²,>10 tỷ,21.0285,105.8542
"Hà Nội, Cầu Giấy, Nhà riêng tại phố Trần Quốc Hoàn",40.1,10.0,10.0,Đông - Nam,Đông - Nam,5.0,5.0,Đã có sổ,Không xác định,19.9,30,Hà Nội,Cầu Giấy,Nhà riêng tại phố Trần Quốc Hoàn,0.5,30-50 m²,>10 tỷ,21.0285,105.8542
"Hà Nội, Cầu Giấy, Nhà riêng tại đường Trần Thái Tông",260.0,10.0,10.0,Không xác định,Không xác định,3.0,2.0,Đã có sổ,Không xác định,109.0,23,Hà Nội,Cầu Giấy,Nhà riêng tại đường Trần Thái Tông,0.42,>90 m²,>10 tỷ,21.0285,105.8542
"Hà Nội, Cầu Giấy, Nhà riêng tại đường Mạc Thái Tổ",62.0,6.0,10.0,Không xác định,Không xác định,3.0,2.0,Đã có sổ,Đầy đủ,21.0,23,Hà Nội,Cầu Giấy,Nhà riêng tại đường Mạc Thái Tổ,0.34,50-70 m²,>10 tỷ,21.0285,105.8542
"Hồ Chí Minh, Quận 6, Nhà riêng tại đường Cư Xá Phú Lâm D",67.0,3.5,8.0,Không xác định,Không xác định,5.0,6.0,Đã có sổ,Đầy đủ,8.5,29,Hồ Chí Minh,Quận 6,Nhà riêng tại đường Cư Xá Phú Lâm D,0.13,50-70 m²,8-10 tỷ,10.7769,106.7009
"Hà Nội, Cầu Giấy, Nhà riêng tại phố Phùng Chí Kiên",115.0,6.0,10.0,Không xác định,Không xác định,3.0,2.0,Không xác định,Không xác định,36.0,23,Hà Nội,Cầu Giấy,Nhà riêng tại phố Phùng Chí Kiên,0.31,>90 m²,>10 tỷ,21.0285,105.8542
"Hà Nội, Cầu Giấy, Nhà riêng tại đường Trần Thái Tông",120.0,8.0,10.0,Không xác định,Không xác định,3.0,2.0,Đã có sổ,Không xác định,55.0,23,Hà Nội,Cầu Giấy,Nhà riêng tại đường Trần Thái Tông,0.46,>90 m²,>10 tỷ,21.0285,105.8542
"Hà Nội, Long Biên, Nhà riêng tại phố Sài Đồng",58.0,4.2,2.5,Không xác định,Không xác định,5.0,4.0,Đã có sổ,Đầy đủ,7.9,30,Hà Nội,Long Biên,Nhà riêng tại phố Sài Đồng,0.14,50-70 m²,6-8 tỷ,21.0285,105.8542
"Hồ Chí Minh, Quận 7, Nhà riêng tại đường Huỳnh Tấn Phát",50.0,4.0,3.0,Tây - Bắc,Tây - Bắc,3.0,1.0,Đã có sổ,Cơ bản,3.79,30,Hồ Chí Minh,Quận 7,Nhà riêng tại đường Huỳnh Tấn Phát,0.08,30-50 m²,<4 tỷ,10.7769,106.7009
"Tiền Giang, Mỹ Tho, Nhà riêng tại đường Phan Thanh Giản",44.0,10.0,2.0,Đông - Nam,Đông - Nam,2.0,1.0,Đã có sổ,Cơ bản,1.33,30,Tiền Giang,Mỹ Tho,Nhà riêng tại đường Phan Thanh Giản,0.03,30-50 m²,<4 tỷ,10.4493,106.3422
"Hà Nội, Long Biên, Nhà riêng tại phố Hoàng Thế Thiện",69.8,3.6,2.5,Nam,Nam,2.0,1.0,Đã có sổ,Cơ bản,9.5,30,Hà Nội,Long Biên,Nhà riêng tại phố Hoàng Thế Thiện,0.14,50-70 m²,8-10 tỷ,21.0285,105.8542
"Hồ Chí Minh, Bình Chánh, Nhà riêng tại đường An Phú Tây - Hưng Long",80.0,6.0,10.0,Không xác định,Không xác định,3.0,3.0,Đã có sổ,Cơ bản,5.26,30,Hồ Chí Minh,Bình Chánh,Nhà riêng tại đường An Phú Tây - Hưng Long,0.07,70-90 m²,4-6 tỷ,10.7769,106.7009
"Hà Nội, Long Biên, Nhà riêng tại phường Phúc Đồng",49.8,6.0,10.0,Không xác định,Không xác định,3.0,2.0,Đã có sổ,Không xác định,15.1,30,Hà Nội,Long Biên,Nhà riêng tại phường Phúc Đồng,0.3,30-50 m²,>10 tỷ,21.0285,105.8542
"Hà Nội, Bắc Từ Liêm, Nhà riêng tại đường Hồ Tùng Mậu",43.7,6.0,10.0,Không xác định,Không xác định,3.0,2.0,Đã có sổ,Cơ bản,13.6,30,Hà Nội,Bắc Từ Liêm,Nhà riêng tại đường Hồ Tùng Mậu,0.31,30-50 m²,>10 tỷ,21.0285,105.8542
"Hà Nội, Thanh Trì, Nhà riêng tại đường Yên Kiện",82.0,5.1,6.0,Không xác định,Không xác định,2.0,2.0,Đã có sổ,Không xác định,10.1,30,Hà Nội,Thanh Trì,Nhà riêng tại đường Yên Kiện,0.12,70-90 m²,>10 tỷ,21.0285,105.8542
"Bình Thuận, Đức Linh, Nhà riêng tại thị trấn Đức Tài",90.0,4.5,10.0,Không xác định,Không xác định,1.0,1.0,Đã có sổ,Không xác định,0.97,30,Bình Thuận,Đức Linh,Nhà riêng tại thị trấn Đức Tài,0.01,70-90 m²,<4 tỷ,11.0904,108.0722
"Hà Nội, Hoài Đức, Nhà riêng tại đường Đại lộ Thăng Long",61.0,3.6,2.3,Không xác định,Không xác định,2.0,1.0,Đã có sổ,Đầy đủ,6.87,30,Hà Nội,Hoài Đức,Nhà riêng tại đường Đại lộ Thăng Long,0.11,50-70 m²,6-8 tỷ,21.0285,105.8542
"Hà Nội, Hai Bà Trưng, Nhà riêng tại phường Đồng Nhân",35.0,6.0,10.0,Không xác định,Không xác định,3.0,4.0,Đã có sổ,Đầy đủ,8.6,30,Hà Nội,Hai Bà Trưng,Nhà riêng tại phường Đồng Nhân,0.25,30-50 m²,8-10 tỷ,21.0285,105.8542
"Phú Yên, Tuy Hòa, Nhà riêng tại đường Nguyễn Trường Tộ",178.0,6.0,10.0,Tây - Bắc,Tây - Bắc,2.0,2.0,Đã có sổ,Cơ bản,7.0,30,Phú Yên,Tuy Hòa,Nhà riêng tại đường Nguyễn Trường Tộ,0.04,>90 m²,6-8 tỷ,13.0882,109.3087
"Hà Nội, Cầu Giấy, Nhà riêng tại đường Võ Chí Công",90.6,4.8,5.0,Tây - Bắc,Tây - Bắc,3.0,2.0,Đã có sổ,Cơ bản,29.9,22,Hà Nội,Cầu Giấy,Nhà riêng tại đường Võ Chí Công,0.33,>90 m²,>10 tỷ,21.0285,105.8542
"Hồ Chí Minh, Quận 5, Nhà riêng tại đường Sư Vạn Hạnh",100.0,6.0,10.0,Không xác định,Không xác định,3.0,2.0,Không xác định,Không xác định,30.0,30,Hồ Chí Minh,Quận 5,Nhà riêng tại đường Sư Vạn Hạnh,0.3,>90 m²,>10 tỷ,10.7769,106.7009
"Hà Nội, Nam Từ Liêm, Nhà riêng tại đường Mỹ Đình",55.0,6.0,10.0,Không xác định,Không xác định,14.0,14.0,Đã có sổ,Đầy đủ,18.5,30,Hà Nội,Nam Từ Liêm,Nhà riêng tại đường Mỹ Đình,0.34,50-70 m²,>10 tỷ,21.0285,105.8542
"Hà Nội, Long Biên, Nhà riêng tại đường Bát Khối",50.0,5.0,10.0,Không xác định,Không xác định,5.0,7.0,Đã có sổ,Đầy đủ,11.75,30,Hà Nội,Long Biên,Nhà riêng tại đường Bát Khối,0.24,30-50 m²,>10 tỷ,21.0285,105.8542
"Hà Nội, Nam Từ Liêm, Nhà riêng tại đường Tu Hoàng",50.0,6.0,9.0,Không xác định,Không xác định,4.0,3.0,Đã có sổ,Đầy đủ,13.99,30,Hà Nội,Nam Từ Liêm,Nhà riêng tại đường Tu Hoàng,0.28,30-50 m²,>10 tỷ,21.0285,105.8542
"Đà Nẵng, Thanh Khê, Nhà riêng tại đường Lê Duẩn",43.9,4.5,2.5,Nam,Nam,3.0,2.0,Đã có sổ,Không xác định,3.85,30,Đà Nẵng,Thanh Khê,Nhà riêng tại đường Lê Duẩn,0.09,30-50 m²,<4 tỷ,16.0544,108.2022
"Hà Nội, Tây Hồ, Nhà riêng tại đường Thụy Khuê",41.0,4.8,3.0,Không xác định,Không xác định,6.0,6.0,Đã có sổ,Đầy đủ,14.8,30,Hà Nội,Tây Hồ,Nhà riêng tại đường Thụy Khuê,0.36,30-50 m²,>10 tỷ,21.0285,105.8542
"Hà Nội, Bắc Từ Liêm, Nhà riêng tại đường Thụy Phương",68.0,4.6,3.0,Đông - Bắc,Đông - Bắc,3.0,3.0,Đã có sổ,Đầy đủ,9.95,30,Hà Nội,Bắc Từ Liêm,Nhà riêng tại đường Thụy Phương,0.15,50-70 m²,8-10 tỷ,21.0285,105.8542
"Khánh Hòa, Nha Trang, Nhà riêng tại đường Tuệ Tĩnh",88.6,6.0,6.0,Tây - Nam,Tây - Nam,1.0,1.0,Đã có sổ,Đầy đủ,12.0,30,Khánh Hòa,Nha Trang,Nhà riêng tại đường Tuệ Tĩnh,0.14,70-90 m²,>10 tỷ,12.2388,109.1967
"Hồ Chí Minh, Bình Thạnh, Nhà riêng tại phố Vạn Kiếp",36.0,6.0,10.0,Không xác định,Không xác định,3.0,2.0,Không xác định,Không xác định,6.3,30,Hồ Chí Minh,Bình Thạnh,Nhà riêng tại phố Vạn Kiếp,0.18,30-50 m²,6-8 tỷ,10.7769,106.7009
"Hồ Chí Minh, Bình Thạnh, Nhà riêng tại đường Phan Xích Long",36.0,6.0,4.0,Không xác định,Không xác định,2.0,3.0,Không xác định,Đầy đủ,6.3,30,Hồ Chí Minh,Bình Thạnh,Nhà riêng tại đường Phan Xích Long,0.18,30-50 m²,6-8 tỷ,10.7769,106.7009
"Hồ Chí Minh, Bình Thạnh, Nhà riêng tại phố Phan Đăng Lưu",36.0,6.0,10.0,Không xác định,Không xác định,3.0,2.0,Không xác định,Không xác định,6.3,30,Hồ Chí Minh,Bình Thạnh,Nhà riêng tại phố Phan Đăng Lưu,0.18,30-50 m²,6-8 tỷ,10.7769,106.7009
"Đồng Nai, Xuân Lộc, Nhà riêng tại xã Xuân Trường",139.4,15.0,2.5,Đông - Nam,Không xác định,2.0,1.0,Đã có sổ,Không xác định,0.76,30,Đồng Nai,Xuân Lộc,Nhà riêng tại xã Xuân Trường,0.01,>90 m²,<4 tỷ,10.9454,106.8248
"Hà Nội, Cầu Giấy, Nhà riêng tại Khu đô thị mới Cầu Giấy",126.0,7.2,25.0,Đông - Bắc,Đông - Bắc,10.0,11.0,Đã có sổ,Đầy đủ,79.0,30,Hà Nội,Cầu Giấy,Nhà riêng tại Khu đô thị mới Cầu Giấy,0.63,>90 m²,>10 tỷ,21.0285,105.8542
"Hồ Chí Minh, Quận 8, Nhà riêng tại phố Tạ Quang Bửu",129.0,5.0,10.0,Không xác định,Không xác định,3.0,2.0,Không xác định,Không xác định,21.0,26,Hồ Chí Minh,Quận 8,Nhà riêng tại phố Tạ Quang Bửu,0.16,>90 m²,>10 tỷ,10.7769,106.7009
"Hồ Chí Minh, Quận 8, Nhà riêng tại phường 15",40.08,3.6,10.0,Không xác định,Không xác định,2.0,2.0,Không xác định,Không xác định,4.0,26,Hồ Chí Minh,Quận 8,Nhà riêng tại phường 15,0.1,30-50 m²,<4 tỷ,10.7769,106.7009
"Bình Dương, Dĩ An, Nhà riêng tại phường Dĩ An",200.0,6.0,10.0,Không xác định,Không xác định,20.0,20.0,Đã có sổ,Cơ bản,9.0,30,Bình Dương,Dĩ An,Nhà riêng tại phường Dĩ An,0.04,>90 m²,8-10 tỷ,11.1604,106.6508
"Hà Nội, Thanh Xuân, Nhà riêng tại đường Lê Trọng Tấn",50.0,4.0,10.0,Không xác định,Không xác định,4.0,5.0,Đã có sổ,Đầy đủ,12.7,30,Hà Nội,Thanh Xuân,Nhà riêng tại đường Lê Trọng Tấn,0.25,30-50 m²,>10 tỷ,21.0285,105.8542
"Hồ Chí Minh, Gò Vấp, Nhà riêng tại đường Nguyễn Văn Nghi",49.0,3.8,2.0,Đông - Bắc,Đông - Bắc,3.0,2.0,Đã có sổ,Không xác định,4.9,29,Hồ Chí Minh,Gò Vấp,Nhà riêng tại đường Nguyễn Văn Nghi,0.1,30-50 m²,4-6 tỷ,10.7769,106.7009
"Tây Ninh, Dương Minh Châu, Nhà riêng tại xã Suối Đá",113.0,6.0,10.0,Tây - Bắc,Không xác định,2.0,1.0,Đã có sổ,Không xác định,0.77,30,Tây Ninh,Dương Minh Châu,Nhà riêng tại xã Suối Đá,0.01,>90 m²,<4 tỷ,11.3601,106.1098
"Hà Nội, Bắc Từ Liêm, Nhà riêng tại đường Phạm Văn Đồng",68.0,6.0,10.0,Không xác định,Không xác định,10.0,2.0,Đã có sổ,Đầy đủ,13.2,30,Hà Nội,Bắc Từ Liêm,Nhà riêng tại đường Phạm Văn Đồng,0.19,50-70 m²,>10 tỷ,21.0285,105.8542
"Hồ Chí Minh, Quận 7, Nhà riêng tại phố Trần Xuân Soạn",50.0,6.0,3.0,Không xác định,Không xác định,3.0,2.0,Đã có sổ,Không xác định,4.29,28,Hồ Chí Minh,Quận 7,Nhà riêng tại phố Trần Xuân Soạn,0.09,30-50 m²,4-6 tỷ,10.7769,106.7009
"Hà Nội, Đống Đa, Nhà riêng tại phố Hoàng Cầu",60.0,4.0,6.0,Không xác định,Không xác định,5.0,5.0,Đã có sổ,Cơ bản,26.5,30,Hà Nội,Đống Đa,Nhà riêng tại phố Hoàng Cầu,0.44,50-70 m²,>10 tỷ,21.0285,105.8542
"Hà Nội, Cầu Giấy, Nhà riêng tại đường Cầu Giấy",39.0,6.0,3.0,Không xác định,Không xác định,3.0,4.0,Đã có sổ,Cơ bản,11.5,30,Hà Nội,Cầu Giấy,Nhà riêng tại đường Cầu Giấy,0.29,30-50 m²,>10 tỷ,21.0285,105.8542
"Hà Nội, Đống Đa, Nhà riêng tại đường Phạm Ngọc Thạch",18.0,3.0,2.0,Không xác định,Không xác định,3.0,3.0,Đã có sổ,Đầy đủ,3.8,30,Hà Nội,Đống Đa,Nhà riêng tại đường Phạm Ngọc Thạch,0.21,<30 m²,<4 tỷ,21.0285,105.8542
"Hồ Chí Minh, Quận 11, Nhà riêng tại đường Lê Đại Hành",87.0,4.0,8.0,Không xác định,Không xác định,4.0,4.0,Đã có sổ,Cơ bản,10.8,30,Hồ Chí Minh,Quận 11,Nhà riêng tại đường Lê Đại Hành,0.12,70-90 m²,>10 tỷ,10.7769,106.7009
"Hồ Chí Minh, Nhà Bè, Nhà riêng tại đường Đào Tông Nguyên",95.0,5.0,8.0,Không xác định,Không xác định,4.0,5.0,Đã có sổ,Đầy đủ,8.1,30,Hồ Chí Minh,Nhà Bè,Nhà riêng tại đường Đào Tông Nguyên,0.09,>90 m²,8-10 tỷ,10.7769,106.7009
"Hà Nội, Ba Đình, Nhà riêng tại phố Kim Mã Thượng",30.0,34.0,3.5,Tây - Bắc,Không xác định,4.0,6.0,Đã có sổ,Không xác định,15.9,30,Hà Nội,Ba Đình,Nhà riêng tại phố Kim Mã Thượng,0.53,<30 m²,>10 tỷ,21.0285,105.8542
"Đà Nẵng, Liên Chiểu, Nhà riêng tại đường Hồ Tùng Mậu",99.0,5.5,10.0,Không xác định,Không xác định,3.0,2.0,Không xác định,Không xác định,6.58,30,Đà Nẵng,Liên Chiểu,Nhà riêng tại đường Hồ Tùng Mậu,0.07,>90 m²,6-8 tỷ,16.0544,108.2022
"Hà Nội, Hoàn Kiếm, Nhà riêng tại đường Tức Mạc",114.2,6.0,10.0,Không xác định,Không xác định,3.0,2.0,Đã có sổ,Đầy đủ,80.0,28,Hà Nội,Hoàn Kiếm,Nhà riêng tại đường Tức Mạc,0.7,>90 m²,>10 tỷ,21.0285,105.8542
"Hồ Chí Minh, Tân Bình, Nhà riêng tại đường Trường Chinh",30.0,3.5,5.0,Không xác định,Không xác định,4.0,3.0,Đã có sổ,Đầy đủ,6.5,25,Hồ Chí Minh,Tân Bình,Nhà riêng tại đường Trường Chinh,0.22,<30 m²,6-8 tỷ,10.7769,106.7009
"Hồ Chí Minh, Tân Bình, Nhà riêng tại đường Trần Văn Quang",50.0,6.0,10.0,Không xác định,Không xác định,4.0,4.0,Đã có sổ,Đầy đủ,8.6,25,Hồ Chí Minh,Tân Bình,Nhà riêng tại đường Trần Văn Quang,0.17,30-50 m²,8-10 tỷ,10.7769,106.7009
"Hà Nội, Cầu Giấy, Nhà riêng tại đường Yên Hòa",68.0,10.0,10.0,Không xác định,Không xác định,3.0,2.0,Đã có sổ,Đầy đủ,22.9,30,Hà Nội,Cầu Giấy,Nhà riêng tại đường Yên Hòa,0.34,50-70 m²,>10 tỷ,21.0285,105.8542
"Hà Nội, Cầu Giấy, Nhà riêng tại đường Nguyễn Khang",79.0,4.4,10.0,Không xác định,Không xác định,17.0,17.0,Đã có sổ,Đầy đủ,27.0,30,Hà Nội,Cầu Giấy,Nhà riêng tại đường Nguyễn Khang,0.34,70-90 m²,>10 tỷ,21.0285,105.8542
"Đồng Nai, Xuân Lộc, Nhà riêng tại đường ĐT 765",538.2,17.2,3.5,Tây - Nam,Không xác định,3.0,2.0,Đã có sổ,Không xác định,1.57,30,Đồng Nai,Xuân Lộc,Nhà riêng tại đường ĐT 765,0.0,>90 m²,<4 tỷ,10.9454,106.8248
"Hồ Chí Minh, Quận 2, Nhà riêng tại phường An Phú",80.0,4.0,12.0,Không xác định,Không xác định,3.0,2.0,Không xác định,Không xác định,16.0,30,Hồ Chí Minh,Quận 2,Nhà riêng tại phường An Phú,0.2,70-90 m²,>10 tỷ,10.7769,106.7009
"Hà Nội, Hoàng Mai, Nhà riêng tại đường Kim Đồng",61.0,4.0,3.5,Không xác định,Không xác định,5.0,4.0,Đã có sổ,Đầy đủ,15.45,2,Hà Nội,Hoàng Mai,Nhà riêng tại đường Kim Đồng,0.25,50-70 m²,>10 tỷ,21.0285,105.8542
"Bình Dương, Thủ Dầu Một, Nhà riêng tại đường Hồ Văn Cống",120.0,4.0,6.0,Không xác định,Không xác định,3.0,2.0,Đã có sổ,Cơ bản,2.45,30,Bình Dương,Thủ Dầu Một,Nhà riêng tại đường Hồ Văn Cống,0.02,>90 m²,<4 tỷ,11.1604,106.6508
"Hồ Chí Minh, Bình Thạnh, Nhà riêng tại đường Ung Văn Khiêm",64.0,4.0,10.0,Không xác định,Không xác định,3.0,2.0,Đã có sổ,Không xác định,11.0,29,Hồ Chí Minh,Bình Thạnh,Nhà riêng tại đường Ung Văn Khiêm,0.17,50-70 m²,>10 tỷ,10.7769,106.7009
"Hồ Chí Minh, Thủ Đức, Nhà riêng tại đường Phạm Văn Đồng",111.0,7.5,8.0,Không xác định,Không xác định,4.0,3.0,Đã có sổ,Đầy đủ,8.0,24,Hồ Chí Minh,Thủ Đức,Nhà riêng tại đường Phạm Văn Đồng,0.07,>90 m²,6-8 tỷ,10.7769,106.7009
"Hà Nội, Thanh Xuân, Nhà riêng tại đường Nguyễn Xiển",62.0,4.5,20.0,Không xác định,Không xác định,5.0,4.0,Đã có sổ,Đầy đủ,34.0,8,Hà Nội,Thanh Xuân,Nhà riêng tại đường Nguyễn Xiển,0.55,50-70 m²,>10 tỷ,21.0285,105.8542
"Hồ Chí Minh, Quận 9, Nhà riêng tại đường Võ Văn Hát",92.3,6.0,10.0,Không xác định,Không xác định,3.0,2.0,Không xác định,Không xác định,13.8,24,Hồ Chí Minh,Quận 9,Nhà riêng tại đường Võ Văn Hát,0.15,>90 m²,>10 tỷ,10.7769,106.7009
"Đồng Nai, Biên Hòa, Nhà riêng tại đường Huỳnh Văn Nghệ",100.0,7.0,7.0,Không xác định,Không xác định,3.0,2.0,Đã có sổ,Không xác định,2.0,25,Đồng Nai,Biên Hòa,Nhà riêng tại đường Huỳnh Văn Nghệ,0.02,>90 m²,<4 tỷ,10.9454,106.8248
"Đồng Nai, Vĩnh Cửu, Nhà riêng tại xã Tân Bình",81.0,6.0,10.0,Không xác định,Không xác định,3.0,2.0,Đã có sổ,Cơ bản,1.77,14,Đồng Nai,Vĩnh Cửu,Nhà riêng tại xã Tân Bình,0.02,70-90 m²,<4 tỷ,10.9454,106.8248
"Hồ Chí Minh, Quận 12, Nhà riêng tại đường Thạnh Xuân 40",66.0,4.0,10.0,Không xác định,Không xác định,3.0,2.0,Đã có sổ,Không xác định,4.19,26,Hồ Chí Minh,Quận 12,Nhà riêng tại đường Thạnh Xuân 40,0.06,50-70 m²,4-6 tỷ,10.7769,106.7009
"Long An, Cần Giuộc, Nhà riêng tại đường Quốc Lộ 50",40.0,5.0,5.0,Không xác định,Không xác định,4.0,3.0,Đã có sổ,Không xác định,1.25,5,Long An,Cần Giuộc,Nhà riêng tại đường Quốc Lộ 50,0.03,30-50 m²,<4 tỷ,10.536,106.4099
"Đồng Nai, Vĩnh Cửu, Nhà riêng tại Lavender City",70.0,6.0,5.0,Đông,Đông - Bắc,3.0,2.0,Đã có sổ,Cơ bản,2.8,29,Đồng Nai,Vĩnh Cửu,Nhà riêng tại Lavender City,0.04,50-70 m²,<4 tỷ,10.9454,106.8248
"Hà Nội, Cầu Giấy, Nhà riêng tại đường Hoàng Quốc Việt",55.0,5.8,7.0,Đông - Bắc,Đông - Bắc,4.0,4.0,Không xác định,Không xác định,20.0,30,Hà Nội,Cầu Giấy,Nhà riêng tại đường Hoàng Quốc Việt,0.36,50-70 m²,>10 tỷ,21.0285,105.8542
"Hà Nội, Cầu Giấy, Nhà riêng tại phố Nghĩa Đô",48.0,6.6,5.0,Không xác định,Không xác định,6.0,5.0,Đã có sổ,Cơ bản,18.5,30,Hà Nội,Cầu Giấy,Nhà riêng tại phố Nghĩa Đô,0.39,30-50 m²,>10 tỷ,21.0285,105.8542
"Hồ Chí Minh, Phú Nhuận, Nhà riêng tại đường Đặng Văn Ngữ",45.2,5.0,5.0,Không xác định,Không xác định,4.0,5.0,Đã có sổ,Cơ bản,11.4,28,Hồ Chí Minh,Phú Nhuận,Nhà riêng tại đường Đặng Văn Ngữ,0.25,30-50 m²,>10 tỷ,10.7769,106.7009
"Đồng Nai, Vĩnh Cửu, Nhà riêng tại đường Miễu Ông",88.4,6.0,6.0,Tây - Nam,Tây - Nam,3.0,2.0,Đã có sổ,Cơ bản,1.99,29,Đồng Nai,Vĩnh Cửu,Nhà riêng tại đường Miễu Ông,0.02,70-90 m²,<4 tỷ,10.9454,106.8248
"Hồ Chí Minh, Quận 10, Nhà riêng tại đường Cách Mạng Tháng Tám",60.0,4.0,8.0,Không xác định,Không xác định,4.0,3.0,Đã có sổ,Đầy đủ,10.3,24,Hồ Chí Minh,Quận 10,Nhà riêng tại đường Cách Mạng Tháng Tám,0.17,50-70 m²,>10 tỷ,10.7769,106.7009
"Hồ Chí Minh, Tân Phú, Nhà riêng tại đường Phan Anh",66.0,4.0,8.0,Không xác định,Không xác định,8.0,6.0,Đã có sổ,Đầy đủ,9.5,24,Hồ Chí Minh,Tân Phú,Nhà riêng tại đường Phan Anh,0.14,50-70 m²,8-10 tỷ,10.7769,106.7009
"Đà Nẵng, Sơn Trà, Nhà riêng tại đường An Hải 15",60.0,5.0,4.0,Nam,Nam,3.0,3.0,Đã có sổ,Cơ bản,6.75,28,Đà Nẵng,Sơn Trà,Nhà riêng tại đường An Hải 15,0.11,50-70 m²,6-8 tỷ,16.0544,108.2022
"Quảng Ninh, Hạ Long, Nhà riêng tại đường Cái Lân",160.0,10.0,10.0,Đông - Nam,Đông - Nam,6.0,4.0,Đã có sổ,Đầy đủ,8.4,29,Quảng Ninh,Hạ Long,Nhà riêng tại đường Cái Lân,0.05,>90 m²,8-10 tỷ,21.0069,107.2925
"Quảng Ninh, Quảng Yên, Nhà biệt thự, liền kề tại Quảng Yên Centro",85.0,6.0,10.0,Nam,Không xác định,3.0,2.0,Đã có sổ,Không xác định,0.05,1,Quảng Ninh,Quảng Yên,"Nhà biệt thự, liền kề tại Quảng Yên Centro",0.0,70-90 m²,<4 tỷ,21.0069,107.2925
"Hà Nội, Gia Lâm, Nhà biệt thự, liền kề tại Hà Nội Oriental",75.0,5.0,17.0,Không xác định,Không xác định,5.0,2.0,Đã có sổ,Không xác định,15.7,2,Hà Nội,Gia Lâm,"Nhà biệt thự, liền kề tại Hà Nội Oriental",0.21,70-90 m²,>10 tỷ,21.0285,105.8542
"Hưng Yên, Văn Giang, Nhà biệt thự, liền kề tại Vinhomes Ocean Park 3",126.0,7.0,10.0,Tây - Bắc,Tây - Bắc,4.0,4.0,Hợp đồng mua bán,Không xác định,13.0,2,Hưng Yên,Văn Giang,"Nhà biệt thự, liền kề tại Vinhomes Ocean Park 3",0.1,>90 m²,>10 tỷ,20.6464,106.0511
"Quảng Nam, Hội An, Nhà biệt thự, liền kề tại Casamia Balanca",173.0,8.0,22.0,Không xác định,Không xác định,4.0,4.0,Đã có sổ,Không xác định,0.06,2,Quảng Nam,Hội An,"Nhà biệt thự, liền kề tại Casamia Balanca",0.0,>90 m²,<4 tỷ,15.5667,108.4833
"Hà Nội, Long Biên, Nhà biệt thự, liền kề tại phường Phúc Lợi",181.0,14.0,17.0,Đông - Nam,Đông - Nam,6.0,4.0,Đã có sổ,Đầy đủ,78.0,3,Hà Nội,Long Biên,"Nhà biệt thự, liền kề tại phường Phúc Lợi",0.43,>90 m²,>10 tỷ,21.0285,105.8542
"Quảng Ninh, Cẩm Phả, Nhà biệt thự, liền kề tại Yoko Onsen Villa",600.0,6.0,10.0,Không xác định,Không xác định,3.0,2.0,Đã có sổ,Đầy đủ,18.0,3,Quảng Ninh,Cẩm Phả,"Nhà biệt thự, liền kề tại Yoko Onsen Villa",0.03,>90 m²,>10 tỷ,21.0069,107.2925
"Hà Nội, Chương Mỹ, Nhà biệt thự, liền kề tại xã Phụng Châu",488.0,14.0,10.0,Không xác định,Không xác định,3.0,2.0,Đã có sổ,Đầy đủ,29.0,3,Hà Nội,Chương Mỹ,"Nhà biệt thự, liền kề tại xã Phụng Châu",0.06,>90 m²,>10 tỷ,21.0285,105.8542
"Quảng Ninh, Hạ Long, Nhà biệt thự, liền kề tại phường Đại Yên",162.0,9.0,13.0,Đông - Bắc,Đông - Bắc,6.0,5.0,Đã có sổ,Không xác định,13.62,5,Quảng Ninh,Hạ Long,"Nhà biệt thự, liền kề tại phường Đại Yên",0.08,>90 m²,>10 tỷ,21.0069,107.2925
"Hà Nội, Gia Lâm, Nhà biệt thự, liền kề tại Phú Thị Riverside",75.0,6.0,10.0,Không xác định,Đông - Nam,4.0,2.0,Đã có sổ,Không xác định,10.9,5,Hà Nội,Gia Lâm,"Nhà biệt thự, liền kề tại Phú Thị Riverside",0.15,70-90 m²,>10 tỷ,21.0285,105.8542
"Hà Nội, Hà Đông, Nhà biệt thự, liền kề tại đường Trần Phú",100.0,25.0,17.0,Không xác định,Không xác định,5.0,6.0,Đã có sổ,Đầy đủ,32.0,5,Hà Nội,Hà Đông,"Nhà biệt thự, liền kề tại đường Trần Phú",0.32,>90 m²,>10 tỷ,21.0285,105.8542
"Khánh Hòa, Nha Trang, Nhà biệt thự, liền kề tại Gran Melia Nha Trang",1025.5,6.0,10.0,Không xác định,Không xác định,4.0,5.0,Đã có sổ,Đầy đủ,100.0,5,Khánh Hòa,Nha Trang,"Nhà biệt thự, liền kề tại Gran Melia Nha Trang",0.1,>90 m²,>10 tỷ,12.2388,109.1967
"Hà Nội, Hoài Đức, Nhà biệt thự, liền kề tại Sơn Đồng Center",80.0,6.25,10.0,Không xác định,Không xác định,3.0,2.0,Đã có sổ,Không xác định,13.2,5,Hà Nội,Hoài Đức,"Nhà biệt thự, liền kề tại Sơn Đồng Center",0.16,70-90 m²,>10 tỷ,21.0285,105.8542
"Khánh Hòa, Cam Ranh, Nhà biệt thự, liền kề tại Para Draco",600.0,6.0,10.0,Không xác định,Không xác định,3.0,3.0,Không xác định,Không xác định,0.05,4,Khánh Hòa,Cam Ranh,"Nhà biệt thự, liền kề tại Para Draco",0.0,>90 m²,<4 tỷ,12.2388,109.1967
"Đà Nẵng, Ngũ Hành Sơn, Nhà biệt thự, liền kề tại Fusion Resort & Villas Da Nang",650.0,6.0,10.0,Không xác định,Đông,4.0,4.0,Đã có sổ,Đầy đủ,47.0,8,Đà Nẵng,Ngũ Hành Sơn,"Nhà biệt thự, liền kề tại Fusion Resort & Villas Da Nang",0.07,>90 m²,>10 tỷ,16.0544,108.2022
"Hưng Yên, Văn Giang, Nhà biệt thự, liền kề tại Alluvia City",300.0,15.0,13.0,Đông - Nam,Đông - Nam,4.0,5.0,Hợp đồng mua bán,Cơ bản,60.0,3,Hưng Yên,Văn Giang,"Nhà biệt thự, liền kề tại Alluvia City",0.2,>90 m²,>10 tỷ,20.6464,106.0511
"Hà Nội, Quốc Oai, Nhà biệt thự, liền kề tại Khu du lịch sinh thái Tuần Châu Hà Nội",138.0,6.0,10.0,Không xác định,Không xác định,3.0,2.0,Không xác định,Không xác định,0.03,8,Hà Nội,Quốc Oai,"Nhà biệt thự, liền kề tại Khu du lịch sinh thái Tuần Châu Hà Nội",0.0,>90 m²,<4 tỷ,21.0285,105.8542
"Hà Nội, Long Biên, Nhà biệt thự, liền kề tại Long Biên Golf Villas",463.0,6.0,10.0,Đông - Nam,Tây - Bắc,3.0,2.0,Đã có sổ,Không xác định,320.0,8,Hà Nội,Long Biên,"Nhà biệt thự, liền kề tại Long Biên Golf Villas",0.69,>90 m²,>10 tỷ,21.0285,105.8542
"Hà Nội, Long Biên, Nhà biệt thự, liền kề tại Khu đô thị Sài Đồng",179.0,13.0,10.0,Không xác định,Không xác định,4.0,3.0,Đã có sổ,Không xác định,48.0,7,Hà Nội,Long Biên,"Nhà biệt thự, liền kề tại Khu đô thị Sài Đồng",0.27,>90 m²,>10 tỷ,21.0285,105.8542
"Hà Nội, Long Biên, Nhà biệt thự, liền kề tại Vinhomes Riverside",86.0,6.0,10.0,Không xác định,Không xác định,3.0,3.0,Đã có sổ,Đầy đủ,44.0,7,Hà Nội,Long Biên,"Nhà biệt thự, liền kề tại Vinhomes Riverside",0.51,70-90 m²,>10 tỷ,21.0285,105.8542
"Hồ Chí Minh, Quận 2, Nhà biệt thự, liền kề tại Lan Anh Village",377.0,6.0,10.0,Không xác định,Không xác định,3.0,2.0,Không xác định,Không xác định,220.0,7,Hồ Chí Minh,Quận 2,"Nhà biệt thự, liền kề tại Lan Anh Village",0.58,>90 m²,>10 tỷ,10.7769,106.7009
"Hà Nội, Nam Từ Liêm, Nhà biệt thự, liền kề tại Xuân Phương Residence",65.0,4.5,15.0,Đông - Nam,Đông - Nam,4.0,5.0,Đã có sổ,Không xác định,17.5,7,Hà Nội,Nam Từ Liêm,"Nhà biệt thự, liền kề tại Xuân Phương Residence",0.27,50-70 m²,>10 tỷ,21.0285,105.8542
"Hồ Chí Minh, Hóc Môn, Nhà biệt thự, liền kề tại Vinhomes Saigon Park",80.0,6.0,10.0,Đông,Đông,3.0,2.0,Đã có sổ,Không xác định,4.48,1,Hồ Chí Minh,Hóc Môn,"Nhà biệt thự, liền kề tại Vinhomes Saigon Park",0.06,70-90 m²,4-6 tỷ,10.7769,106.7009
"Ninh Thuận, Ninh Hải, Nhà biệt thự, liền kề tại đường Tỉnh lộ 702",270.2,12.0,10.0,Không xác định,Không xác định,2.0,2.0,Đã có sổ,Không xác định,4.8,6,Ninh Thuận,Ninh Hải,"Nhà biệt thự, liền kề tại đường Tỉnh lộ 702",0.02,>90 m²,4-6 tỷ,11.5653,108.9882
"Hồ Chí Minh, Quận 2, Nhà biệt thự, liền kề tại Phố Đông Village",187.5,10.0,12.0,Đông - Nam,Đông - Bắc,5.0,5.0,Đã có sổ,Không xác định,25.0,6,Hồ Chí Minh,Quận 2,"Nhà biệt thự, liền kề tại Phố Đông Village",0.13,>90 m²,>10 tỷ,10.7769,106.7009
"Bà Rịa Vũng Tàu, Vũng Tàu, Nhà biệt thự, liền kề tại The Maris Vũng Tàu",650.0,6.0,12.0,Đông - Nam,Đông - Nam,3.0,4.0,Đã có sổ,Đầy đủ,48.0,6,Bà Rịa Vũng Tàu,Vũng Tàu,"Nhà biệt thự, liền kề tại The Maris Vũng Tàu",0.07,>90 m²,>10 tỷ,10.4114,107.1362
"Quảng Ninh, Quảng Yên, Nhà biệt thự, liền kề tại Quảng Yên Centro",85.0,5.0,10.0,Bắc,Không xác định,3.0,2.0,Không xác định,Không xác định,0.05,6,Quảng Ninh,Quảng Yên,"Nhà biệt thự, liền kề tại Quảng Yên Centro",0.0,70-90 m²,<4 tỷ,21.0069,107.2925
"Hà Nội, Thanh Trì, Nhà biệt thự, liền kề tại đường Yên Xá",225.0,12.0,20.0,Không xác định,Không xác định,6.0,8.0,Đã có sổ,Không xác định,85.0,6,Hà Nội,Thanh Trì,"Nhà biệt thự, liền kề tại đường Yên Xá",0.38,>90 m²,>10 tỷ,21.0285,105.8542
"Hồ Chí Minh, Quận 2, Nhà biệt thự, liền kề tại Gladia by The Water",171.0,9.0,25.0,Đông - Bắc,Đông - Bắc,6.0,4.0,Đã có sổ,Không xác định,45.0,3,Hồ Chí Minh,Quận 2,"Nhà biệt thự, liền kề tại Gladia by The Water",0.26,>90 m²,>10 tỷ,10.7769,106.7009
"Đồng Nai, Nhơn Trạch, Nhà biệt thự, liền kề tại Khu đô thị Swan Park",150.0,6.0,10.0,Đông - Nam,Không xác định,3.0,2.0,Hợp đồng mua bán,Không xác định,8.5,5,Đồng Nai,Nhơn Trạch,"Nhà biệt thự, liền kề tại Khu đô thị Swan Park",0.06,>90 m²,8-10 tỷ,10.9454,106.8248
"Đồng Nai, Biên Hòa, Nhà biệt thự, liền kề tại Izumi Canaria",111.0,6.0,10.0,Tây - Bắc,Không xác định,4.0,4.0,Hợp đồng mua bán,Không xác định,8.17,3,Đồng Nai,Biên Hòa,"Nhà biệt thự, liền kề tại Izumi Canaria",0.07,>90 m²,8-10 tỷ,10.9454,106.8248
"Bình Thuận, Phan Thiết, Nhà biệt thự, liền kề tại Novahills Mũi Né Resort & Villas",250.0,6.0,10.0,Không xác định,Không xác định,3.0,2.0,Hợp đồng mua bán,Không xác định,5.9,5,Bình Thuận,Phan Thiết,"Nhà biệt thự, liền kề tại Novahills Mũi Né Resort & Villas",0.02,>90 m²,4-6 tỷ,11.0904,108.0722
"Hà Nội, Đông Anh, Nhà biệt thự, liền kề tại Vinhomes Global Gate",77.0,6.0,10.0,Không xác định,Không xác định,3.0,4.0,Không xác định,Đầy đủ,28.0,5,Hà Nội,Đông Anh,"Nhà biệt thự, liền kề tại Vinhomes Global Gate",0.36,70-90 m²,>10 tỷ,21.0285,105.8542
"Hà Nội, Đông Anh, Nhà biệt thự, liền kề tại Vinhomes Global Gate",80.0,6.0,10.0,Không xác định,Không xác định,3.0,2.0,Không xác định,Không xác định,29.0,5,Hà Nội,Đông Anh,"Nhà biệt thự, liền kề tại Vinhomes Global Gate",0.36,70-90 m²,>10 tỷ,21.0285,105.8542
"Hà Nội, Tây Hồ, Nhà biệt thự, liền kề tại đường Trích Sài",271.0,15.0,10.0,Không xác định,Không xác định,6.0,6.0,Đã có sổ,Không xác định,65.0,10,Hà Nội,Tây Hồ,"Nhà biệt thự, liền kề tại đường Trích Sài",0.24,>90 m²,>10 tỷ,21.0285,105.8542
"Hải Phòng, Thủy Nguyên, Nhà biệt thự, liền kề tại Emerald Symphony",80.0,6.0,10.0,Nam,Không xác định,3.0,2.0,Đã có sổ,Không xác định,7.67,4,Hải Phòng,Thủy Nguyên,"Nhà biệt thự, liền kề tại Emerald Symphony",0.1,70-90 m²,6-8 tỷ,20.8449,106.6881
"Hồ Chí Minh, Quận 9, Nhà biệt thự, liền kề tại Vinhomes Grand Park",96.0,6.0,10.0,Không xác định,Không xác định,3.0,2.0,Không xác định,Không xác định,21.0,10,Hồ Chí Minh,Quận 9,"Nhà biệt thự, liền kề tại Vinhomes Grand Park",0.22,>90 m²,>10 tỷ,10.7769,106.7009
"Hà Nội, Đan Phượng, Nhà biệt thự, liền kề tại Noble Palace Tây Thăng Long",75.0,6.0,10.0,Không xác định,Không xác định,3.0,2.0,Đã có sổ,Không xác định,17.0,10,Hà Nội,Đan Phượng,"Nhà biệt thự, liền kề tại Noble Palace Tây Thăng Long",0.23,70-90 m²,>10 tỷ,21.0285,105.8542
"Hồ Chí Minh, Cần Giờ, Nhà biệt thự, liền kề tại Vinhomes Green Paradise",250.4,15.0,21.0,Đông - Bắc,Tây - Nam,4.0,4.0,Hợp đồng mua bán,Cơ bản,20.41,10,Hồ Chí Minh,Cần Giờ,"Nhà biệt thự, liền kề tại Vinhomes Green Paradise",0.08,>90 m²,>10 tỷ,10.7769,106.7009
"Hồ Chí Minh, Cần Giờ, Nhà biệt thự, liền kề tại Vinhomes Green Paradise",208.1,17.0,17.0,Đông - Bắc,Tây - Nam,4.0,4.0,Hợp đồng mua bán,Cơ bản,30.94,10,Hồ Chí Minh,Cần Giờ,"Nhà biệt thự, liền kề tại Vinhomes Green Paradise",0.15,>90 m²,>10 tỷ,10.7769,106.7009
"Hà Nội, Nam Từ Liêm, Nhà biệt thự, liền kề tại FLC Premier Parc Đại Mỗ",90.0,6.0,10.0,Đông - Nam,Không xác định,3.0,2.0,Hợp đồng mua bán,Không xác định,14.17,10,Hà Nội,Nam Từ Liêm,"Nhà biệt thự, liền kề tại FLC Premier Parc Đại Mỗ",0.16,70-90 m²,>10 tỷ,21.0285,105.8542
"Bà Rịa Vũng Tàu, Vũng Tàu, Nhà biệt thự, liền kề tại The Maris Vũng Tàu",650.0,6.0,12.0,Đông - Bắc,Đông - Bắc,3.0,4.0,Đã có sổ,Đầy đủ,45.0,11,Bà Rịa Vũng Tàu,Vũng Tàu,"Nhà biệt thự, liền kề tại The Maris Vũng Tàu",0.07,>90 m²,>10 tỷ,10.4114,107.1362
"Bà Rịa Vũng Tàu, Vũng Tàu, Nhà biệt thự, liền kề tại The Maris Vũng Tàu",650.0,6.0,12.0,Đông - Nam,Đông - Nam,3.0,4.0,Đã có sổ,Đầy đủ,48.0,11,Bà Rịa Vũng Tàu,Vũng Tàu,"Nhà biệt thự, liền kề tại The Maris Vũng Tàu",0.07,>90 m²,>10 tỷ,10.4114,107.1362
"Hưng Yên, Văn Giang, Nhà biệt thự, liền kề tại Vinhomes Ocean Park 3",90.0,5.0,15.0,Tây - Bắc,Không xác định,7.0,4.0,Hợp đồng mua bán,Không xác định,12.8,5,Hưng Yên,Văn Giang,"Nhà biệt thự, liền kề tại Vinhomes Ocean Park 3",0.14,70-90 m²,>10 tỷ,20.6464,106.0511
"Hà Nội, Hà Đông, Nhà biệt thự, liền kề tại An Khang Villa",450.0,20.0,50.0,Không xác định,Không xác định,5.0,5.0,Đã có sổ,Đầy đủ,73.99,11,Hà Nội,Hà Đông,"Nhà biệt thự, liền kề tại An Khang Villa",0.16,>90 m²,>10 tỷ,21.0285,105.8542
"Hà Nội, Đông Anh, Nhà biệt thự, liền kề tại Vinhomes Global Gate",127.5,8.5,30.0,Không xác định,Không xác định,8.0,9.0,Đã có sổ,Không xác định,45.0,11,Hà Nội,Đông Anh,"Nhà biệt thự, liền kề tại Vinhomes Global Gate",0.35,>90 m²,>10 tỷ,21.0285,105.8542
"Hưng Yên, Văn Giang, Nhà biệt thự, liền kề tại xã Nghĩa Trụ",126.0,7.0,15.0,Tây - Bắc,Tây - Bắc,6.0,4.0,Hợp đồng mua bán,Không xác định,13.8,5,Hưng Yên,Văn Giang,"Nhà biệt thự, liền kề tại xã Nghĩa Trụ",0.11,>90 m²,>10 tỷ,20.6464,106.0511
"Khánh Hòa, Cam Ranh, Nhà biệt thự, liền kề tại ParaSol",122.4,6.0,10.0,Không xác định,Không xác định,3.0,2.0,Đã có sổ,Đầy đủ,6.0,11,Khánh Hòa,Cam Ranh,"Nhà biệt thự, liền kề tại ParaSol",0.05,>90 m²,4-6 tỷ,12.2388,109.1967
"Đồng Nai, Nhơn Trạch, Nhà biệt thự, liền kề tại đường D7",140.0,7.0,10.0,Tây - Nam,Tây - Nam,4.0,5.0,Đã có sổ,Đầy đủ,11.2,11,Đồng Nai,Nhơn Trạch,"Nhà biệt thự, liền kề tại đường D7",0.08,>90 m²,>10 tỷ,10.9454,106.8248
"Hà Nội, Đông Anh, Nhà biệt thự, liền kề tại Vinhomes Global Gate",136.0,8.5,30.0,Không xác định,Không xác định,8.0,9.0,Đã có sổ,Không xác định,52.0,11,Hà Nội,Đông Anh,"Nhà biệt thự, liền kề tại Vinhomes Global Gate",0.38,>90 m²,>10 tỷ,21.0285,105.8542
"Hà Nội, Đông Anh, Nhà biệt thự, liền kề tại Vinhomes Global Gate",212.5,12.5,60.0,Đông - Nam,Không xác định,9.0,10.0,Đã có sổ,Không xác định,140.0,11,Hà Nội,Đông Anh,"Nhà biệt thự, liền kề tại Vinhomes Global Gate",0.66,>90 m²,>10 tỷ,21.0285,105.8542
"Hà Nội, Hà Đông, Nhà biệt thự, liền kề tại Làng Việt Kiều Châu Âu Euroland",268.0,15.0,12.0,Không xác định,Không xác định,6.0,6.0,Đã có sổ,Đầy đủ,60.0,11,Hà Nội,Hà Đông,"Nhà biệt thự, liền kề tại Làng Việt Kiều Châu Âu Euroland",0.22,>90 m²,>10 tỷ,21.0285,105.8542
"Hà Nội, Hà Đông, Nhà biệt thự, liền kề tại Khu đô thị mới Văn Quán",280.0,22.0,30.0,Không xác định,Không xác định,5.0,5.0,Đã có sổ,Đầy đủ,99.9,11,Hà Nội,Hà Đông,"Nhà biệt thự, liền kề tại Khu đô thị mới Văn Quán",0.36,>90 m²,>10 tỷ,21.0285,105.8542
"Long An, Bến Lức, Nhà biệt thự, liền kề tại Khu đô thị Waterpoint",90.0,6.0,16.0,Bắc,Nam,2.0,3.0,Đã có sổ,Đầy đủ,5.3,11,Long An,Bến Lức,"Nhà biệt thự, liền kề tại Khu đô thị Waterpoint",0.06,70-90 m²,4-6 tỷ,10.536,106.4099
"Long An, Bến Lức, Nhà biệt thự, liền kề tại Eco Retreat Long An",220.0,6.0,10.0,Đông - Bắc,Không xác định,3.0,2.0,Hợp đồng mua bán,Không xác định,18.2,11,Long An,Bến Lức,"Nhà biệt thự, liền kề tại Eco Retreat Long An",0.08,>90 m²,>10 tỷ,10.536,106.4099
"Hà Nội, Hoài Đức, Nhà biệt thự, liền kề tại Hà Đô Charm Villas",168.0,9.0,8.0,Bắc,Bắc,3.0,2.0,Không xác định,Không xác định,0.21,11,Hà Nội,Hoài Đức,"Nhà biệt thự, liền kề tại Hà Đô Charm Villas",0.0,>90 m²,<4 tỷ,21.0285,105.8542
"Hà Nội, Hà Đông, Nhà biệt thự, liền kề tại Khu đô thị mới Dương Nội",450.0,39.0,20.0,Không xác định,Không xác định,5.0,5.0,Đã có sổ,Đầy đủ,73.99,11,Hà Nội,Hà Đông,"Nhà biệt thự, liền kề tại Khu đô thị mới Dương Nội",0.16,>90 m²,>10 tỷ,21.0285,105.8542
"Thanh Hóa, Thanh Hóa, Nhà biệt thự, liền kề tại Eurowindow Light City",96.0,6.0,17.0,Đông - Nam,Đông - Nam,5.0,5.0,Hợp đồng mua bán,Không xác định,5.7,11,Thanh Hóa,Thanh Hóa,"Nhà biệt thự, liền kề tại Eurowindow Light City",0.06,>90 m²,4-6 tỷ,19.8067,105.7852
"Nghệ An, Nghi Lộc, Nhà biệt thự, liền kề tại Meysenses Lucia Bay Bãi Lữ",322.9,6.0,6.0,Đông - Nam,Không xác định,3.0,2.0,Hợp đồng mua bán,Không xác định,12.0,11,Nghệ An,Nghi Lộc,"Nhà biệt thự, liền kề tại Meysenses Lucia Bay Bãi Lữ",0.04,>90 m²,>10 tỷ,19.2342,104.892
"Hồ Chí Minh, Cần Giờ, Nhà biệt thự, liền kề tại Vinhomes Green Paradise",197.0,10.0,14.0,Đông - Nam,Đông - Nam,6.0,6.0,Hợp đồng mua bán,Không xác định,16.06,11,Hồ Chí Minh,Cần Giờ,"Nhà biệt thự, liền kề tại Vinhomes Green Paradise",0.08,>90 m²,>10 tỷ,10.7769,106.7009
"Hồ Chí Minh, Cần Giờ, Nhà biệt thự, liền kề tại Vinhomes Green Paradise",270.2,12.0,15.0,Không xác định,Đông - Bắc,7.0,7.0,Hợp đồng mua bán,Không xác định,22.02,11,Hồ Chí Minh,Cần Giờ,"Nhà biệt thự, liền kề tại Vinhomes Green Paradise",0.08,>90 m²,>10 tỷ,10.7769,106.7009
"Hòa Bình, Lương Sơn, Nhà biệt thự, liền kề tại Ivory Villas & Resort",400.0,6.0,30.0,Đông - Nam,Nam,4.0,4.0,Đã có sổ,Đầy đủ,6.5,13,Hòa Bình,Lương Sơn,"Nhà biệt thự, liền kề tại Ivory Villas & Resort",0.02,>90 m²,6-8 tỷ,20.8133,105.3383
"Hà Nội, Đống Đa, Nhà biệt thự, liền kề tại đường Huỳnh Thúc Kháng",100.0,6.0,10.0,Không xác định,Không xác định,3.0,2.0,Đã có sổ,Không xác định,78.0,13,Hà Nội,Đống Đa,"Nhà biệt thự, liền kề tại đường Huỳnh Thúc Kháng",0.78,>90 m²,>10 tỷ,21.0285,105.8542
"Thanh Hóa, Sầm Sơn, Nhà biệt thự, liền kề tại Vlasta Sầm Sơn",84.5,6.5,27.0,Tây - Nam,Tây - Nam,3.0,2.0,Đã có sổ,Không xác định,7.83,16,Thanh Hóa,Sầm Sơn,"Nhà biệt thự, liền kề tại Vlasta Sầm Sơn",0.09,70-90 m²,6-8 tỷ,19.8067,105.7852
"Quảng Ninh, Vân Đồn, Nhà biệt thự, liền kề tại Sonasea Vân Đồn Harbor City",160.0,6.0,10.0,Nam,Nam,3.0,2.0,Không xác định,Không xác định,8.0,16,Quảng Ninh,Vân Đồn,"Nhà biệt thự, liền kề tại Sonasea Vân Đồn Harbor City",0.05,>90 m²,6-8 tỷ,21.0069,107.2925
"Lâm Đồng, Đà Lạt, Nhà biệt thự, liền kề tại đường Khe Sanh",200.0,10.0,6.0,Không xác định,Không xác định,5.0,6.0,Đã có sổ,Đầy đủ,18.0,16,Lâm Đồng,Đà Lạt,"Nhà biệt thự, liền kề tại đường Khe Sanh",0.09,>90 m²,>10 tỷ,11.9404,108.4583
"Lâm Đồng, Đà Lạt, Nhà biệt thự, liền kề tại đường An Sơn",200.0,8.0,8.0,Không xác định,Không xác định,5.0,6.0,Đã có sổ,Đầy đủ,19.5,16,Lâm Đồng,Đà Lạt,"Nhà biệt thự, liền kề tại đường An Sơn",0.1,>90 m²,>10 tỷ,11.9404,108.4583
"Lâm Đồng, Đà Lạt, Nhà biệt thự, liền kề tại đường An Sơn",412.0,19.0,10.0,Không xác định,Không xác định,13.0,16.0,Đã có sổ,Không xác định,31.0,16,Lâm Đồng,Đà Lạt,"Nhà biệt thự, liền kề tại đường An Sơn",0.08,>90 m²,>10 tỷ,11.9404,108.4583
"Hà Nội, Cầu Giấy, Nhà biệt thự, liền kề tại đường Thọ Tháp",189.0,14.0,14.0,Không xác định,Không xác định,4.0,3.0,Đã có sổ,Không xác định,86.0,15,Hà Nội,Cầu Giấy,"Nhà biệt thự, liền kề tại đường Thọ Tháp",0.46,>90 m²,>10 tỷ,21.0285,105.8542
"Hải Phòng, Dương Kinh, Nhà biệt thự, liền kề tại Anh Dũng II - Sao Đỏ I",396.0,6.0,12.0,Không xác định,Không xác định,3.0,2.0,Đã có sổ,Không xác định,23.0,9,Hải Phòng,Dương Kinh,"Nhà biệt thự, liền kề tại Anh Dũng II - Sao Đỏ I",0.06,>90 m²,>10 tỷ,20.8449,106.6881
"Bình Dương, Bàu Bàng, Nhà biệt thự, liền kề tại Thăng Long Central City",80.0,5.0,25.0,Tây - Nam,Không xác định,4.0,3.0,Đã có sổ,Không xác định,2.8,15,Bình Dương,Bàu Bàng,"Nhà biệt thự, liền kề tại Thăng Long Central City",0.03,70-90 m²,<4 tỷ,11.1604,106.6508
"Hà Nội, Cầu Giấy, Nhà biệt thự, liền kề tại phường Quan Hoa",225.0,7.6,4.0,Không xác định,Không xác định,5.0,5.0,Đã có sổ,Đầy đủ,56.0,9,Hà Nội,Cầu Giấy,"Nhà biệt thự, liền kề tại phường Quan Hoa",0.25,>90 m²,>10 tỷ,21.0285,105.8542
"Hà Nội, Hà Đông, Nhà biệt thự, liền kề tại Khu đô thị Thanh Hà Mường Thanh",300.0,12.0,25.0,Đông - Nam,Không xác định,5.0,5.0,Hợp đồng mua bán,Cơ bản,0.11,15,Hà Nội,Hà Đông,"Nhà biệt thự, liền kề tại Khu đô thị Thanh Hà Mường Thanh",0.0,>90 m²,<4 tỷ,21.0285,105.8542
"Hà Nội, Hà Đông, Nhà biệt thự, liền kề tại Làng Việt Kiều Châu Âu Euroland",139.0,10.0,12.0,Không xác định,Không xác định,5.0,5.0,Đã có sổ,Đầy đủ,40.0,15,Hà Nội,Hà Đông,"Nhà biệt thự, liền kề tại Làng Việt Kiều Châu Âu Euroland",0.29,>90 m²,>10 tỷ,21.0285,105.8542
"Hà Nội, Hoài Đức, Nhà biệt thự, liền kề tại Hinode Royal Park",100.0,5.0,17.0,Tây,Nam,3.0,2.0,Đã có sổ,Không xác định,16.0,15,Hà Nội,Hoài Đức,"Nhà biệt thự, liền kề tại Hinode Royal Park",0.16,>90 m²,>10 tỷ,21.0285,105.8542
"Hà Nội, Hoài Đức, Nhà biệt thự, liền kề tại Hinode Royal Park",215.0,10.0,17.0,Tây - Nam,Không xác định,3.0,2.0,Không xác định,Không xác định,60.0,15,Hà Nội,Hoài Đức,"Nhà biệt thự, liền kề tại Hinode Royal Park",0.28,>90 m²,>10 tỷ,21.0285,105.8542
"Phú Thọ, Việt Trì, Nhà biệt thự, liền kề tại Palm Manor Việt Trì",98.0,6.0,10.0,Không xác định,Không xác định,3.0,2.0,Đã có sổ,Không xác định,0.07,15,Phú Thọ,Việt Trì,"Nhà biệt thự, liền kề tại Palm Manor Việt Trì",0.0,>90 m²,<4 tỷ,21.3167,105.2167
"Hưng Yên, Văn Giang, Nhà biệt thự, liền kề tại Vinhomes Ocean Park 2",63.0,5.0,13.0,Đông - Nam,Đông - Nam,6.0,5.0,Đã có sổ,Cơ bản,8.5,14,Hưng Yên,Văn Giang,"Nhà biệt thự, liền kề tại Vinhomes Ocean Park 2",0.13,50-70 m²,8-10 tỷ,20.6464,106.0511
"Hà Nội, Ba Đình, Nhà biệt thự, liền kề tại The Heritage Láng Hạ",91.0,5.2,8.0,Nam,Nam,10.0,6.0,Đã có sổ,Không xác định,56.0,8,Hà Nội,Ba Đình,"Nhà biệt thự, liền kề tại The Heritage Láng Hạ",0.62,>90 m²,>10 tỷ,21.0285,105.8542
"Hồ Chí Minh, Quận 2, Nhà biệt thự, liền kề tại Khu Dân cư Thủ Thiêm Villa",550.0,25.0,16.0,Không xác định,Không xác định,3.0,2.0,Đã có sổ,Đầy đủ,92.0,14,Hồ Chí Minh,Quận 2,"Nhà biệt thự, liền kề tại Khu Dân cư Thủ Thiêm Villa",0.17,>90 m²,>10 tỷ,10.7769,106.7009
"Hà Nội, Hà Đông, Nhà biệt thự, liền kề tại An Phú Shop Villa",238.0,6.0,10.0,Không xác định,Không xác định,3.0,2.0,Đã có sổ,Không xác định,43.5,14,Hà Nội,Hà Đông,"Nhà biệt thự, liền kề tại An Phú Shop Villa",0.18,>90 m²,>10 tỷ,21.0285,105.8542
"Hồ Chí Minh, Quận 2, Nhà biệt thự, liền kề tại đường Lê Hữu Kiều",890.0,25.0,12.0,Không xác định,Không xác định,3.0,2.0,Đã có sổ,Không xác định,110.0,6,Hồ Chí Minh,Quận 2,"Nhà biệt thự, liền kề tại đường Lê Hữu Kiều",0.12,>90 m²,>10 tỷ,10.7769,106.7009
"Hòa Bình, Lương Sơn, Nhà biệt thự, liền kề tại Ivory Villas & Resort",600.0,30.0,30.0,Đông - Nam,Nam,5.0,5.0,Đã có sổ,Đầy đủ,8.5,13,Hòa Bình,Lương Sơn,"Nhà biệt thự, liền kề tại Ivory Villas & Resort",0.01,>90 m²,8-10 tỷ,20.8133,105.3383
"Bình Dương, Thuận An, Nhà biệt thự, liền kề tại Lavela Garden",70.0,10.0,5.0,Đông - Nam,Tây - Bắc,4.0,3.0,Đã có sổ,Không xác định,3.1,11,Bình Dương,Thuận An,"Nhà biệt thự, liền kề tại Lavela Garden",0.04,50-70 m²,<4 tỷ,11.1604,106.6508
"Hà Nội, Hà Đông, Nhà biệt thự, liền kề tại Khu đô thị mới Văn Phú",860.0,28.0,15.0,Không xác định,Không xác định,5.0,5.0,Đã có sổ,Đầy đủ,141.39,17,Hà Nội,Hà Đông,"Nhà biệt thự, liền kề tại Khu đô thị mới Văn Phú",0.16,>90 m²,>10 tỷ,21.0285,105.8542
"Hải Phòng, Thủy Nguyên, Nhà biệt thự, liền kề tại Belhomes Hải Phòng",80.0,5.0,12.0,Tây - Bắc,Tây - Bắc,3.0,2.0,Đã có sổ,Không xác định,5.05,17,Hải Phòng,Thủy Nguyên,"Nhà biệt thự, liền kề tại Belhomes Hải Phòng",0.06,70-90 m²,4-6 tỷ,20.8449,106.6881
"Bắc Ninh, Từ Sơn, Nhà biệt thự, liền kề tại Khu đô thị Mạnh Đức",170.0,8.5,15.0,Đông - Nam,Không xác định,3.0,2.0,Đã có sổ,Không xác định,16.5,17,Bắc Ninh,Từ Sơn,"Nhà biệt thự, liền kề tại Khu đô thị Mạnh Đức",0.1,>90 m²,>10 tỷ,21.1861,106.0763
"Bắc Ninh, Từ Sơn, Nhà biệt thự, liền kề tại Khu đô thị Mạnh Đức",175.0,7.0,20.5,Bắc,Không xác định,3.0,2.0,Đã có sổ,Không xác định,18.7,17,Bắc Ninh,Từ Sơn,"Nhà biệt thự, liền kề tại Khu đô thị Mạnh Đức",0.11,>90 m²,>10 tỷ,21.1861,106.0763
"Hồ Chí Minh, Gò Vấp, Nhà biệt thự, liền kề tại CityLand Park Hills",100.0,5.0,10.0,Nam,Nam,3.0,2.0,Đã có sổ,Không xác định,22.0,11,Hồ Chí Minh,Gò Vấp,"Nhà biệt thự, liền kề tại CityLand Park Hills",0.22,>90 m²,>10 tỷ,10.7769,106.7009
"Long An, Cần Giuộc, Nhà biệt thự, liền kề tại T&T Millennia City Long Hậu",120.0,6.0,10.0,Không xác định,Không xác định,5.0,4.0,Đã có sổ,Cơ bản,6.0,17,Long An,Cần Giuộc,"Nhà biệt thự, liền kề tại T&T Millennia City Long Hậu",0.05,>90 m²,4-6 tỷ,10.536,106.4099
"Khánh Hòa, Nha Trang, Nhà biệt thự, liền kề tại La Tiên Villas",164.8,8.0,10.0,Đông,Đông,3.0,4.0,Đã có sổ,Đầy đủ,16.3,17,Khánh Hòa,Nha Trang,"Nhà biệt thự, liền kề tại La Tiên Villas",0.1,>90 m²,>10 tỷ,12.2388,109.1967
"Hồ Chí Minh, Quận 9, Nhà biệt thự, liền kề tại The Collectors'",958.0,6.0,12.0,Nam,Nam,6.0,7.0,Đã có sổ,Không xác định,179.0,8,Hồ Chí Minh,Quận 9,"Nhà biệt thự, liền kề tại The Collectors'",0.19,>90 m²,>10 tỷ,10.7769,106.7009
"Hồ Chí Minh, Hóc Môn, Nhà biệt thự, liền kề tại Vinhomes Saigon Park",50.0,6.0,13.0,Tây - Bắc,Tây - Bắc,5.0,3.0,Hợp đồng mua bán,Không xác định,6.8,17,Hồ Chí Minh,Hóc Môn,"Nhà biệt thự, liền kề tại Vinhomes Saigon Park",0.14,30-50 m²,6-8 tỷ,10.7769,106.7009
"Hà Nam, Phủ Lý, Nhà biệt thự, liền kề tại Sun Urban City",60.0,4.0,13.5,Đông,Bắc,4.0,3.0,Hợp đồng mua bán,Không xác định,4.6,9,Hà Nam,Phủ Lý,"Nhà biệt thự, liền kề tại Sun Urban City",0.08,50-70 m²,4-6 tỷ,20.5453,105.9126
"Hà Nội, Hoài Đức, Nhà biệt thự, liền kề tại Vista Nam An Khánh",400.0,15.0,10.0,Không xác định,Không xác định,3.0,2.0,Không xác định,Không xác định,100.0,17,Hà Nội,Hoài Đức,"Nhà biệt thự, liền kề tại Vista Nam An Khánh",0.25,>90 m²,>10 tỷ,21.0285,105.8542
"Hồ Chí Minh, Gò Vấp, Nhà biệt thự, liền kề tại CityLand Park Hills",575.0,125.0,30.0,Nam,Nam,3.0,2.0,Đã có sổ,Không xác định,131.0,11,Hồ Chí Minh,Gò Vấp,"Nhà biệt thự, liền kề tại CityLand Park Hills",0.23,>90 m²,>10 tỷ,10.7769,106.7009
"Hồ Chí Minh, Quận 7, Nhà biệt thự, liền kề tại Khu Biệt Thự Mỹ Kim 1, 2",320.0,6.0,10.0,Bắc,Không xác định,3.0,2.0,Đã có sổ,Không xác định,170.0,17,Hồ Chí Minh,Quận 7,"Nhà biệt thự, liền kề tại Khu Biệt Thự Mỹ Kim 1, 2",0.53,>90 m²,>10 tỷ,10.7769,106.7009
"Hà Nội, Đông Anh, Nhà biệt thự, liền kề tại Villa Avenue Vân Trì",1188.0,31.0,10.0,Không xác định,Không xác định,3.0,2.0,Đã có sổ,Không xác định,220.0,17,Hà Nội,Đông Anh,"Nhà biệt thự, liền kề tại Villa Avenue Vân Trì",0.19,>90 m²,>10 tỷ,21.0285,105.8542
"Hà Nội, Hoài Đức, Nhà biệt thự, liền kề tại Vista Nam An Khánh",1040.0,6.0,10.0,Không xác định,Không xác định,3.0,2.0,Đã có sổ,Không xác định,300.0,17,Hà Nội,Hoài Đức,"Nhà biệt thự, liền kề tại Vista Nam An Khánh",0.29,>90 m²,>10 tỷ,21.0285,105.8542
"Hải Phòng, Thủy Nguyên, Nhà biệt thự, liền kề tại Vinhomes Royal Island",99.0,6.0,10.0,Tây - Nam,Không xác định,3.0,2.0,Hợp đồng mua bán,Không xác định,13.3,17,Hải Phòng,Thủy Nguyên,"Nhà biệt thự, liền kề tại Vinhomes Royal Island",0.13,>90 m²,>10 tỷ,20.8449,106.6881
"Hải Phòng, Thủy Nguyên, Nhà biệt thự, liền kề tại Vinhomes Royal Island",180.1,6.0,10.0,Đông,Không xác định,3.0,2.0,Đã có sổ,Không xác định,20.92,17,Hải Phòng,Thủy Nguyên,"Nhà biệt thự, liền kề tại Vinhomes Royal Island",0.12,>90 m²,>10 tỷ,20.8449,106.6881
"Hải Phòng, Thủy Nguyên, Nhà biệt thự, liền kề tại Vinhomes Royal Island",236.4,7.0,10.0,Đông,Không xác định,3.0,2.0,Đã có sổ,Không xác định,21.83,17,Hải Phòng,Thủy Nguyên,"Nhà biệt thự, liền kề tại Vinhomes Royal Island",0.09,>90 m²,>10 tỷ,20.8449,106.6881
"Thanh Hóa, Sầm Sơn, Nhà biệt thự, liền kề tại Vlasta Sầm Sơn",198.0,12.0,14.0,Không xác định,Không xác định,3.0,2.0,Đã có sổ,Không xác định,9.5,17,Thanh Hóa,Sầm Sơn,"Nhà biệt thự, liền kề tại Vlasta Sầm Sơn",0.05,>90 m²,8-10 tỷ,19.8067,105.7852
"Hưng Yên, Văn Giang, Nhà biệt thự, liền kề tại Vinhomes Ocean Park 3",90.0,6.0,10.0,Không xác định,Không xác định,3.0,2.0,Không xác định,Không xác định,9.65,19,Hưng Yên,Văn Giang,"Nhà biệt thự, liền kề tại Vinhomes Ocean Park 3",0.11,70-90 m²,8-10 tỷ,20.6464,106.0511
"Hải Phòng, Dương Kinh, Nhà biệt thự, liền kề tại Vinhomes Golden City",98.0,7.7,15.0,Tây - Bắc,Tây - Bắc,4.0,4.0,Đã có sổ,Không xác định,6.0,19,Hải Phòng,Dương Kinh,"Nhà biệt thự, liền kề tại Vinhomes Golden City",0.06,>90 m²,4-6 tỷ,20.8449,106.6881
"Hà Nội, Tây Hồ, Nhà biệt thự, liền kề tại phường Xuân La",102.0,6.0,10.0,Không xác định,Không xác định,3.0,2.0,Không xác định,Không xác định,50.0,19,Hà Nội,Tây Hồ,"Nhà biệt thự, liền kề tại phường Xuân La",0.49,>90 m²,>10 tỷ,21.0285,105.8542
"Hà Nội, Hà Đông, Nhà biệt thự, liền kề tại Khu đô thị mới Văn Quán",700.0,20.0,30.0,Không xác định,Không xác định,5.0,5.0,Đã có sổ,Đầy đủ,169.0,19,Hà Nội,Hà Đông,"Nhà biệt thự, liền kề tại Khu đô thị mới Văn Quán",0.24,>90 m²,>10 tỷ,21.0285,105.8542
"Hưng Yên, Văn Lâm, Nhà biệt thự, liền kề tại Economy City",82.23,5.0,30.0,Đông - Nam,Nam,4.0,3.0,Đã có sổ,Không xác định,8.77,3,Hưng Yên,Văn Lâm,"Nhà biệt thự, liền kề tại Economy City",0.11,70-90 m²,8-10 tỷ,20.6464,106.0511
"Bình Dương, Thuận An, Nhà biệt thự, liền kề tại Eco Xuân - Lái Thiêu",180.0,6.0,10.0,Không xác định,Không xác định,5.0,5.0,Đã có sổ,Đầy đủ,16.0,19,Bình Dương,Thuận An,"Nhà biệt thự, liền kề tại Eco Xuân - Lái Thiêu",0.09,>90 m²,>10 tỷ,11.1604,106.6508
"Hà Nội, Tây Hồ, Nhà biệt thự, liền kề tại Khu đô thị Vườn Đào",300.0,15.0,10.0,Không xác định,Không xác định,5.0,5.0,Đã có sổ,Đầy đủ,0.5,18,Hà Nội,Tây Hồ,"Nhà biệt thự, liền kề tại Khu đô thị Vườn Đào",0.0,>90 m²,<4 tỷ,21.0285,105.8542
"Hà Nội, Bắc Từ Liêm, Nhà biệt thự, liền kề tại Thành phố Giao Lưu",129.0,8.0,40.0,Không xác định,Không xác định,5.0,5.0,Đã có sổ,Cơ bản,48.0,18,Hà Nội,Bắc Từ Liêm,"Nhà biệt thự, liền kề tại Thành phố Giao Lưu",0.37,>90 m²,>10 tỷ,21.0285,105.8542
"Đà Nẵng, Sơn Trà, Nhà biệt thự, liền kề tại Sun Symphony Residence",216.2,12.0,15.0,Đông,Đông,3.0,2.0,Đã có sổ,Không xác định,63.44,18,Đà Nẵng,Sơn Trà,"Nhà biệt thự, liền kề tại Sun Symphony Residence",0.29,>90 m²,>10 tỷ,16.0544,108.2022
"Hà Nội, Bắc Từ Liêm, Nhà biệt thự, liền kề tại Thành phố Giao Lưu",241.0,13.0,21.0,Không xác định,Không xác định,6.0,5.0,Đã có sổ,Cơ bản,111.9,18,Hà Nội,Bắc Từ Liêm,"Nhà biệt thự, liền kề tại Thành phố Giao Lưu",0.46,>90 m²,>10 tỷ,21.0285,105.8542
"Hồ Chí Minh, Quận 2, Nhà biệt thự, liền kề tại đường Thái Ly",813.0,20.0,12.0,Không xác định,Không xác định,3.0,2.0,Đã có sổ,Đầy đủ,180.0,14,Hồ Chí Minh,Quận 2,"Nhà biệt thự, liền kề tại đường Thái Ly",0.22,>90 m²,>10 tỷ,10.7769,106.7009
"Hưng Yên, Văn Lâm, Nhà biệt thự, liền kề tại The Fullton",115.0,6.0,10.0,Không xác định,Không xác định,3.0,2.0,Không xác định,Không xác định,0.17,18,Hưng Yên,Văn Lâm,"Nhà biệt thự, liền kề tại The Fullton",0.0,>90 m²,<4 tỷ,20.6464,106.0511
"Hà Nội, Hà Đông, Nhà biệt thự, liền kề tại phường Vạn Phúc",50.0,6.0,10.0,Không xác định,Không xác định,3.0,2.0,Không xác định,Không xác định,23.8,18,Hà Nội,Hà Đông,"Nhà biệt thự, liền kề tại phường Vạn Phúc",0.48,30-50 m²,>10 tỷ,21.0285,105.8542
"Hà Nội, Hà Đông, Nhà biệt thự, liền kề tại Làng Việt Kiều Châu Âu Euroland",700.0,20.0,20.0,Không xác định,Không xác định,5.0,6.0,Đã có sổ,Đầy đủ,169.0,18,Hà Nội,Hà Đông,"Nhà biệt thự, liền kề tại Làng Việt Kiều Châu Âu Euroland",0.24,>90 m²,>10 tỷ,21.0285,105.8542
"Hà Nội, Hà Đông, Nhà biệt thự, liền kề tại Làng Việt Kiều Châu Âu Euroland",300.0,20.0,20.0,Không xác định,Không xác định,5.0,6.0,Đã có sổ,Đầy đủ,70.0,18,Hà Nội,Hà Đông,"Nhà biệt thự, liền kề tại Làng Việt Kiều Châu Âu Euroland",0.23,>90 m²,>10 tỷ,21.0285,105.8542
"Hà Nội, Hoài Đức, Nhà biệt thự, liền kề tại thị trấn Trạm Trôi",39.0,6.0,10.0,Không xác định,Không xác định,3.0,2.0,Không xác định,Không xác định,7.0,12,Hà Nội,Hoài Đức,"Nhà biệt thự, liền kề tại thị trấn Trạm Trôi",0.18,30-50 m²,6-8 tỷ,21.0285,105.8542
"Kiên Giang, Phú Quốc, Nhà biệt thự, liền kề tại The Residence Phú Quốc",135.0,6.0,10.0,Không xác định,Không xác định,3.0,4.0,Đã có sổ,Không xác định,8.0,18,Kiên Giang,Phú Quốc,"Nhà biệt thự, liền kề tại The Residence Phú Quốc",0.06,>90 m²,6-8 tỷ,10.0125,105.0809
"Hồ Chí Minh, Nhà Bè, Nhà biệt thự, liền kề tại Essensia Broadway",153.0,12.0,15.0,Đông - Bắc,Đông - Bắc,4.0,3.0,Không xác định,Không xác định,38.0,18,Hồ Chí Minh,Nhà Bè,"Nhà biệt thự, liền kề tại Essensia Broadway",0.25,>90 m²,>10 tỷ,10.7769,106.7009
"Hưng Yên, Văn Giang, Nhà biệt thự, liền kề tại Mega Complex - Vinhomes Ocean Park 2",90.0,6.0,35.0,Không xác định,Không xác định,3.0,2.0,Đã có sổ,Cơ bản,17.9,18,Hưng Yên,Văn Giang,"Nhà biệt thự, liền kề tại Mega Complex - Vinhomes Ocean Park 2",0.2,70-90 m²,>10 tỷ,20.6464,106.0511
"Bắc Ninh, Từ Sơn, Nhà biệt thự, liền kề tại Vietsing Square",75.0,5.0,17.5,Không xác định,Không xác định,7.0,4.0,Đã có sổ,Không xác định,6.0,16,Bắc Ninh,Từ Sơn,"Nhà biệt thự, liền kề tại Vietsing Square",0.08,70-90 m²,4-6 tỷ,21.1861,106.0763
"Bình Định, Phù Cát, Nhà biệt thự, liền kề tại Baia Retreat Hội Vân",120.0,6.0,10.0,Không xác định,Không xác định,6.0,6.0,Đã có sổ,Không xác định,4.0,22,Bình Định,Phù Cát,"Nhà biệt thự, liền kề tại Baia Retreat Hội Vân",0.03,>90 m²,<4 tỷ,13.782,109.2194
"Bình Định, Phù Cát, Nhà biệt thự, liền kề tại Khu du lịch khách sạn và nghỉ dưỡng Vĩnh Hội",240.0,6.0,10.0,Không xác định,Không xác định,3.0,3.0,Không xác định,Không xác định,12.5,22,Bình Định,Phù Cát,"Nhà biệt thự, liền kề tại Khu du lịch khách sạn và nghỉ dưỡng Vĩnh Hội",0.05,>90 m²,>10 tỷ,13.782,109.2194
"Bình Định, Phù Cát, Nhà biệt thự, liền kề tại Fusion Maia Quy Nhơn Resort",240.0,6.0,10.0,Không xác định,Không xác định,3.0,3.0,Hợp đồng mua bán,Cơ bản,9.8,22,Bình Định,Phù Cát,"Nhà biệt thự, liền kề tại Fusion Maia Quy Nhơn Resort",0.04,>90 m²,8-10 tỷ,13.782,109.2194
"Lâm Đồng, Đà Lạt, Nhà biệt thự, liền kề tại đường Lê Văn Tám",273.0,10.0,10.0,Không xác định,Không xác định,7.0,7.0,Đã có sổ,Đầy đủ,34.0,22,Lâm Đồng,Đà Lạt,"Nhà biệt thự, liền kề tại đường Lê Văn Tám",0.12,>90 m²,>10 tỷ,11.9404,108.4583
"Đà Nẵng, Liên Chiểu, Nhà biệt thự, liền kề tại Gami Eco Charm",160.0,6.0,10.0,Không xác định,Không xác định,3.0,2.0,Không xác định,Không xác định,10.63,22,Đà Nẵng,Liên Chiểu,"Nhà biệt thự, liền kề tại Gami Eco Charm",0.07,>90 m²,>10 tỷ,16.0544,108.2022
"Hà Nội, Cầu Giấy, Nhà biệt thự, liền kề tại Khu nhà ở Học viện Tư pháp",100.0,5.95,10.0,Tây - Bắc,Không xác định,3.0,2.0,Đã có sổ,Không xác định,39.5,22,Hà Nội,Cầu Giấy,"Nhà biệt thự, liền kề tại Khu nhà ở Học viện Tư pháp",0.4,>90 m²,>10 tỷ,21.0285,105.8542
"Hà Nội, Hoàng Mai, Nhà biệt thự, liền kề tại phường Đại Kim",78.0,7.0,10.0,Đông - Nam,Không xác định,5.0,6.0,Đã có sổ,Đầy đủ,31.5,22,Hà Nội,Hoàng Mai,"Nhà biệt thự, liền kề tại phường Đại Kim",0.4,70-90 m²,>10 tỷ,21.0285,105.8542
"Vĩnh Phúc, Phúc Yên, Nhà biệt thự, liền kề tại Thanh Xuân Valley",245.15,12.0,15.0,Đông - Nam,Không xác định,4.0,4.0,Đã có sổ,Không xác định,19.0,22,Vĩnh Phúc,Phúc Yên,"Nhà biệt thự, liền kề tại Thanh Xuân Valley",0.08,>90 m²,>10 tỷ,21.3083,105.6042
"Đồng Nai, Biên Hòa, Nhà biệt thự, liền kề tại Izumi Gardenia",143.5,7.0,11.0,Nam,Nam,4.0,3.0,Đã có sổ,Không xác định,7.6,22,Đồng Nai,Biên Hòa,"Nhà biệt thự, liền kề tại Izumi Gardenia",0.05,>90 m²,6-8 tỷ,10.9454,106.8248
"Bình Dương, Bến Cát, Nhà biệt thự, liền kề tại Golden Center City",125.0,7.5,9.0,Đông - Bắc,Không xác định,3.0,2.0,Đã có sổ,Không xác định,4.8,22,Bình Dương,Bến Cát,"Nhà biệt thự, liền kề tại Golden Center City",0.04,>90 m²,4-6 tỷ,11.1604,106.6508
"Bắc Ninh, Bắc Ninh, Nhà biệt thự, liền kề tại Him Lam Green Park",108.0,6.0,10.0,Không xác định,Không xác định,3.0,2.0,Không xác định,Không xác định,9.9,22,Bắc Ninh,Bắc Ninh,"Nhà biệt thự, liền kề tại Him Lam Green Park",0.09,>90 m²,8-10 tỷ,21.1861,106.0763
"Hà Nội, Hoài Đức, Nhà biệt thự, liền kề tại Hinode Royal Park",82.0,5.0,17.0,Đông - Bắc,Đông - Nam,5.0,5.0,Đã có sổ,Không xác định,16.3,21,Hà Nội,Hoài Đức,"Nhà biệt thự, liền kề tại Hinode Royal Park",0.2,70-90 m²,>10 tỷ,21.0285,105.8542
"Hà Nội, Đông Anh, Nhà biệt thự, liền kề tại Vinhomes Global Gate",63.0,6.0,15.0,Không xác định,Không xác định,5.0,5.0,Đã có sổ,Không xác định,25.0,21,Hà Nội,Đông Anh,"Nhà biệt thự, liền kề tại Vinhomes Global Gate",0.4,50-70 m²,>10 tỷ,21.0285,105.8542
"Long An, Cần Đước, Nhà biệt thự, liền kề tại xã Long Trạch",80.0,6.0,10.0,Đông - Nam,Không xác định,3.0,2.0,Đã có sổ,Cơ bản,1.9,23,Long An,Cần Đước,"Nhà biệt thự, liền kề tại xã Long Trạch",0.02,70-90 m²,<4 tỷ,10.536,106.4099
"Hưng Yên, Văn Giang, Nhà biệt thự, liền kề tại Biệt thự Mimosa - Ecopark",227.0,12.5,13.0,Đông - Nam,Đông - Nam,4.0,5.0,Đã có sổ,Đầy đủ,43.0,23,Hưng Yên,Văn Giang,"Nhà biệt thự, liền kề tại Biệt thự Mimosa - Ecopark",0.19,>90 m²,>10 tỷ,20.6464,106.0511
"Đồng Nai, Biên Hòa, Nhà biệt thự, liền kề tại Aqua City",117.0,6.0,11.0,Tây - Bắc,Tây - Bắc,3.0,4.0,Không xác định,Không xác định,5.8,23,Đồng Nai,Biên Hòa,"Nhà biệt thự, liền kề tại Aqua City",0.05,>90 m²,4-6 tỷ,10.9454,106.8248
"Hồ Chí Minh, Quận 2, Nhà biệt thự, liền kề tại Sola - Đảo Ánh Dương",114.0,12.0,20.0,Nam,Nam,4.0,5.0,Hợp đồng mua bán,Không xác định,48.0,23,Hồ Chí Minh,Quận 2,"Nhà biệt thự, liền kề tại Sola - Đảo Ánh Dương",0.42,>90 m²,>10 tỷ,10.7769,106.7009
"Khánh Hòa, Cam Lâm, Nhà biệt thự, liền kề tại Vinpearl Bãi Dài",420.0,6.0,10.0,Không xác định,Không xác định,2.0,2.0,Hợp đồng mua bán,Không xác định,6.5,23,Khánh Hòa,Cam Lâm,"Nhà biệt thự, liền kề tại Vinpearl Bãi Dài",0.02,>90 m²,6-8 tỷ,12.2388,109.1967
"Hà Nội, Gia Lâm, Nhà biệt thự, liền kề tại Vinhomes Ocean Park Gia Lâm",150.0,6.0,10.0,Không xác định,Không xác định,2.0,5.0,Đã có sổ,Đầy đủ,36.0,23,Hà Nội,Gia Lâm,"Nhà biệt thự, liền kề tại Vinhomes Ocean Park Gia Lâm",0.24,>90 m²,>10 tỷ,21.0285,105.8542
"Hà Nội, Bắc Từ Liêm, Nhà biệt thự, liền kề tại Khu đô thị mới Nghĩa Đô",350.0,40.0,15.0,Đông - Nam,Không xác định,6.0,8.0,Đã có sổ,Đầy đủ,65.42,23,Hà Nội,Bắc Từ Liêm,"Nhà biệt thự, liền kề tại Khu đô thị mới Nghĩa Đô",0.19,>90 m²,>10 tỷ,21.0285,105.8542
"Đồng Nai, Biên Hòa, Nhà biệt thự, liền kề tại Izumi City",114.0,6.0,11.0,Tây - Bắc,Tây - Bắc,2.0,4.0,Hợp đồng mua bán,Không xác định,8.06,23,Đồng Nai,Biên Hòa,"Nhà biệt thự, liền kề tại Izumi City",0.07,>90 m²,8-10 tỷ,10.9454,106.8248
"Hà Nội, Hà Đông, Nhà biệt thự, liền kề tại Goldsilk Complex",126.0,6.75,10.0,Không xác định,Không xác định,3.0,2.0,Đã có sổ,Không xác định,0.25,23,Hà Nội,Hà Đông,"Nhà biệt thự, liền kề tại Goldsilk Complex",0.0,>90 m²,<4 tỷ,21.0285,105.8542
"Hồ Chí Minh, Phú Nhuận, Nhà biệt thự, liền kề tại đường Phổ Quang",275.0,10.0,5.0,Không xác định,Không xác định,6.0,7.0,Đã có sổ,Không xác định,64.0,23,Hồ Chí Minh,Phú Nhuận,"Nhà biệt thự, liền kề tại đường Phổ Quang",0.23,>90 m²,>10 tỷ,10.7769,106.7009
"Hà Nội, Gia Lâm, Nhà biệt thự, liền kề tại Vinhomes Ocean Park Gia Lâm",68.0,5.0,40.0,Đông - Bắc,Đông - Bắc,3.0,2.0,Đã có sổ,Cơ bản,18.5,23,Hà Nội,Gia Lâm,"Nhà biệt thự, liền kề tại Vinhomes Ocean Park Gia Lâm",0.27,50-70 m²,>10 tỷ,21.0285,105.8542
"Đà Nẵng, Liên Chiểu, Nhà biệt thự, liền kề tại Vinhomes Hải Vân Bay",220.4,6.0,10.0,Đông - Nam,Không xác định,3.0,2.0,Đã có sổ,Không xác định,61.4,15,Đà Nẵng,Liên Chiểu,"Nhà biệt thự, liền kề tại Vinhomes Hải Vân Bay",0.28,>90 m²,>10 tỷ,16.0544,108.2022
"Thanh Hóa, Sầm Sơn, Nhà biệt thự, liền kề tại Vlasta Sầm Sơn",198.0,12.0,13.0,Đông - Bắc,Đông - Nam,7.0,7.0,Đã có sổ,Không xác định,9.2,23,Thanh Hóa,Sầm Sơn,"Nhà biệt thự, liền kề tại Vlasta Sầm Sơn",0.05,>90 m²,8-10 tỷ,19.8067,105.7852
"Hồ Chí Minh, Quận 9, Nhà biệt thự, liền kề tại Hưng Phú 1",185.0,6.0,15.0,Không xác định,Không xác định,4.0,5.0,Đã có sổ,Đầy đủ,27.0,8,Hồ Chí Minh,Quận 9,"Nhà biệt thự, liền kề tại Hưng Phú 1",0.15,>90 m²,>10 tỷ,10.7769,106.7009
"Bình Dương, Dĩ An, Nhà biệt thự, liền kề tại Bcons Uni Valley",100.0,13.0,13.0,Đông - Nam,Không xác định,5.0,6.0,Đã có sổ,Không xác định,11.83,23,Bình Dương,Dĩ An,"Nhà biệt thự, liền kề tại Bcons Uni Valley",0.12,>90 m²,>10 tỷ,11.1604,106.6508
"Hà Nội, Hà Đông, Nhà biệt thự, liền kề tại Khu đô thị Geleximco - Lê Trọng Tấn",100.0,6.0,10.0,Không xác định,Không xác định,5.0,5.0,Đã có sổ,Đầy đủ,30.0,23,Hà Nội,Hà Đông,"Nhà biệt thự, liền kề tại Khu đô thị Geleximco - Lê Trọng Tấn",0.3,>90 m²,>10 tỷ,21.0285,105.8542
"Hà Nội, Sơn Tây, Nhà biệt thự, liền kề tại đường Quốc lộ 21A(Quốc lộ 21)",100.0,6.0,10.0,Đông - Nam,Không xác định,3.0,2.0,Đã có sổ,Không xác định,3.0,23,Hà Nội,Sơn Tây,"Nhà biệt thự, liền kề tại đường Quốc lộ 21A(Quốc lộ 21)",0.03,>90 m²,<4 tỷ,21.0285,105.8542
"Hà Nội, Tây Hồ, Nhà biệt thự, liền kề tại đường Lạc Long Quân",194.0,13.0,10.0,Không xác định,Không xác định,6.0,2.0,Đã có sổ,Đầy đủ,174.0,22,Hà Nội,Tây Hồ,"Nhà biệt thự, liền kề tại đường Lạc Long Quân",0.9,>90 m²,>10 tỷ,21.0285,105.8542
"Hồ Chí Minh, Quận 9, Nhà biệt thự, liền kề tại Mega Village",75.0,5.0,12.0,Tây - Bắc,Tây - Bắc,3.0,3.0,Đã có sổ,Không xác định,8.0,23,Hồ Chí Minh,Quận 9,"Nhà biệt thự, liền kề tại Mega Village",0.11,70-90 m²,6-8 tỷ,10.7769,106.7009
"Hưng Yên, Văn Giang, Nhà biệt thự, liền kề tại Vinhomes Ocean Park 2",216.0,40.0,20.0,Đông - Bắc,Đông - Nam,5.0,6.0,Đã có sổ,Không xác định,23.17,23,Hưng Yên,Văn Giang,"Nhà biệt thự, liền kề tại Vinhomes Ocean Park 2",0.11,>90 m²,>10 tỷ,20.6464,106.0511
"Hà Nội, Thanh Oai, Nhà biệt thự, liền kề tại xã Cự Khê",100.0,5.0,30.0,Không xác định,Không xác định,3.0,2.0,Hợp đồng mua bán,Không xác định,0.1,23,Hà Nội,Thanh Oai,"Nhà biệt thự, liền kề tại xã Cự Khê",0.0,>90 m²,<4 tỷ,21.0285,105.8542
"Đà Nẵng, Ngũ Hành Sơn, Nhà biệt thự, liền kề tại The Ocean Villas",508.0,6.0,10.0,Không xác định,Không xác định,3.0,2.0,Không xác định,Đầy đủ,38.0,17,Đà Nẵng,Ngũ Hành Sơn,"Nhà biệt thự, liền kề tại The Ocean Villas",0.07,>90 m²,>10 tỷ,16.0544,108.2022
"Quảng Ninh, Hạ Long, Nhà biệt thự, liền kề tại Tuần Châu Marina Hạ Long",500.0,20.0,15.0,Bắc,Đông - Nam,6.0,3.0,Đã có sổ,Đầy đủ,29.5,23,Quảng Ninh,Hạ Long,"Nhà biệt thự, liền kề tại Tuần Châu Marina Hạ Long",0.06,>90 m²,>10 tỷ,21.0069,107.2925
"Quảng Ninh, Hạ Long, Nhà biệt thự, liền kề tại Little Việt Nam",81.3,6.0,10.0,Không xác định,Không xác định,3.0,2.0,Đã có sổ,Không xác định,11.0,23,Quảng Ninh,Hạ Long,"Nhà biệt thự, liền kề tại Little Việt Nam",0.14,70-90 m²,>10 tỷ,21.0069,107.2925
"Hà Nam, Phủ Lý, Nhà biệt thự, liền kề tại Sun Urban City",60.0,6.0,20.0,Không xác định,Không xác định,5.0,5.0,Đã có sổ,Không xác định,4.6,23,Hà Nam,Phủ Lý,"Nhà biệt thự, liền kề tại Sun Urban City",0.08,50-70 m²,4-6 tỷ,20.5453,105.9126
"Hà Nội, Sơn Tây, Nhà biệt thự, liền kề tại Hòa Lạc Premier Residence",78.5,5.0,13.0,Nam,Nam,8.0,4.0,Đã có sổ,Không xác định,2.06,23,Hà Nội,Sơn Tây,"Nhà biệt thự, liền kề tại Hòa Lạc Premier Residence",0.03,70-90 m²,<4 tỷ,21.0285,105.8542
"Hồ Chí Minh, Quận 2, Nhà biệt thự, liền kề tại Sala Đại Quang Minh",331.0,6.0,10.0,Không xác định,Không xác định,6.0,2.0,Đã có sổ,Đầy đủ,250.0,23,Hồ Chí Minh,Quận 2,"Nhà biệt thự, liền kề tại Sala Đại Quang Minh",0.76,>90 m²,>10 tỷ,10.7769,106.7009
"Hà Nội, Hà Đông, Nhà biệt thự, liền kề tại The Terra An Hưng",65.0,6.5,14.0,Đông - Nam,Đông - Nam,10.0,6.0,Đã có sổ,Không xác định,27.0,23,Hà Nội,Hà Đông,"Nhà biệt thự, liền kề tại The Terra An Hưng",0.42,50-70 m²,>10 tỷ,21.0285,105.8542
"Hà Nội, Hà Đông, Nhà biệt thự, liền kề tại The Terra An Hưng",65.0,6.5,14.0,Tây - Bắc,Tây - Bắc,3.0,2.0,Đã có sổ,Không xác định,20.0,23,Hà Nội,Hà Đông,"Nhà biệt thự, liền kề tại The Terra An Hưng",0.31,50-70 m²,>10 tỷ,21.0285,105.8542
"Lâm Đồng, Đà Lạt, Nhà biệt thự, liền kề tại đường Trịnh Hoài Đức",205.0,16.5,5.0,Không xác định,Không xác định,8.0,9.0,Đã có sổ,Đầy đủ,10.0,23,Lâm Đồng,Đà Lạt,"Nhà biệt thự, liền kề tại đường Trịnh Hoài Đức",0.05,>90 m²,8-10 tỷ,11.9404,108.4583
"Hồ Chí Minh, Gò Vấp, Nhà biệt thự, liền kề tại CityLand Park Hills",100.0,5.0,14.0,Đông,Không xác định,3.0,2.0,Đã có sổ,Cơ bản,24.5,23,Hồ Chí Minh,Gò Vấp,"Nhà biệt thự, liền kề tại CityLand Park Hills",0.24,>90 m²,>10 tỷ,10.7769,106.7009
"Hà Nội, Sơn Tây, Nhà biệt thự, liền kề tại Hòa Lạc Premier Residence",78.5,6.0,13.0,Nam,Không xác định,8.0,4.0,Đã có sổ,Không xác định,4.9,23,Hà Nội,Sơn Tây,"Nhà biệt thự, liền kề tại Hòa Lạc Premier Residence",0.06,70-90 m²,4-6 tỷ,21.0285,105.8542
"Lâm Đồng, Đà Lạt, Nhà biệt thự, liền kề tại đường Khe Sanh",200.5,10.0,5.0,Không xác định,Không xác định,5.0,6.0,Đã có sổ,Đầy đủ,18.0,25,Lâm Đồng,Đà Lạt,"Nhà biệt thự, liền kề tại đường Khe Sanh",0.09,>90 m²,>10 tỷ,11.9404,108.4583
"Kiên Giang, Phú Quốc, Nhà biệt thự, liền kề tại Sun Grand City New An Thới",90.0,7.5,13.5,Đông,Đông,10.0,10.0,Đã có sổ,Không xác định,10.6,25,Kiên Giang,Phú Quốc,"Nhà biệt thự, liền kề tại Sun Grand City New An Thới",0.12,70-90 m²,>10 tỷ,10.0125,105.0809
"Long An, Cần Giuộc, Nhà biệt thự, liền kề tại T&T Millennia City Long Hậu",90.0,6.0,10.0,Không xác định,Không xác định,3.0,2.0,Không xác định,Không xác định,5.6,25,Long An,Cần Giuộc,"Nhà biệt thự, liền kề tại T&T Millennia City Long Hậu",0.06,70-90 m²,4-6 tỷ,10.536,106.4099
"Hưng Yên, Văn Giang, Nhà biệt thự, liền kề tại Ecopark Grand - The Island",600.0,6.0,10.0,Tây - Bắc,Không xác định,3.0,2.0,Hợp đồng mua bán,Không xác định,180.0,25,Hưng Yên,Văn Giang,"Nhà biệt thự, liền kề tại Ecopark Grand - The Island",0.3,>90 m²,>10 tỷ,20.6464,106.0511
"Hải Phòng, Lê Chân, Nhà biệt thự, liền kề tại Waterfront City",270.0,6.0,10.0,Không xác định,Không xác định,5.0,5.0,Đã có sổ,Đầy đủ,35.0,25,Hải Phòng,Lê Chân,"Nhà biệt thự, liền kề tại Waterfront City",0.13,>90 m²,>10 tỷ,20.8449,106.6881
"Đà Nẵng, Ngũ Hành Sơn, Nhà biệt thự, liền kề tại đường Lưu Văn Lang",150.0,15.0,10.0,Đông,Đông,3.0,2.0,Đã có sổ,Không xác định,15.0,25,Đà Nẵng,Ngũ Hành Sơn,"Nhà biệt thự, liền kề tại đường Lưu Văn Lang",0.1,>90 m²,>10 tỷ,16.0544,108.2022
"Bà Rịa Vũng Tàu, Phú Mỹ, Nhà biệt thự, liền kề tại Salacia Villas",85.0,5.0,15.0,Không xác định,Không xác định,4.0,3.0,Đã có sổ,Không xác định,4.8,25,Bà Rịa Vũng Tàu,Phú Mỹ,"Nhà biệt thự, liền kề tại Salacia Villas",0.06,70-90 m²,4-6 tỷ,10.4114,107.1362
"Hà Nội, Hà Đông, Nhà biệt thự, liền kề tại Khu đô thị Thanh Hà Mường Thanh",90.0,5.0,25.0,Không xác định,Không xác định,3.0,2.0,Hợp đồng mua bán,Không xác định,0.13,25,Hà Nội,Hà Đông,"Nhà biệt thự, liền kề tại Khu đô thị Thanh Hà Mường Thanh",0.0,70-90 m²,<4 tỷ,21.0285,105.8542
"Đà Nẵng, Sơn Trà, Nhà biệt thự, liền kề tại Sun Ponte Residence Đà Nẵng",150.0,15.0,30.0,Đông - Nam,Đông - Nam,4.0,3.0,Đã có sổ,Đầy đủ,50.0,25,Đà Nẵng,Sơn Trà,"Nhà biệt thự, liền kề tại Sun Ponte Residence Đà Nẵng",0.33,>90 m²,>10 tỷ,16.0544,108.2022
"Hà Nội, Hoài Đức, Nhà biệt thự, liền kề tại An Lạc Green Symphony",150.0,6.0,10.0,Nam,Đông,3.0,2.0,Đã có sổ,Đầy đủ,16.88,25,Hà Nội,Hoài Đức,"Nhà biệt thự, liền kề tại An Lạc Green Symphony",0.11,>90 m²,>10 tỷ,21.0285,105.8542
"Hà Nội, Hà Đông, Nhà biệt thự, liền kề tại Khu đô thị Thanh Hà Mường Thanh",100.0,5.0,17.0,Không xác định,Không xác định,5.0,5.0,Không xác định,Không xác định,12.0,25,Hà Nội,Hà Đông,"Nhà biệt thự, liền kề tại Khu đô thị Thanh Hà Mường Thanh",0.12,>90 m²,>10 tỷ,21.0285,105.8542
"Đà Nẵng, Ngũ Hành Sơn, Nhà biệt thự, liền kề tại Premier Village Đà Nẵng",448.0,16.0,5.5,Nam,Nam,4.0,4.0,Đã có sổ,Không xác định,73.0,25,Đà Nẵng,Ngũ Hành Sơn,"Nhà biệt thự, liền kề tại Premier Village Đà Nẵng",0.16,>90 m²,>10 tỷ,16.0544,108.2022
"Bắc Ninh, Từ Sơn, Nhà biệt thự, liền kề tại Vietsing Square",75.0,5.0,17.0,Không xác định,Không xác định,6.0,4.0,Đã có sổ,Không xác định,6.2,22,Bắc Ninh,Từ Sơn,"Nhà biệt thự, liền kề tại Vietsing Square",0.08,70-90 m²,6-8 tỷ,21.1861,106.0763
"Hưng Yên, Văn Giang, Nhà biệt thự, liền kề tại Vinhomes Ocean Park 2",60.0,5.0,13.0,Tây - Bắc,Không xác định,6.0,4.0,Hợp đồng mua bán,Đầy đủ,9.8,27,Hưng Yên,Văn Giang,"Nhà biệt thự, liền kề tại Vinhomes Ocean Park 2",0.16,50-70 m²,8-10 tỷ,20.6464,106.0511
"Hồ Chí Minh, Bình Chánh, Nhà biệt thự, liền kề tại Khu dân cư 6B Intresco",312.0,6.0,10.0,Không xác định,Không xác định,3.0,2.0,Không xác định,Không xác định,25.0,26,Hồ Chí Minh,Bình Chánh,"Nhà biệt thự, liền kề tại Khu dân cư 6B Intresco",0.08,>90 m²,>10 tỷ,10.7769,106.7009
"Hà Nội, Đan Phượng, Nhà biệt thự, liền kề tại Vinhomes Wonder City",260.0,26.0,30.0,Đông - Nam,Không xác định,3.0,2.0,Hợp đồng mua bán,Không xác định,67.0,26,Hà Nội,Đan Phượng,"Nhà biệt thự, liền kề tại Vinhomes Wonder City",0.26,>90 m²,>10 tỷ,21.0285,105.8542
"Thanh Hóa, Sầm Sơn, Nhà biệt thự, liền kề tại FLC Lux City Samson",216.0,6.0,10.0,Không xác định,Không xác định,7.0,7.0,Đã có sổ,Đầy đủ,12.6,26,Thanh Hóa,Sầm Sơn,"Nhà biệt thự, liền kề tại FLC Lux City Samson",0.06,>90 m²,>10 tỷ,19.8067,105.7852
"Hà Nội, Thạch Thất, Nhà biệt thự, liền kề tại Xanh Villas",378.22,21.0,10.0,Đông - Nam,Không xác định,6.0,8.0,Không xác định,Không xác định,6.33,26,Hà Nội,Thạch Thất,"Nhà biệt thự, liền kề tại Xanh Villas",0.02,>90 m²,6-8 tỷ,21.0285,105.8542
"Bà Rịa Vũng Tàu, Vũng Tàu, Nhà biệt thự, liền kề tại La Vida Residences",78.0,5.0,10.0,Đông - Bắc,Tây - Nam,4.0,4.0,Đã có sổ,Không xác định,6.0,26,Bà Rịa Vũng Tàu,Vũng Tàu,"Nhà biệt thự, liền kề tại La Vida Residences",0.08,70-90 m²,4-6 tỷ,10.4114,107.1362
"Hà Nội, Ba Đình, Nhà biệt thự, liền kề tại Grandeur Palace Giảng Võ",239.0,6.0,10.0,Không xác định,Không xác định,3.0,2.0,Không xác định,Không xác định,228.0,26,Hà Nội,Ba Đình,"Nhà biệt thự, liền kề tại Grandeur Palace Giảng Võ",0.95,>90 m²,>10 tỷ,21.0285,105.8542
"Bắc Ninh, Từ Sơn, Nhà biệt thự, liền kề tại Centa Riverside",322.0,6.0,10.0,Không xác định,Không xác định,3.0,2.0,Không xác định,Không xác định,28.0,26,Bắc Ninh,Từ Sơn,"Nhà biệt thự, liền kề tại Centa Riverside",0.09,>90 m²,>10 tỷ,21.1861,106.0763
"Bà Rịa Vũng Tàu, Vũng Tàu, Nhà biệt thự, liền kề tại La Vida Residences",170.0,10.0,12.0,Đông - Nam,Tây - Bắc,4.0,5.0,Đã có sổ,Không xác định,13.0,26,Bà Rịa Vũng Tàu,Vũng Tàu,"Nhà biệt thự, liền kề tại La Vida Residences",0.08,>90 m²,>10 tỷ,10.4114,107.1362
"Bắc Ninh, Từ Sơn, Nhà biệt thự, liền kề tại Vietsing Square",75.0,5.0,17.0,Không xác định,Không xác định,6.0,4.0,Đã có sổ,Không xác định,6.0,20,Bắc Ninh,Từ Sơn,"Nhà biệt thự, liền kề tại Vietsing Square",0.08,70-90 m²,4-6 tỷ,21.1861,106.0763
"Hà Nội, Nam Từ Liêm, Nhà biệt thự, liền kề tại Vinhomes Gardenia",285.0,15.0,30.0,Không xác định,Không xác định,4.0,5.0,Đã có sổ,Không xác định,200.0,26,Hà Nội,Nam Từ Liêm,"Nhà biệt thự, liền kề tại Vinhomes Gardenia",0.7,>90 m²,>10 tỷ,21.0285,105.8542
"Hồ Chí Minh, Quận 7, Nhà biệt thự, liền kề tại Khu đô thị Nam Long",192.0,6.0,10.0,Không xác định,Không xác định,3.0,2.0,Đã có sổ,Không xác định,27.0,26,Hồ Chí Minh,Quận 7,"Nhà biệt thự, liền kề tại Khu đô thị Nam Long",0.14,>90 m²,>10 tỷ,10.7769,106.7009
"Khánh Hòa, Nha Trang, Nhà biệt thự, liền kề tại Charmora City",180.0,6.0,10.0,Không xác định,Không xác định,3.0,2.0,Không xác định,Không xác định,16.8,26,Khánh Hòa,Nha Trang,"Nhà biệt thự, liền kề tại Charmora City",0.09,>90 m²,>10 tỷ,12.2388,109.1967
"Hưng Yên, Ân Thi, Nhà biệt thự, liền kề tại The Gateway City",75.0,6.0,10.0,Đông - Nam,Không xác định,3.0,2.0,Đã có sổ,Không xác định,7.03,27,Hưng Yên,Ân Thi,"Nhà biệt thự, liền kề tại The Gateway City",0.09,70-90 m²,6-8 tỷ,20.6464,106.0511
"Hồ Chí Minh, Cần Giờ, Nhà biệt thự, liền kề tại Vinhomes Green Paradise",75.0,6.0,10.0,Không xác định,Không xác định,3.0,2.0,Không xác định,Không xác định,15.0,27,Hồ Chí Minh,Cần Giờ,"Nhà biệt thự, liền kề tại Vinhomes Green Paradise",0.2,70-90 m²,>10 tỷ,10.7769,106.7009
"Hồ Chí Minh, Quận 2, Nhà biệt thự, liền kề tại đường Số 57",183.0,6.0,10.0,Không xác định,Không xác định,4.0,5.0,Không xác định,Không xác định,38.0,29,Hồ Chí Minh,Quận 2,"Nhà biệt thự, liền kề tại đường Số 57",0.21,>90 m²,>10 tỷ,10.7769,106.7009
"Hồ Chí Minh, Cần Giờ, Nhà biệt thự, liền kề tại Vinhomes Green Paradise",380.0,6.0,10.0,Không xác định,Không xác định,3.0,2.0,Không xác định,Không xác định,47.0,27,Hồ Chí Minh,Cần Giờ,"Nhà biệt thự, liền kề tại Vinhomes Green Paradise",0.12,>90 m²,>10 tỷ,10.7769,106.7009
"Hà Nội, Ba Đình, Nhà biệt thự, liền kề tại The Heritage Láng Hạ",120.0,5.2,12.0,Không xác định,Không xác định,6.0,6.0,Đã có sổ,Đầy đủ,64.0,27,Hà Nội,Ba Đình,"Nhà biệt thự, liền kề tại The Heritage Láng Hạ",0.53,>90 m²,>10 tỷ,21.0285,105.8542
"Hải Phòng, Thủy Nguyên, Nhà biệt thự, liền kề tại Vinhomes Royal Island",105.0,5.0,10.0,Tây - Bắc,Không xác định,3.0,2.0,Không xác định,Không xác định,10.1,27,Hải Phòng,Thủy Nguyên,"Nhà biệt thự, liền kề tại Vinhomes Royal Island",0.1,>90 m²,>10 tỷ,20.8449,106.6881
"Vĩnh Phúc, Phúc Yên, Nhà biệt thự, liền kề tại Thanh Xuân Valley",225.0,8.0,21.0,Nam,Không xác định,4.0,3.0,Đã có sổ,Không xác định,17.5,27,Vĩnh Phúc,Phúc Yên,"Nhà biệt thự, liền kề tại Thanh Xuân Valley",0.08,>90 m²,>10 tỷ,21.3083,105.6042
"Vĩnh Phúc, Phúc Yên, Nhà biệt thự, liền kề tại Thanh Xuân Valley",196.19,6.0,15.0,Đông - Nam,Không xác định,3.0,3.0,Đã có sổ,Không xác định,16.0,27,Vĩnh Phúc,Phúc Yên,"Nhà biệt thự, liền kề tại Thanh Xuân Valley",0.08,>90 m²,>10 tỷ,21.3083,105.6042
"Hà Nội, Mê Linh, Nhà biệt thự, liền kề tại Khu đô thị CEO Mê Linh",80.0,6.0,10.0,Không xác định,Không xác định,3.0,2.0,Đã có sổ,Không xác định,10.0,27,Hà Nội,Mê Linh,"Nhà biệt thự, liền kề tại Khu đô thị CEO Mê Linh",0.12,70-90 m²,8-10 tỷ,21.0285,105.8542
"Hà Nội, Hà Đông, Nhà biệt thự, liền kề tại La Casta Văn Phú",73.0,5.0,20.0,Tây - Nam,Tây - Nam,5.0,4.0,Đã có sổ,Đầy đủ,21.9,27,Hà Nội,Hà Đông,"Nhà biệt thự, liền kề tại La Casta Văn Phú",0.3,70-90 m²,>10 tỷ,21.0285,105.8542
"Hà Nội, Bắc Từ Liêm, Nhà biệt thự, liền kề tại Jade Lake Residence",102.0,6.0,10.0,Không xác định,Không xác định,3.0,2.0,Không xác định,Không xác định,0.3,27,Hà Nội,Bắc Từ Liêm,"Nhà biệt thự, liền kề tại Jade Lake Residence",0.0,>90 m²,<4 tỷ,21.0285,105.8542
"Hải Phòng, Thủy Nguyên, Nhà biệt thự, liền kề tại Vinhomes Royal Island",101.9,6.0,10.0,Không xác định,Không xác định,6.0,4.0,Đã có sổ,Không xác định,13.07,27,Hải Phòng,Thủy Nguyên,"Nhà biệt thự, liền kề tại Vinhomes Royal Island",0.13,>90 m²,>10 tỷ,20.8449,106.6881
"Hà Nam, Phủ Lý, Nhà biệt thự, liền kề tại Osaka Garden",216.0,12.0,12.0,Bắc,Không xác định,3.0,2.0,Đã có sổ,Không xác định,0.06,26,Hà Nam,Phủ Lý,"Nhà biệt thự, liền kề tại Osaka Garden",0.0,>90 m²,<4 tỷ,20.5453,105.9126
"Hưng Yên, Văn Giang, Nhà biệt thự, liền kề tại Vinhomes Ocean Park 2",58.0,6.0,10.0,Không xác định,Không xác định,3.0,2.0,Đã có sổ,Không xác định,9.1,22,Hưng Yên,Văn Giang,"Nhà biệt thự, liền kề tại Vinhomes Ocean Park 2",0.16,50-70 m²,8-10 tỷ,20.6464,106.0511
"Trà Vinh, Trà Vinh, Nhà biệt thự, liền kề tại đường Dương Quang Đông",295.0,10.0,6.0,Bắc,Bắc,3.0,3.0,Đã có sổ,Đầy đủ,6.5,27,Trà Vinh,Trà Vinh,"Nhà biệt thự, liền kề tại đường Dương Quang Đông",0.02,>90 m²,6-8 tỷ,9.9347,106.3453
"Hồ Chí Minh, Quận 7, Nhà biệt thự, liền kề tại Nam Phú Villas",288.0,12.0,10.0,Không xác định,Không xác định,3.0,2.0,Đã có sổ,Không xác định,35.0,27,Hồ Chí Minh,Quận 7,"Nhà biệt thự, liền kề tại Nam Phú Villas",0.12,>90 m²,>10 tỷ,10.7769,106.7009
"Hồ Chí Minh, Quận 2, Nhà biệt thự, liền kề tại Sola - Đảo Ánh Dương",114.0,6.0,10.0,Không xác định,Không xác định,5.0,6.0,Không xác định,Không xác định,21.97,27,Hồ Chí Minh,Quận 2,"Nhà biệt thự, liền kề tại Sola - Đảo Ánh Dương",0.19,>90 m²,>10 tỷ,10.7769,106.7009
"Hà Nội, Hà Đông, Nhà biệt thự, liền kề tại Khu đô thị Thanh Hà Mường Thanh",372.93,12.0,25.0,Không xác định,Không xác định,8.0,6.0,Không xác định,Không xác định,61.31,27,Hà Nội,Hà Đông,"Nhà biệt thự, liền kề tại Khu đô thị Thanh Hà Mường Thanh",0.16,>90 m²,>10 tỷ,21.0285,105.8542
"Hưng Yên, Văn Giang, Nhà biệt thự, liền kề tại Vinhomes Ocean Park 3",100.0,5.0,20.0,Không xác định,Không xác định,3.0,2.0,Đã có sổ,Không xác định,15.6,21,Hưng Yên,Văn Giang,"Nhà biệt thự, liền kề tại Vinhomes Ocean Park 3",0.16,>90 m²,>10 tỷ,20.6464,106.0511
"Đồng Nai, Biên Hòa, Nhà biệt thự, liền kề tại Aqua City",97.5,6.0,10.0,Không xác định,Không xác định,3.0,4.0,Hợp đồng mua bán,Cơ bản,5.2,27,Đồng Nai,Biên Hòa,"Nhà biệt thự, liền kề tại Aqua City",0.05,>90 m²,4-6 tỷ,10.9454,106.8248
"Hải Phòng, Thủy Nguyên, Nhà biệt thự, liền kề tại Sapphire Gem Hải Phòng",150.0,7.0,30.0,Nam,Đông,4.0,4.0,Đã có sổ,Không xác định,8.0,27,Hải Phòng,Thủy Nguyên,"Nhà biệt thự, liền kề tại Sapphire Gem Hải Phòng",0.05,>90 m²,6-8 tỷ,20.8449,106.6881
"Hà Nội, Đông Anh, Nhà biệt thự, liền kề tại Vinhomes Global Gate",65.0,5.0,13.0,Đông - Bắc,Đông - Bắc,5.0,5.0,Hợp đồng mua bán,Không xác định,18.0,28,Hà Nội,Đông Anh,"Nhà biệt thự, liền kề tại Vinhomes Global Gate",0.28,50-70 m²,>10 tỷ,21.0285,105.8542
"Hà Nội, Hoài Đức, Nhà biệt thự, liền kề tại Hinode Royal Park",100.0,6.0,12.0,Không xác định,Không xác định,3.0,2.0,Đã có sổ,Không xác định,15.7,24,Hà Nội,Hoài Đức,"Nhà biệt thự, liền kề tại Hinode Royal Park",0.16,>90 m²,>10 tỷ,21.0285,105.8542
"Hà Nội, Hoài Đức, Nhà biệt thự, liền kề tại Hinode Royal Park",100.0,6.0,10.0,Không xác định,Không xác định,3.0,2.0,Đã có sổ,Không xác định,15.5,24,Hà Nội,Hoài Đức,"Nhà biệt thự, liền kề tại Hinode Royal Park",0.16,>90 m²,>10 tỷ,21.0285,105.8542
"Hà Nội, Hoài Đức, Nhà biệt thự, liền kề tại Hinode Royal Park",100.0,5.0,12.0,Không xác định,Không xác định,3.0,2.0,Đã có sổ,Không xác định,0.15,24,Hà Nội,Hoài Đức,"Nhà biệt thự, liền kề tại Hinode Royal Park",0.0,>90 m²,<4 tỷ,21.0285,105.8542
"Đồng Nai, Biên Hòa, Nhà biệt thự, liền kề tại Izumi Canaria",164.0,8.0,10.0,Bắc,Không xác định,3.0,3.0,Hợp đồng mua bán,Không xác định,11.83,28,Đồng Nai,Biên Hòa,"Nhà biệt thự, liền kề tại Izumi Canaria",0.07,>90 m²,>10 tỷ,10.9454,106.8248
"Hồ Chí Minh, Nhà Bè, Nhà biệt thự, liền kề tại Dragon Parc",168.0,6.0,10.0,Không xác định,Không xác định,5.0,5.0,Không xác định,Cơ bản,18.8,28,Hồ Chí Minh,Nhà Bè,"Nhà biệt thự, liền kề tại Dragon Parc",0.11,>90 m²,>10 tỷ,10.7769,106.7009
"Hồ Chí Minh, Nhà Bè, Nhà biệt thự, liền kề tại Khu biệt thự Ngân Long",210.0,6.0,60.0,Không xác định,Không xác định,5.0,5.0,Đã có sổ,Không xác định,27.5,28,Hồ Chí Minh,Nhà Bè,"Nhà biệt thự, liền kề tại Khu biệt thự Ngân Long",0.13,>90 m²,>10 tỷ,10.7769,106.7009
"Bắc Ninh, Từ Sơn, Nhà biệt thự, liền kề tại Khu đô thị Mạnh Đức",175.0,7.0,22.0,Không xác định,Không xác định,4.0,4.0,Đã có sổ,Không xác định,18.6,22,Bắc Ninh,Từ Sơn,"Nhà biệt thự, liền kề tại Khu đô thị Mạnh Đức",0.11,>90 m²,>10 tỷ,21.1861,106.0763
"Hà Nội, Ba Đình, Nhà biệt thự, liền kề tại phường Đội Cấn",51.0,6.0,3.0,Đông - Nam,Đông - Nam,8.0,8.0,Đã có sổ,Đầy đủ,16.8,28,Hà Nội,Ba Đình,"Nhà biệt thự, liền kề tại phường Đội Cấn",0.33,50-70 m²,>10 tỷ,21.0285,105.8542
"Long An, Cần Giuộc, Nhà biệt thự, liền kề tại T&T Millennia City Long Hậu",120.0,6.0,10.0,Không xác định,Không xác định,4.0,3.0,Hợp đồng mua bán,Không xác định,6.0,28,Long An,Cần Giuộc,"Nhà biệt thự, liền kề tại T&T Millennia City Long Hậu",0.05,>90 m²,4-6 tỷ,10.536,106.4099
"Hà Nội, Gia Lâm, Nhà biệt thự, liền kề tại Dự án Thuận An",87.0,6.0,10.5,Đông - Nam,Đông - Nam,4.0,6.0,Đã có sổ,Đầy đủ,19.5,28,Hà Nội,Gia Lâm,"Nhà biệt thự, liền kề tại Dự án Thuận An",0.22,70-90 m²,>10 tỷ,21.0285,105.8542
"Phú Yên, Tuy Hòa, Nhà biệt thự, liền kề tại phường Phú Đông",586.5,25.0,15.5,Tây,Tây,2.0,2.0,Đã có sổ,Đầy đủ,13.5,26,Phú Yên,Tuy Hòa,"Nhà biệt thự, liền kề tại phường Phú Đông",0.02,>90 m²,>10 tỷ,13.0882,109.3087
"Hồ Chí Minh, Cần Giờ, Nhà biệt thự, liền kề tại Vinhomes Green Paradise",181.8,9.0,50.0,Đông - Nam,Không xác định,4.0,5.0,Không xác định,Không xác định,27.8,28,Hồ Chí Minh,Cần Giờ,"Nhà biệt thự, liền kề tại Vinhomes Green Paradise",0.15,>90 m²,>10 tỷ,10.7769,106.7009
"Hưng Yên, Văn Giang, Nhà biệt thự, liền kề tại Vinhomes Ocean Park 2",428.0,40.0,20.0,Đông - Bắc,Đông - Nam,5.0,6.0,Đã có sổ,Không xác định,45.9,23,Hưng Yên,Văn Giang,"Nhà biệt thự, liền kề tại Vinhomes Ocean Park 2",0.11,>90 m²,>10 tỷ,20.6464,106.0511
"Hồ Chí Minh, Cần Giờ, Nhà biệt thự, liền kề tại Vinhomes Green Paradise",100.0,6.0,10.0,Không xác định,Không xác định,3.0,2.0,Không xác định,Không xác định,12.7,28,Hồ Chí Minh,Cần Giờ,"Nhà biệt thự, liền kề tại Vinhomes Green Paradise",0.13,>90 m²,>10 tỷ,10.7769,106.7009
"Hồ Chí Minh, Quận 9, Nhà biệt thự, liền kề tại The Venica",262.0,10.0,24.0,Đông - Bắc,Đông - Bắc,4.0,5.0,Đã có sổ,Đầy đủ,56.0,28,Hồ Chí Minh,Quận 9,"Nhà biệt thự, liền kề tại The Venica",0.21,>90 m²,>10 tỷ,10.7769,106.7009
"Hồ Chí Minh, Quận 9, Nhà biệt thự, liền kề tại Lucasta Villa",175.0,10.0,20.0,Nam,Nam,4.0,5.0,Đã có sổ,Không xác định,26.0,28,Hồ Chí Minh,Quận 9,"Nhà biệt thự, liền kề tại Lucasta Villa",0.15,>90 m²,>10 tỷ,10.7769,106.7009
"Hải Phòng, Hồng Bàng, Nhà biệt thự, liền kề tại Vinhomes Imperia Hải Phòng",405.0,6.0,10.0,Không xác định,Không xác định,3.0,2.0,Đã có sổ,Cơ bản,50.37,28,Hải Phòng,Hồng Bàng,"Nhà biệt thự, liền kề tại Vinhomes Imperia Hải Phòng",0.12,>90 m²,>10 tỷ,20.8449,106.6881
"Quảng Ninh, Hạ Long, Nhà biệt thự, liền kề tại Grand Bay Halong Villas",659.0,6.0,10.0,Không xác định,Không xác định,3.0,2.0,Đã có sổ,Không xác định,36.36,28,Quảng Ninh,Hạ Long,"Nhà biệt thự, liền kề tại Grand Bay Halong Villas",0.06,>90 m²,>10 tỷ,21.0069,107.2925
"Hồ Chí Minh, Củ Chi, Nhà biệt thự, liền kề tại xã Tân Thông Hội",2750.0,45.0,10.0,Tây - Nam,Không xác định,5.0,3.0,Đã có sổ,Không xác định,13.0,28,Hồ Chí Minh,Củ Chi,"Nhà biệt thự, liền kề tại xã Tân Thông Hội",0.0,>90 m²,>10 tỷ,10.7769,106.7009
"Hà Nội, Hà Đông, Nhà biệt thự, liền kề tại đường Trần Phú",38.0,3.6,7.0,Không xác định,Không xác định,3.0,4.0,Đã có sổ,Đầy đủ,13.0,23,Hà Nội,Hà Đông,"Nhà biệt thự, liền kề tại đường Trần Phú",0.34,30-50 m²,>10 tỷ,21.0285,105.8542
"Hà Nội, Long Biên, Nhà biệt thự, liền kề tại Vinhomes The Harmony",391.0,6.0,10.0,Không xác định,Không xác định,6.0,5.0,Đã có sổ,Không xác định,300.0,28,Hà Nội,Long Biên,"Nhà biệt thự, liền kề tại Vinhomes The Harmony",0.77,>90 m²,>10 tỷ,21.0285,105.8542
"Long An, Cần Giuộc, Nhà biệt thự, liền kề tại T&T Millennia City Long Hậu",120.0,6.0,12.0,Nam,Không xác định,3.0,2.0,Đã có sổ,Không xác định,5.65,28,Long An,Cần Giuộc,"Nhà biệt thự, liền kề tại T&T Millennia City Long Hậu",0.05,>90 m²,4-6 tỷ,10.536,106.4099
"Bắc Ninh, Từ Sơn, Nhà biệt thự, liền kề tại Vietsing Square",75.0,6.0,10.0,Không xác định,Không xác định,3.0,2.0,Không xác định,Không xác định,6.2,29,Bắc Ninh,Từ Sơn,"Nhà biệt thự, liền kề tại Vietsing Square",0.08,70-90 m²,6-8 tỷ,21.1861,106.0763
"Hà Nội, Bắc Từ Liêm, Nhà biệt thự, liền kề tại Jade Lake Residence",200.0,10.0,60.0,Không xác định,Không xác định,3.0,2.0,Không xác định,Không xác định,37.38,26,Hà Nội,Bắc Từ Liêm,"Nhà biệt thự, liền kề tại Jade Lake Residence",0.19,>90 m²,>10 tỷ,21.0285,105.8542
"Hà Nội, Hà Đông, Nhà biệt thự, liền kề tại Kiến Hưng Luxury",67.5,5.0,12.0,Tây - Nam,Tây - Nam,5.0,5.0,Đã có sổ,Đầy đủ,20.0,29,Hà Nội,Hà Đông,"Nhà biệt thự, liền kề tại Kiến Hưng Luxury",0.3,50-70 m²,>10 tỷ,21.0285,105.8542
"Hồ Chí Minh, Quận 9, Nhà biệt thự, liền kề tại The Manhattan Glory - Vinhomes Grand Park",96.0,8.0,13.0,Đông - Bắc,Không xác định,3.0,2.0,Đã có sổ,Không xác định,15.5,29,Hồ Chí Minh,Quận 9,"Nhà biệt thự, liền kề tại The Manhattan Glory - Vinhomes Grand Park",0.16,>90 m²,>10 tỷ,10.7769,106.7009
"Hồ Chí Minh, Bình Chánh, Nhà biệt thự, liền kề tại Trellia Cove",244.0,6.0,10.0,Tây,Không xác định,5.0,4.0,Hợp đồng mua bán,Không xác định,36.0,29,Hồ Chí Minh,Bình Chánh,"Nhà biệt thự, liền kề tại Trellia Cove",0.15,>90 m²,>10 tỷ,10.7769,106.7009
"Hà Nội, Thanh Oai, Nhà biệt thự, liền kề tại Phúc Anh Riverside",67.5,4.5,12.0,Không xác định,Không xác định,3.0,2.0,Đã có sổ,Không xác định,11.5,29,Hà Nội,Thanh Oai,"Nhà biệt thự, liền kề tại Phúc Anh Riverside",0.17,50-70 m²,>10 tỷ,21.0285,105.8542
"Hồ Chí Minh, Quận 2, Nhà biệt thự, liền kề tại đường Số 14",309.0,9.3,10.0,Không xác định,Không xác định,3.0,2.0,Không xác định,Không xác định,27.0,29,Hồ Chí Minh,Quận 2,"Nhà biệt thự, liền kề tại đường Số 14",0.09,>90 m²,>10 tỷ,10.7769,106.7009
"Hồ Chí Minh, Quận 9, Nhà biệt thự, liền kề tại The Manhattan Glory - Vinhomes Grand Park",84.0,7.0,13.0,Đông - Bắc,Không xác định,3.0,2.0,Hợp đồng mua bán,Không xác định,13.8,29,Hồ Chí Minh,Quận 9,"Nhà biệt thự, liền kề tại The Manhattan Glory - Vinhomes Grand Park",0.16,70-90 m²,>10 tỷ,10.7769,106.7009
"Hà Nội, Hà Đông, Nhà biệt thự, liền kề tại Khu đô thị Thanh Hà Mường Thanh",200.0,10.0,14.0,Không xác định,Không xác định,7.0,6.0,Không xác định,Cơ bản,0.08,29,Hà Nội,Hà Đông,"Nhà biệt thự, liền kề tại Khu đô thị Thanh Hà Mường Thanh",0.0,>90 m²,<4 tỷ,21.0285,105.8542
"Hà Nội, Đan Phượng, Nhà biệt thự, liền kề tại Noble Palace Tây Thăng Long",63.0,6.0,30.0,Tây - Bắc,Không xác định,3.0,2.0,Hợp đồng mua bán,Không xác định,8.68,29,Hà Nội,Đan Phượng,"Nhà biệt thự, liền kề tại Noble Palace Tây Thăng Long",0.14,50-70 m²,8-10 tỷ,21.0285,105.8542
"Hà Nội, Hoàng Mai, Nhà biệt thự, liền kề tại Gelexia Riverside",70.0,4.0,10.0,Không xác định,Không xác định,4.0,4.0,Đã có sổ,Đầy đủ,21.0,23,Hà Nội,Hoàng Mai,"Nhà biệt thự, liền kề tại Gelexia Riverside",0.3,50-70 m²,>10 tỷ,21.0285,105.8542
"Đà Nẵng, Ngũ Hành Sơn, Nhà biệt thự, liền kề tại Fusion Resort & Villas Da Nang",537.0,6.0,10.0,Đông,Không xác định,2.0,2.0,Đã có sổ,Đầy đủ,34.9,29,Đà Nẵng,Ngũ Hành Sơn,"Nhà biệt thự, liền kề tại Fusion Resort & Villas Da Nang",0.06,>90 m²,>10 tỷ,16.0544,108.2022
"Hà Nội, Đan Phượng, Nhà biệt thự, liền kề tại The Phoenix Garden",200.0,8.0,10.0,Đông - Bắc,Không xác định,3.0,2.0,Hợp đồng mua bán,Không xác định,0.08,25,Hà Nội,Đan Phượng,"Nhà biệt thự, liền kề tại The Phoenix Garden",0.0,>90 m²,<4 tỷ,21.0285,105.8542
"Bà Rịa Vũng Tàu, Vũng Tàu, Nhà biệt thự, liền kề tại Blanca City",150.0,6.0,10.0,Không xác định,Không xác định,3.0,2.0,Hợp đồng mua bán,Không xác định,34.5,29,Bà Rịa Vũng Tàu,Vũng Tàu,"Nhà biệt thự, liền kề tại Blanca City",0.23,>90 m²,>10 tỷ,10.4114,107.1362
"Phú Yên, Đông Hòa, Nhà biệt thự, liền kề tại đường Hùng Vương",170.0,7.5,14.0,Đông,Không xác định,3.0,1.0,Đã có sổ,Không xác định,10.0,29,Phú Yên,Đông Hòa,"Nhà biệt thự, liền kề tại đường Hùng Vương",0.06,>90 m²,8-10 tỷ,13.0882,109.3087
"Lâm Đồng, Đà Lạt, Nhà biệt thự, liền kề tại đường Mạc Đĩnh Chi",320.0,8.4,10.0,Đông - Nam,Không xác định,9.0,9.0,Đã có sổ,Đầy đủ,36.0,29,Lâm Đồng,Đà Lạt,"Nhà biệt thự, liền kề tại đường Mạc Đĩnh Chi",0.11,>90 m²,>10 tỷ,11.9404,108.4583
"Hồ Chí Minh, Quận 7, Nhà biệt thự, liền kề tại Jamona Golden Silk",104.0,6.0,10.0,Không xác định,Không xác định,4.0,4.0,Đã có sổ,Không xác định,19.0,29,Hồ Chí Minh,Quận 7,"Nhà biệt thự, liền kề tại Jamona Golden Silk",0.18,>90 m²,>10 tỷ,10.7769,106.7009
"Bắc Giang, Việt Yên, Nhà biệt thự, liền kề tại Khang Phát Century",90.0,6.0,10.0,Không xác định,Không xác định,3.0,2.0,Đã có sổ,Đầy đủ,4.14,29,Bắc Giang,Việt Yên,"Nhà biệt thự, liền kề tại Khang Phát Century",0.05,70-90 m²,4-6 tỷ,21.2731,106.1946
"Thanh Hóa, Thanh Hóa, Nhà biệt thự, liền kề tại Eurowindow Light City",96.0,6.0,17.0,Đông - Bắc,Đông - Bắc,3.0,2.0,Hợp đồng mua bán,Không xác định,6.08,29,Thanh Hóa,Thanh Hóa,"Nhà biệt thự, liền kề tại Eurowindow Light City",0.06,>90 m²,6-8 tỷ,19.8067,105.7852
"Hà Nội, Hà Đông, Nhà biệt thự, liền kề tại Làng Việt Kiều Châu Âu Euroland",192.0,10.0,24.0,Bắc,Không xác định,5.0,5.0,Đã có sổ,Đầy đủ,31.57,29,Hà Nội,Hà Đông,"Nhà biệt thự, liền kề tại Làng Việt Kiều Châu Âu Euroland",0.16,>90 m²,>10 tỷ,21.0285,105.8542
"Nghệ An, Hưng Nguyên, Nhà biệt thự, liền kề tại Casa Flora",102.0,6.0,12.0,Đông,Không xác định,4.0,3.0,Đã có sổ,Không xác định,5.4,29,Nghệ An,Hưng Nguyên,"Nhà biệt thự, liền kề tại Casa Flora",0.05,>90 m²,4-6 tỷ,19.2342,104.892
"Hà Nội, Quốc Oai, Nhà biệt thự, liền kề tại New House City",290.0,15.0,13.0,Tây - Bắc,Tây - Bắc,5.0,5.0,Đã có sổ,Không xác định,6.38,29,Hà Nội,Quốc Oai,"Nhà biệt thự, liền kề tại New House City",0.02,>90 m²,6-8 tỷ,21.0285,105.8542
"Hưng Yên, Văn Lâm, Nhà biệt thự, liền kề tại The Fullton",300.0,17.0,10.0,Không xác định,Không xác định,3.0,2.0,Không xác định,Không xác định,50.0,29,Hưng Yên,Văn Lâm,"Nhà biệt thự, liền kề tại The Fullton",0.17,>90 m²,>10 tỷ,20.6464,106.0511
"Hồ Chí Minh, Bình Thạnh, Nhà biệt thự, liền kề tại đường Phạm Viết Chánh",418.0,16.0,10.0,Không xác định,Không xác định,25.0,25.0,Đã có sổ,Không xác định,100.0,29,Hồ Chí Minh,Bình Thạnh,"Nhà biệt thự, liền kề tại đường Phạm Viết Chánh",0.24,>90 m²,>10 tỷ,10.7769,106.7009
"Hưng Yên, Văn Lâm, Nhà biệt thự, liền kề tại The Fullton",113.0,7.0,10.0,Không xác định,Không xác định,3.0,2.0,Không xác định,Không xác định,0.19,26,Hưng Yên,Văn Lâm,"Nhà biệt thự, liền kề tại The Fullton",0.0,>90 m²,<4 tỷ,20.6464,106.0511
"Hưng Yên, Văn Lâm, Nhà biệt thự, liền kề tại The Fullton",113.0,7.7,10.0,Không xác định,Không xác định,3.0,2.0,Không xác định,Không xác định,19.0,26,Hưng Yên,Văn Lâm,"Nhà biệt thự, liền kề tại The Fullton",0.17,>90 m²,>10 tỷ,20.6464,106.0511
"Hưng Yên, Văn Lâm, Nhà biệt thự, liền kề tại The Fullton",180.0,12.0,10.0,Không xác định,Không xác định,3.0,2.0,Đã có sổ,Không xác định,30.0,26,Hưng Yên,Văn Lâm,"Nhà biệt thự, liền kề tại The Fullton",0.17,>90 m²,>10 tỷ,20.6464,106.0511
"Hưng Yên, Văn Lâm, Nhà biệt thự, liền kề tại The Fullton",306.0,17.0,10.0,Không xác định,Không xác định,3.0,2.0,Không xác định,Không xác định,51.4,26,Hưng Yên,Văn Lâm,"Nhà biệt thự, liền kề tại The Fullton",0.17,>90 m²,>10 tỷ,20.6464,106.0511
"Nghệ An, Hưng Nguyên, Nhà biệt thự, liền kề tại Casa Flora",136.0,8.0,12.0,Bắc,Không xác định,4.0,4.0,Đã có sổ,Không xác định,6.0,29,Nghệ An,Hưng Nguyên,"Nhà biệt thự, liền kề tại Casa Flora",0.04,>90 m²,4-6 tỷ,19.2342,104.892
"Đà Nẵng, Sơn Trà, Nhà biệt thự, liền kề tại đường Phan Bá Vành",150.0,6.0,10.5,Không xác định,Không xác định,4.0,2.0,Đã có sổ,Đầy đủ,22.0,29,Đà Nẵng,Sơn Trà,"Nhà biệt thự, liền kề tại đường Phan Bá Vành",0.15,>90 m²,>10 tỷ,16.0544,108.2022
"Hồ Chí Minh, Quận 7, Nhà biệt thự, liền kề tại Biệt thự lâu đài Chateau",759.8,6.0,19.0,Tây - Bắc,Không xác định,3.0,2.0,Đã có sổ,Không xác định,300.0,29,Hồ Chí Minh,Quận 7,"Nhà biệt thự, liền kề tại Biệt thự lâu đài Chateau",0.39,>90 m²,>10 tỷ,10.7769,106.7009
"Hưng Yên, Văn Giang, Nhà biệt thự, liền kề tại Vinhomes Ocean Park 3",60.0,6.0,10.0,Không xác định,Không xác định,5.0,5.0,Không xác định,Không xác định,10.5,29,Hưng Yên,Văn Giang,"Nhà biệt thự, liền kề tại Vinhomes Ocean Park 3",0.18,50-70 m²,>10 tỷ,20.6464,106.0511
"Bắc Ninh, Từ Sơn, Nhà biệt thự, liền kề tại Belhomes Từ Sơn",75.0,5.0,15.0,Không xác định,Không xác định,3.0,3.0,Đã có sổ,Không xác định,5.6,23,Bắc Ninh,Từ Sơn,"Nhà biệt thự, liền kề tại Belhomes Từ Sơn",0.07,70-90 m²,4-6 tỷ,21.1861,106.0763
"Hà Nội, Bắc Từ Liêm, Nhà biệt thự, liền kề tại Jade Lake Residence",122.0,6.0,24.0,Không xác định,Không xác định,3.0,2.0,Đã có sổ,Không xác định,53.0,29,Hà Nội,Bắc Từ Liêm,"Nhà biệt thự, liền kề tại Jade Lake Residence",0.43,>90 m²,>10 tỷ,21.0285,105.8542
"Hà Nội, Bắc Từ Liêm, Nhà biệt thự, liền kề tại Jade Lake Residence",102.0,6.0,60.0,Tây - Nam,Tây - Nam,3.0,2.0,Đã có sổ,Không xác định,19.07,26,Hà Nội,Bắc Từ Liêm,"Nhà biệt thự, liền kề tại Jade Lake Residence",0.19,>90 m²,>10 tỷ,21.0285,105.8542
"Hồ Chí Minh, Nhà Bè, Nhà biệt thự, liền kề tại Amelie Villa Phú Mỹ Hưng",125.6,6.0,12.0,Tây - Nam,Không xác định,3.0,2.0,Đã có sổ,Không xác định,14.1,29,Hồ Chí Minh,Nhà Bè,"Nhà biệt thự, liền kề tại Amelie Villa Phú Mỹ Hưng",0.11,>90 m²,>10 tỷ,10.7769,106.7009
"Đà Nẵng, Liên Chiểu, Nhà biệt thự, liền kề tại The Lumia Danang",100.0,6.0,10.0,Không xác định,Không xác định,5.0,5.0,Không xác định,Không xác định,5.6,29,Đà Nẵng,Liên Chiểu,"Nhà biệt thự, liền kề tại The Lumia Danang",0.06,>90 m²,4-6 tỷ,16.0544,108.2022
"Bắc Ninh, Từ Sơn, Nhà biệt thự, liền kề tại VSIP Bắc Ninh",75.0,6.0,10.0,Không xác định,Không xác định,3.0,2.0,Đã có sổ,Không xác định,6.2,29,Bắc Ninh,Từ Sơn,"Nhà biệt thự, liền kề tại VSIP Bắc Ninh",0.08,70-90 m²,6-8 tỷ,21.1861,106.0763
"Bà Rịa Vũng Tàu, Vũng Tàu, Nhà biệt thự, liền kề tại The Maris Vũng Tàu",600.0,20.0,20.0,Đông - Nam,Tây - Bắc,5.0,5.0,Đã có sổ,Đầy đủ,53.89,29,Bà Rịa Vũng Tàu,Vũng Tàu,"Nhà biệt thự, liền kề tại The Maris Vũng Tàu",0.09,>90 m²,>10 tỷ,10.4114,107.1362
"Quảng Ngãi, Quảng Ngãi, Nhà biệt thự, liền kề tại đường Lê Thánh Tôn",105.0,7.5,10.0,Đông - Nam,Đông - Nam,4.0,4.0,Đã có sổ,Đầy đủ,6.8,30,Quảng Ngãi,Quảng Ngãi,"Nhà biệt thự, liền kề tại đường Lê Thánh Tôn",0.06,>90 m²,6-8 tỷ,15.1205,108.7923
"Bắc Ninh, Từ Sơn, Nhà biệt thự, liền kề tại Centa Riverside",225.0,10.0,15.2,Nam,Nam,5.0,3.0,Đã có sổ,Đầy đủ,18.55,30,Bắc Ninh,Từ Sơn,"Nhà biệt thự, liền kề tại Centa Riverside",0.08,>90 m²,>10 tỷ,21.1861,106.0763
"Bắc Ninh, Yên Phong, Nhà biệt thự, liền kề tại Kim Đô City",100.0,5.0,15.0,Đông,Đông,3.0,2.0,Đã có sổ,Không xác định,2.66,30,Bắc Ninh,Yên Phong,"Nhà biệt thự, liền kề tại Kim Đô City",0.03,>90 m²,<4 tỷ,21.1861,106.0763
"Hà Nội, Long Biên, Nhà biệt thự, liền kề tại Khu đô thị Sài Đồng",303.0,6.0,10.0,Không xác định,Không xác định,6.0,2.0,Đã có sổ,Đầy đủ,77.0,30,Hà Nội,Long Biên,"Nhà biệt thự, liền kề tại Khu đô thị Sài Đồng",0.25,>90 m²,>10 tỷ,21.0285,105.8542
"Hà Nội, Hoàng Mai, Nhà biệt thự, liền kề tại Louis City Hoàng Mai",198.0,12.0,10.0,Không xác định,Không xác định,3.0,2.0,Đã có sổ,Không xác định,59.5,30,Hà Nội,Hoàng Mai,"Nhà biệt thự, liền kề tại Louis City Hoàng Mai",0.3,>90 m²,>10 tỷ,21.0285,105.8542
"Hà Nội, Quốc Oai, Nhà biệt thự, liền kề tại New House City",262.0,6.0,10.0,Không xác định,Không xác định,3.0,2.0,Đã có sổ,Không xác định,5.76,24,Hà Nội,Quốc Oai,"Nhà biệt thự, liền kề tại New House City",0.02,>90 m²,4-6 tỷ,21.0285,105.8542
"Hưng Yên, Văn Giang, Nhà biệt thự, liền kề tại Vinhomes Ocean Park 3",126.0,7.0,10.0,Tây - Bắc,Không xác định,6.0,2.0,Không xác định,Không xác định,15.0,29,Hưng Yên,Văn Giang,"Nhà biệt thự, liền kề tại Vinhomes Ocean Park 3",0.12,>90 m²,>10 tỷ,20.6464,106.0511
"Hưng Yên, Văn Giang, Nhà biệt thự, liền kề tại Vinhomes Ocean Park 3",90.0,5.0,15.0,Tây - Bắc,Không xác định,3.0,2.0,Không xác định,Không xác định,11.6,29,Hưng Yên,Văn Giang,"Nhà biệt thự, liền kề tại Vinhomes Ocean Park 3",0.13,70-90 m²,>10 tỷ,20.6464,106.0511
"Hà Nội, Nam Từ Liêm, Nhà biệt thự, liền kề tại đường Lê Đức Thọ",105.0,7.0,20.0,Đông - Nam,Đông - Nam,8.0,8.0,Đã có sổ,Không xác định,59.9,5,Hà Nội,Nam Từ Liêm,"Nhà biệt thự, liền kề tại đường Lê Đức Thọ",0.57,>90 m²,>10 tỷ,21.0285,105.8542
"Hà Nội, Hoài Đức, Nhà biệt thự, liền kề tại Vinhomes Thăng Long",123.0,7.0,13.0,Đông - Nam,Không xác định,4.0,5.0,Đã có sổ,Không xác định,13.84,29,Hà Nội,Hoài Đức,"Nhà biệt thự, liền kề tại Vinhomes Thăng Long",0.11,>90 m²,>10 tỷ,21.0285,105.8542
"Hà Nội, Hoài Đức, Nhà biệt thự, liền kề tại Vinhomes Thăng Long",90.0,5.0,13.0,Đông,Đông - Nam,3.0,2.0,Đã có sổ,Cơ bản,21.5,29,Hà Nội,Hoài Đức,"Nhà biệt thự, liền kề tại Vinhomes Thăng Long",0.24,70-90 m²,>10 tỷ,21.0285,105.8542
"Hải Phòng, Dương Kinh, Nhà biệt thự, liền kề tại Vinhomes Golden City",70.0,5.0,15.0,Đông - Bắc,Không xác định,3.0,2.0,Đã có sổ,Không xác định,4.13,29,Hải Phòng,Dương Kinh,"Nhà biệt thự, liền kề tại Vinhomes Golden City",0.06,50-70 m²,4-6 tỷ,20.8449,106.6881
"Đà Nẵng, Sơn Trà, Nhà biệt thự, liền kề tại Habour Ville",580.0,20.0,10.0,Đông - Nam,Không xác định,3.0,2.0,Không xác định,Không xác định,77.52,29,Đà Nẵng,Sơn Trà,"Nhà biệt thự, liền kề tại Habour Ville",0.13,>90 m²,>10 tỷ,16.0544,108.2022
"Hải Phòng, Ngô Quyền, Nhà biệt thự, liền kề tại phố Đà Nẵng",206.0,9.0,7.0,Tây - Nam,Tây - Nam,4.0,5.0,Đã có sổ,Không xác định,18.2,29,Hải Phòng,Ngô Quyền,"Nhà biệt thự, liền kề tại phố Đà Nẵng",0.09,>90 m²,>10 tỷ,20.8449,106.6881
"Hà Nội, Nam Từ Liêm, Nhà biệt thự, liền kề tại đường Trung Văn",147.0,10.0,20.0,Không xác định,Không xác định,6.0,6.0,Đã có sổ,Đầy đủ,70.0,29,Hà Nội,Nam Từ Liêm,"Nhà biệt thự, liền kề tại đường Trung Văn",0.48,>90 m²,>10 tỷ,21.0285,105.8542
"Quảng Ninh, Hạ Long, Nhà biệt thự, liền kề tại Grand Bay Town House",104.0,6.5,10.0,Đông - Nam,Không xác định,3.0,2.0,Không xác định,Không xác định,5.74,29,Quảng Ninh,Hạ Long,"Nhà biệt thự, liền kề tại Grand Bay Town House",0.06,>90 m²,4-6 tỷ,21.0069,107.2925
"Hà Nội, Ba Đình, Nhà biệt thự, liền kề tại Grandeur Palace Giảng Võ",287.0,6.0,10.0,Không xác định,Không xác định,3.0,2.0,Đã có sổ,Không xác định,129.73,29,Hà Nội,Ba Đình,"Nhà biệt thự, liền kề tại Grandeur Palace Giảng Võ",0.45,>90 m²,>10 tỷ,21.0285,105.8542
"Hà Nội, Bắc Từ Liêm, Nhà biệt thự, liền kề tại Avenue Garden",342.0,6.0,10.0,Không xác định,Không xác định,3.0,2.0,Đã có sổ,Không xác định,63.93,29,Hà Nội,Bắc Từ Liêm,"Nhà biệt thự, liền kề tại Avenue Garden",0.19,>90 m²,>10 tỷ,21.0285,105.8542
"Khánh Hòa, Cam Ranh, Nhà biệt thự, liền kề tại ParaSol",120.0,6.0,10.0,Không xác định,Không xác định,3.0,2.0,Đã có sổ,Không xác định,4.2,4,Khánh Hòa,Cam Ranh,"Nhà biệt thự, liền kề tại ParaSol",0.04,>90 m²,4-6 tỷ,12.2388,109.1967
"Hồ Chí Minh, Hóc Môn, Nhà biệt thự, liền kề tại Vinhomes Saigon Park",60.0,6.0,10.0,Không xác định,Không xác định,3.0,2.0,Đã có sổ,Cơ bản,6.0,21,Hồ Chí Minh,Hóc Môn,"Nhà biệt thự, liền kề tại Vinhomes Saigon Park",0.1,50-70 m²,4-6 tỷ,10.7769,106.7009
"Hà Nội, Gia Lâm, Nhà biệt thự, liền kề tại thị trấn Trâu Quỳ",260.0,12.95,30.0,Không xác định,Không xác định,5.0,6.0,Đã có sổ,Đầy đủ,56.0,30,Hà Nội,Gia Lâm,"Nhà biệt thự, liền kề tại thị trấn Trâu Quỳ",0.22,>90 m²,>10 tỷ,21.0285,105.8542
"Hà Nội, Long Biên, Nhà biệt thự, liền kề tại Vinhomes Riverside",405.0,20.0,40.0,Không xác định,Không xác định,8.0,10.0,Đã có sổ,Đầy đủ,202.5,30,Hà Nội,Long Biên,"Nhà biệt thự, liền kề tại Vinhomes Riverside",0.5,>90 m²,>10 tỷ,21.0285,105.8542
"Thái Nguyên, Thái Nguyên, Nhà biệt thự, liền kề tại Flamingo Majestic Islands Resort",685.0,18.0,40.0,Không xác định,Không xác định,10.0,11.0,Đã có sổ,Cơ bản,31.5,30,Thái Nguyên,Thái Nguyên,"Nhà biệt thự, liền kề tại Flamingo Majestic Islands Resort",0.05,>90 m²,>10 tỷ,21.5928,105.8442
"Hà Nội, Long Biên, Nhà biệt thự, liền kề tại Vinhomes Riverside",90.0,6.0,30.0,Không xác định,Không xác định,4.0,5.0,Đã có sổ,Đầy đủ,37.0,30,Hà Nội,Long Biên,"Nhà biệt thự, liền kề tại Vinhomes Riverside",0.41,70-90 m²,>10 tỷ,21.0285,105.8542
"Hà Nội, Nam Từ Liêm, Nhà biệt thự, liền kề tại Central Lakeside",80.0,5.0,12.0,Tây - Nam,Đông - Bắc,5.0,6.0,Hợp đồng mua bán,Không xác định,12.6,30,Hà Nội,Nam Từ Liêm,"Nhà biệt thự, liền kề tại Central Lakeside",0.16,70-90 m²,>10 tỷ,21.0285,105.8542
"Hưng Yên, Văn Giang, Nhà biệt thự, liền kề tại Vinhomes Ocean Park 3",119.0,7.0,13.0,Đông - Nam,Không xác định,3.0,2.0,Hợp đồng mua bán,Không xác định,0.12,23,Hưng Yên,Văn Giang,"Nhà biệt thự, liền kề tại Vinhomes Ocean Park 3",0.0,>90 m²,<4 tỷ,20.6464,106.0511
"Hưng Yên, Văn Giang, Nhà biệt thự, liền kề tại Vinhomes Ocean Park 3",80.0,6.0,10.0,Không xác định,Không xác định,4.0,5.0,Không xác định,Không xác định,14.0,23,Hưng Yên,Văn Giang,"Nhà biệt thự, liền kề tại Vinhomes Ocean Park 3",0.18,70-90 m²,>10 tỷ,20.6464,106.0511
"Đồng Nai, Biên Hòa, Nhà biệt thự, liền kề tại Aqua City",195.0,6.0,10.0,Không xác định,Không xác định,3.0,2.0,Không xác định,Không xác định,0.07,30,Đồng Nai,Biên Hòa,"Nhà biệt thự, liền kề tại Aqua City",0.0,>90 m²,<4 tỷ,10.9454,106.8248
"Đà Nẵng, Liên Chiểu, Nhà biệt thự, liền kề tại Futa Kim Phát",107.0,6.0,10.0,Không xác định,Không xác định,3.0,2.0,Đã có sổ,Không xác định,10.2,30,Đà Nẵng,Liên Chiểu,"Nhà biệt thự, liền kề tại Futa Kim Phát",0.1,>90 m²,>10 tỷ,16.0544,108.2022
"Hà Nội, Đống Đa, Nhà biệt thự, liền kề tại Chung cư TĐC Hoàng Cầu",60.0,6.0,6.0,Không xác định,Không xác định,3.0,2.0,Đã có sổ,Đầy đủ,32.0,30,Hà Nội,Đống Đa,"Nhà biệt thự, liền kề tại Chung cư TĐC Hoàng Cầu",0.53,50-70 m²,>10 tỷ,21.0285,105.8542
"Hà Nội, Nam Từ Liêm, Nhà biệt thự, liền kề tại Khu đô thị mới Phùng Khoang",150.0,12.0,13.0,Tây - Bắc,Không xác định,3.0,2.0,Không xác định,Không xác định,28.5,25,Hà Nội,Nam Từ Liêm,"Nhà biệt thự, liền kề tại Khu đô thị mới Phùng Khoang",0.19,>90 m²,>10 tỷ,21.0285,105.8542
"Hà Nội, Tây Hồ, Nhà biệt thự, liền kề tại KĐT Tây Hồ Tây - Starlake Hà Nội",136.0,8.0,13.5,Tây - Nam,Tây - Nam,3.0,7.0,Đã có sổ,Không xác định,39.0,22,Hà Nội,Tây Hồ,"Nhà biệt thự, liền kề tại KĐT Tây Hồ Tây - Starlake Hà Nội",0.29,>90 m²,>10 tỷ,21.0285,105.8542
"Hải Phòng, Ngô Quyền, Nhà biệt thự, liền kề tại đường Lê Hồng Phong",253.0,14.0,15.0,Đông - Nam,Nam,5.0,4.0,Đã có sổ,Đầy đủ,32.0,30,Hải Phòng,Ngô Quyền,"Nhà biệt thự, liền kề tại đường Lê Hồng Phong",0.13,>90 m²,>10 tỷ,20.8449,106.6881
"Đồng Nai, Biên Hòa, Nhà biệt thự, liền kề tại Aqua City",300.0,15.0,14.0,Đông,Đông,5.0,5.0,Hợp đồng mua bán,Không xác định,19.9,30,Đồng Nai,Biên Hòa,"Nhà biệt thự, liền kề tại Aqua City",0.07,>90 m²,>10 tỷ,10.9454,106.8248
"Long An, Bến Lức, Nhà biệt thự, liền kề tại Solar City",75.0,6.0,10.0,Không xác định,Không xác định,3.0,2.0,Đã có sổ,Không xác định,0.03,30,Long An,Bến Lức,"Nhà biệt thự, liền kề tại Solar City",0.0,70-90 m²,<4 tỷ,10.536,106.4099
"Hà Nội, Long Biên, Nhà biệt thự, liền kề tại PHC Complex 158 Nguyễn Sơn",87.5,5.0,11.0,Tây - Bắc,Tây - Bắc,3.0,2.0,Đã có sổ,Không xác định,35.0,30,Hà Nội,Long Biên,"Nhà biệt thự, liền kề tại PHC Complex 158 Nguyễn Sơn",0.4,70-90 m²,>10 tỷ,21.0285,105.8542
"Hà Nội, Hoài Đức, Nhà biệt thự, liền kề tại Vista Nam An Khánh",633.0,6.0,10.0,Không xác định,Không xác định,6.0,6.0,Đã có sổ,Đầy đủ,0.12,30,Hà Nội,Hoài Đức,"Nhà biệt thự, liền kề tại Vista Nam An Khánh",0.0,>90 m²,<4 tỷ,21.0285,105.8542
"Hà Nội, Hà Đông, Nhà biệt thự, liền kề tại Làng Việt Kiều Châu Âu Euroland",260.0,15.0,12.0,Không xác định,Không xác định,5.0,5.0,Đã có sổ,Đầy đủ,60.0,30,Hà Nội,Hà Đông,"Nhà biệt thự, liền kề tại Làng Việt Kiều Châu Âu Euroland",0.23,>90 m²,>10 tỷ,21.0285,105.8542
"Hà Nội, Hà Đông, Nhà biệt thự, liền kề tại Làng Việt Kiều Châu Âu Euroland",180.0,6.0,15.0,Không xác định,Không xác định,5.0,5.0,Đã có sổ,Đầy đủ,29.59,30,Hà Nội,Hà Đông,"Nhà biệt thự, liền kề tại Làng Việt Kiều Châu Âu Euroland",0.16,>90 m²,>10 tỷ,21.0285,105.8542
"Đồng Nai, Biên Hòa, Nhà biệt thự, liền kề tại Aqua City",200.0,10.0,14.0,Đông - Bắc,Không xác định,4.0,4.0,Hợp đồng mua bán,Không xác định,15.9,30,Đồng Nai,Biên Hòa,"Nhà biệt thự, liền kề tại Aqua City",0.08,>90 m²,>10 tỷ,10.9454,106.8248
"Hà Nội, Tây Hồ, Nhà biệt thự, liền kề tại Khu đô thị Nam Thăng Long - Ciputra",240.0,10.0,10.0,Nam,Không xác định,4.0,4.0,Đã có sổ,Đầy đủ,70.0,30,Hà Nội,Tây Hồ,"Nhà biệt thự, liền kề tại Khu đô thị Nam Thăng Long - Ciputra",0.29,>90 m²,>10 tỷ,21.0285,105.8542
"Hưng Yên, Văn Giang, Nhà biệt thự, liền kề tại Khu đô thị Ecopark",750.0,18.0,30.0,Không xác định,Không xác định,10.0,10.0,Đã có sổ,Không xác định,90.0,30,Hưng Yên,Văn Giang,"Nhà biệt thự, liền kề tại Khu đô thị Ecopark",0.12,>90 m²,>10 tỷ,20.6464,106.0511
"Hà Nội, Long Biên, Nhà biệt thự, liền kề tại Vinhomes Riverside",96.0,6.0,20.0,Không xác định,Không xác định,6.0,6.0,Đã có sổ,Đầy đủ,40.0,30,Hà Nội,Long Biên,"Nhà biệt thự, liền kề tại Vinhomes Riverside",0.42,>90 m²,>10 tỷ,21.0285,105.8542
"Hà Nội, Bắc Từ Liêm, Nhà biệt thự, liền kề tại đường Tây Thăng Long",315.0,18.0,20.0,Không xác định,Không xác định,3.0,2.0,Đã có sổ,Không xác định,75.0,23,Hà Nội,Bắc Từ Liêm,"Nhà biệt thự, liền kề tại đường Tây Thăng Long",0.24,>90 m²,>10 tỷ,21.0285,105.8542
"Hà Nội, Đông Anh, Nhà biệt thự, liền kề tại Vinhomes Global Gate",75.0,5.0,20.0,Không xác định,Không xác định,3.0,2.0,Đã có sổ,Không xác định,17.5,30,Hà Nội,Đông Anh,"Nhà biệt thự, liền kề tại Vinhomes Global Gate",0.23,70-90 m²,>10 tỷ,21.0285,105.8542
"Long An, Cần Giuộc, Nhà biệt thự, liền kề tại Five Star Eco City",90.0,6.0,10.0,Không xác định,Không xác định,4.0,3.0,Đã có sổ,Không xác định,3.95,30,Long An,Cần Giuộc,"Nhà biệt thự, liền kề tại Five Star Eco City",0.04,70-90 m²,<4 tỷ,10.536,106.4099
"Hà Nội, Long Biên, Nhà biệt thự, liền kề tại Vinhomes Riverside",90.0,6.0,20.0,Không xác định,Không xác định,4.0,5.0,Đã có sổ,Đầy đủ,35.0,30,Hà Nội,Long Biên,"Nhà biệt thự, liền kề tại Vinhomes Riverside",0.39,70-90 m²,>10 tỷ,21.0285,105.8542
"Hải Phòng, Lê Chân, Nhà biệt thự, liền kề tại Waterfront City",96.0,6.0,21.0,Đông - Bắc,Đông - Bắc,4.0,6.0,Đã có sổ,Đầy đủ,13.0,30,Hải Phòng,Lê Chân,"Nhà biệt thự, liền kề tại Waterfront City",0.14,>90 m²,>10 tỷ,20.8449,106.6881
"Hà Nội, Hoài Đức, Nhà biệt thự, liền kề tại Hinode Royal Park",100.0,5.0,30.0,Đông - Bắc,Đông - Bắc,5.0,5.0,Đã có sổ,Không xác định,11.25,30,Hà Nội,Hoài Đức,"Nhà biệt thự, liền kề tại Hinode Royal Park",0.11,>90 m²,>10 tỷ,21.0285,105.8542
"Hà Tĩnh, Nghi Xuân, Nhà biệt thự, liền kề tại Hoa Tiên Paradise",464.0,17.0,15.0,Tây - Nam,Đông - Bắc,2.0,3.0,Đã có sổ,Đầy đủ,48.61,30,Hà Tĩnh,Nghi Xuân,"Nhà biệt thự, liền kề tại Hoa Tiên Paradise",0.1,>90 m²,>10 tỷ,18.3428,105.9056
"Hà Nội, Long Biên, Nhà biệt thự, liền kề tại Vinhomes Riverside",215.0,9.0,30.0,Không xác định,Không xác định,4.0,5.0,Đã có sổ,Đầy đủ,95.0,30,Hà Nội,Long Biên,"Nhà biệt thự, liền kề tại Vinhomes Riverside",0.44,>90 m²,>10 tỷ,21.0285,105.8542
"Hà Nội, Long Biên, Nhà biệt thự, liền kề tại Vinhomes Riverside",260.0,16.0,30.0,Không xác định,Không xác định,6.0,7.0,Đã có sổ,Đầy đủ,97.0,30,Hà Nội,Long Biên,"Nhà biệt thự, liền kề tại Vinhomes Riverside",0.37,>90 m²,>10 tỷ,21.0285,105.8542
"Hà Nội, Long Biên, Nhà biệt thự, liền kề tại Vinhomes The Harmony",90.0,6.0,30.0,Không xác định,Không xác định,4.0,5.0,Đã có sổ,Cơ bản,38.0,30,Hà Nội,Long Biên,"Nhà biệt thự, liền kề tại Vinhomes The Harmony",0.42,70-90 m²,>10 tỷ,21.0285,105.8542
"Hà Nội, Hoài Đức, Nhà biệt thự, liền kề tại Hinode Royal Park",398.0,20.0,24.0,Không xác định,Không xác định,3.0,2.0,Không xác định,Không xác định,92.0,30,Hà Nội,Hoài Đức,"Nhà biệt thự, liền kề tại Hinode Royal Park",0.23,>90 m²,>10 tỷ,21.0285,105.8542
"Hà Nội, Đông Anh, Nhà biệt thự, liền kề tại Vinhomes Global Gate",75.0,5.0,17.0,Không xác định,Không xác định,6.0,7.0,Đã có sổ,Không xác định,18.5,30,Hà Nội,Đông Anh,"Nhà biệt thự, liền kề tại Vinhomes Global Gate",0.25,70-90 m²,>10 tỷ,21.0285,105.8542
"Khánh Hòa, Nha Trang, Nhà biệt thự, liền kề tại Vinhomes Pearl Bay",240.0,16.0,30.0,Không xác định,Không xác định,6.0,8.0,Đã có sổ,Cơ bản,41.35,30,Khánh Hòa,Nha Trang,"Nhà biệt thự, liền kề tại Vinhomes Pearl Bay",0.17,>90 m²,>10 tỷ,12.2388,109.1967
"Hà Nội, Long Biên, Nhà biệt thự, liền kề tại Vinhomes Riverside",176.0,6.0,50.0,Không xác định,Không xác định,6.0,7.0,Đã có sổ,Đầy đủ,54.0,30,Hà Nội,Long Biên,"Nhà biệt thự, liền kề tại Vinhomes Riverside",0.31,>90 m²,>10 tỷ,21.0285,105.8542
"Hồ Chí Minh, Bình Chánh, Nhà biệt thự, liền kề tại Trellia Cove",126.25,6.0,10.0,Không xác định,Không xác định,5.0,4.0,Hợp đồng mua bán,Không xác định,21.02,30,Hồ Chí Minh,Bình Chánh,"Nhà biệt thự, liền kề tại Trellia Cove",0.17,>90 m²,>10 tỷ,10.7769,106.7009
"Hồ Chí Minh, Bình Chánh, Nhà biệt thự, liền kề tại Trellia Cove",126.25,6.0,10.0,Không xác định,Không xác định,5.0,4.0,Hợp đồng mua bán,Không xác định,19.29,30,Hồ Chí Minh,Bình Chánh,"Nhà biệt thự, liền kề tại Trellia Cove",0.15,>90 m²,>10 tỷ,10.7769,106.7009
"Hồ Chí Minh, Bình Chánh, Nhà biệt thự, liền kề tại Trellia Cove",126.08,6.0,10.0,Không xác định,Không xác định,5.0,4.0,Hợp đồng mua bán,Không xác định,21.43,30,Hồ Chí Minh,Bình Chánh,"Nhà biệt thự, liền kề tại Trellia Cove",0.17,>90 m²,>10 tỷ,10.7769,106.7009
"Long An, Đức Hòa, Nhà biệt thự, liền kề tại đường ĐT 9",75.0,6.0,10.0,Không xác định,Không xác định,4.0,4.0,Không xác định,Không xác định,1.9,30,Long An,Đức Hòa,"Nhà biệt thự, liền kề tại đường ĐT 9",0.03,70-90 m²,<4 tỷ,10.536,106.4099
"Long An, Đức Hòa, Nhà biệt thự, liền kề tại đường ĐT 9",300.0,6.0,10.0,Không xác định,Không xác định,5.0,5.0,Không xác định,Không xác định,9.5,30,Long An,Đức Hòa,"Nhà biệt thự, liền kề tại đường ĐT 9",0.03,>90 m²,8-10 tỷ,10.536,106.4099
"Hưng Yên, Văn Lâm, Nhà biệt thự, liền kề tại The Fullton",115.0,7.0,10.0,Không xác định,Không xác định,3.0,2.0,Không xác định,Không xác định,12.52,26,Hưng Yên,Văn Lâm,"Nhà biệt thự, liền kề tại The Fullton",0.11,>90 m²,>10 tỷ,20.6464,106.0511
"Đà Nẵng, Liên Chiểu, Nhà biệt thự, liền kề tại Vinhomes Hải Vân Bay",218.2,12.0,30.0,Không xác định,Không xác định,10.0,12.0,Đã có sổ,Cơ bản,14.5,30,Đà Nẵng,Liên Chiểu,"Nhà biệt thự, liền kề tại Vinhomes Hải Vân Bay",0.07,>90 m²,>10 tỷ,16.0544,108.2022
"Bình Dương, Thủ Dầu Một, Nhà biệt thự, liền kề tại The Orchard Sycamore",160.0,6.0,10.0,Không xác định,Không xác định,3.0,2.0,Không xác định,Không xác định,7.87,30,Bình Dương,Thủ Dầu Một,"Nhà biệt thự, liền kề tại The Orchard Sycamore",0.05,>90 m²,6-8 tỷ,11.1604,106.6508
"Hải Phòng, Ngô Quyền, Nhà biệt thự, liền kề tại TD Lakeside",86.0,5.0,11.5,Nam,Nam,3.0,2.0,Đã có sổ,Đầy đủ,15.6,30,Hải Phòng,Ngô Quyền,"Nhà biệt thự, liền kề tại TD Lakeside",0.18,70-90 m²,>10 tỷ,20.8449,106.6881
"Hải Phòng, Dương Kinh, Nhà biệt thự, liền kề tại Vinhomes Golden City",98.0,8.0,15.0,Không xác định,Không xác định,3.0,2.0,Không xác định,Không xác định,5.5,25,Hải Phòng,Dương Kinh,"Nhà biệt thự, liền kề tại Vinhomes Golden City",0.06,>90 m²,4-6 tỷ,20.8449,106.6881
"Hà Nội, Long Biên, Nhà biệt thự, liền kề tại Vinhomes Riverside",90.0,6.0,20.0,Không xác định,Không xác định,4.0,5.0,Đã có sổ,Đầy đủ,36.5,30,Hà Nội,Long Biên,"Nhà biệt thự, liền kề tại Vinhomes Riverside",0.41,70-90 m²,>10 tỷ,21.0285,105.8542
"Hà Nội, Hoài Đức, Nhà biệt thự, liền kề tại Khu đô thị mới Lideco - Bắc Quốc lộ 32",144.0,6.0,10.0,Không xác định,Không xác định,3.0,2.0,Đã có sổ,Đầy đủ,23.5,24,Hà Nội,Hoài Đức,"Nhà biệt thự, liền kề tại Khu đô thị mới Lideco - Bắc Quốc lộ 32",0.16,>90 m²,>10 tỷ,21.0285,105.8542
"Hà Nội, Hà Đông, Nhà biệt thự, liền kề tại The Terra An Hưng",65.0,6.5,12.0,Tây - Bắc,Tây - Bắc,8.0,9.0,Đã có sổ,Cơ bản,23.5,30,Hà Nội,Hà Đông,"Nhà biệt thự, liền kề tại The Terra An Hưng",0.36,50-70 m²,>10 tỷ,21.0285,105.8542
"Hà Nội, Hà Đông, Nhà biệt thự, liền kề tại An Quý Villa - KĐT Dương Nội",198.0,9.0,12.0,Tây - Bắc,Đông - Bắc,6.0,7.0,Đã có sổ,Không xác định,48.0,30,Hà Nội,Hà Đông,"Nhà biệt thự, liền kề tại An Quý Villa - KĐT Dương Nội",0.24,>90 m²,>10 tỷ,21.0285,105.8542
"Hà Nội, Hà Đông, Nhà biệt thự, liền kề tại Sol Lake Villa",220.0,10.0,15.0,Đông - Bắc,Tây - Bắc,5.0,6.0,Đã có sổ,Không xác định,0.2,30,Hà Nội,Hà Đông,"Nhà biệt thự, liền kề tại Sol Lake Villa",0.0,>90 m²,<4 tỷ,21.0285,105.8542
"Hà Nội, Hà Đông, Nhà biệt thự, liền kề tại An Quý Villa - KĐT Dương Nội",198.0,9.0,12.0,Tây - Bắc,Đông - Bắc,5.0,6.0,Đã có sổ,Không xác định,42.9,30,Hà Nội,Hà Đông,"Nhà biệt thự, liền kề tại An Quý Villa - KĐT Dương Nội",0.22,>90 m²,>10 tỷ,21.0285,105.8542
"Hà Nội, Gia Lâm, Nhà biệt thự, liền kề tại Vinhomes Ocean Park Gia Lâm",67.5,5.5,10.0,Tây - Nam,Tây - Nam,3.0,2.0,Đã có sổ,Không xác định,16.0,30,Hà Nội,Gia Lâm,"Nhà biệt thự, liền kề tại Vinhomes Ocean Park Gia Lâm",0.24,50-70 m²,>10 tỷ,21.0285,105.8542
"Quảng Bình, Đồng Hới, Nhà biệt thự, liền kề tại Nam Mekong Heritage City",250.0,6.0,10.0,Không xác định,Không xác định,3.0,2.0,Không xác định,Không xác định,14.3,30,Quảng Bình,Đồng Hới,"Nhà biệt thự, liền kề tại Nam Mekong Heritage City",0.06,>90 m²,>10 tỷ,17.469,106.6227
"Ninh Thuận, Phan Rang - Tháp Chàm, Nhà biệt thự, liền kề tại MK Central City",56.0,5.0,13.5,Tây - Nam,Tây - Nam,6.0,6.0,Đã có sổ,Không xác định,3.3,30,Ninh Thuận,Phan Rang - Tháp Chàm,"Nhà biệt thự, liền kề tại MK Central City",0.06,50-70 m²,<4 tỷ,11.5653,108.9882
"Thái Nguyên, Thái Nguyên, Nhà biệt thự, liền kề tại Flamingo Majestic Islands Resort",250.0,6.0,10.0,Không xác định,Không xác định,6.0,7.0,Đã có sổ,Cơ bản,28.0,30,Thái Nguyên,Thái Nguyên,"Nhà biệt thự, liền kề tại Flamingo Majestic Islands Resort",0.11,>90 m²,>10 tỷ,21.5928,105.8442
"Phú Thọ, Thanh Thủy, Nhà biệt thự, liền kề tại Vườn Vua Resort & Villas",380.0,6.0,10.0,Không xác định,Không xác định,3.0,3.0,Hợp đồng mua bán,Đầy đủ,5.5,30,Phú Thọ,Thanh Thủy,"Nhà biệt thự, liền kề tại Vườn Vua Resort & Villas",0.01,>90 m²,4-6 tỷ,21.3167,105.2167
"Hồ Chí Minh, Bình Chánh, Nhà biệt thự, liền kề tại Trellia Cove",126.0,6.0,10.0,Không xác định,Không xác định,4.0,4.0,Hợp đồng mua bán,Không xác định,19.26,30,Hồ Chí Minh,Bình Chánh,"Nhà biệt thự, liền kề tại Trellia Cove",0.15,>90 m²,>10 tỷ,10.7769,106.7009
"Hồ Chí Minh, Bình Chánh, Nhà biệt thự, liền kề tại Trellia Cove",126.13,6.0,10.0,Không xác định,Không xác định,3.0,2.0,Hợp đồng mua bán,Không xác định,18.85,30,Hồ Chí Minh,Bình Chánh,"Nhà biệt thự, liền kề tại Trellia Cove",0.15,>90 m²,>10 tỷ,10.7769,106.7009
"Hồ Chí Minh, Bình Chánh, Nhà biệt thự, liền kề tại Trellia Cove",126.31,6.0,10.0,Không xác định,Không xác định,5.0,5.0,Hợp đồng mua bán,Không xác định,18.87,30,Hồ Chí Minh,Bình Chánh,"Nhà biệt thự, liền kề tại Trellia Cove",0.15,>90 m²,>10 tỷ,10.7769,106.7009
"Hải Phòng, Thủy Nguyên, Nhà biệt thự, liền kề tại Belhomes Hải Phòng",75.0,5.0,12.0,Nam,Nam,4.0,3.0,Đã có sổ,Không xác định,4.25,30,Hải Phòng,Thủy Nguyên,"Nhà biệt thự, liền kề tại Belhomes Hải Phòng",0.06,70-90 m²,4-6 tỷ,20.8449,106.6881
"Hồ Chí Minh, Bình Chánh, Nhà biệt thự, liền kề tại Trellia Cove",126.09,6.0,10.0,Không xác định,Không xác định,4.0,4.0,Không xác định,Không xác định,21.02,30,Hồ Chí Minh,Bình Chánh,"Nhà biệt thự, liền kề tại Trellia Cove",0.17,>90 m²,>10 tỷ,10.7769,106.7009
"Hồ Chí Minh, Bình Chánh, Nhà biệt thự, liền kề tại Trellia Cove",126.09,6.0,10.0,Không xác định,Không xác định,5.0,4.0,Hợp đồng mua bán,Không xác định,19.27,30,Hồ Chí Minh,Bình Chánh,"Nhà biệt thự, liền kề tại Trellia Cove",0.15,>90 m²,>10 tỷ,10.7769,106.7009
"Hà Nội, Hoài Đức, Nhà biệt thự, liền kề tại Vista Serena",210.0,7.5,10.0,Không xác định,Không xác định,3.0,2.0,Đã có sổ,Không xác định,38.0,30,Hà Nội,Hoài Đức,"Nhà biệt thự, liền kề tại Vista Serena",0.18,>90 m²,>10 tỷ,21.0285,105.8542
"Khánh Hòa, Nha Trang, Nhà biệt thự, liền kề tại La Tiên Villas",125.0,10.0,16.0,Đông - Nam,Đông - Nam,3.0,4.0,Hợp đồng mua bán,Đầy đủ,16.0,30,Khánh Hòa,Nha Trang,"Nhà biệt thự, liền kề tại La Tiên Villas",0.13,>90 m²,>10 tỷ,12.2388,109.1967
"Hồ Chí Minh, Bình Chánh, Nhà biệt thự, liền kề tại Trellia Cove",126.01,6.0,10.0,Không xác định,Không xác định,5.0,4.0,Hợp đồng mua bán,Không xác định,19.26,30,Hồ Chí Minh,Bình Chánh,"Nhà biệt thự, liền kề tại Trellia Cove",0.15,>90 m²,>10 tỷ,10.7769,106.7009
"Đà Nẵng, Liên Chiểu, Nhà biệt thự, liền kề tại Vinhomes Hải Vân Bay",80.0,6.0,30.0,Không xác định,Không xác định,8.0,9.0,Đã có sổ,Đầy đủ,8.1,30,Đà Nẵng,Liên Chiểu,"Nhà biệt thự, liền kề tại Vinhomes Hải Vân Bay",0.1,70-90 m²,8-10 tỷ,16.0544,108.2022
"Hồ Chí Minh, Gò Vấp, Nhà biệt thự, liền kề tại CityLand Park Hills",287.5,12.5,10.0,Nam,Nam,3.0,2.0,Đã có sổ,Không xác định,66.8,25,Hồ Chí Minh,Gò Vấp,"Nhà biệt thự, liền kề tại CityLand Park Hills",0.23,>90 m²,>10 tỷ,10.7769,106.7009
"Hồ Chí Minh, Gò Vấp, Nhà biệt thự, liền kề tại CityLand Park Hills",575.0,23.0,30.0,Nam,Nam,3.0,2.0,Đã có sổ,Không xác định,131.0,25,Hồ Chí Minh,Gò Vấp,"Nhà biệt thự, liền kề tại CityLand Park Hills",0.23,>90 m²,>10 tỷ,10.7769,106.7009
"Bắc Ninh, Từ Sơn, Nhà biệt thự, liền kề tại Khu đô thị Mạnh Đức",175.0,7.0,22.0,Không xác định,Không xác định,4.0,4.0,Đã có sổ,Không xác định,18.6,25,Bắc Ninh,Từ Sơn,"Nhà biệt thự, liền kề tại Khu đô thị Mạnh Đức",0.11,>90 m²,>10 tỷ,21.1861,106.0763
"Bà Rịa Vũng Tàu, Xuyên Mộc, Nhà biệt thự, liền kề tại Ixora Hồ Tràm",380.0,60.0,60.0,Đông - Nam,Đông - Nam,3.0,4.0,Đã có sổ,Đầy đủ,25.0,1,Bà Rịa Vũng Tàu,Xuyên Mộc,"Nhà biệt thự, liền kề tại Ixora Hồ Tràm",0.07,>90 m²,>10 tỷ,10.4114,107.1362
"Hà Nội, Ba Đình, Nhà biệt thự, liền kề tại Grandeur Palace Giảng Võ",290.0,6.0,10.0,Không xác định,Không xác định,3.0,2.0,Không xác định,Không xác định,190.0,26,Hà Nội,Ba Đình,"Nhà biệt thự, liền kề tại Grandeur Palace Giảng Võ",0.66,>90 m²,>10 tỷ,21.0285,105.8542
"Hồ Chí Minh, Nhà Bè, Nhà biệt thự, liền kề tại Essensia Broadway",150.0,60.0,60.0,Đông - Bắc,Đông - Bắc,4.0,5.0,Hợp đồng mua bán,Không xác định,37.0,29,Hồ Chí Minh,Nhà Bè,"Nhà biệt thự, liền kề tại Essensia Broadway",0.25,>90 m²,>10 tỷ,10.7769,106.7009
"Thanh Hóa, Thanh Hóa, Nhà biệt thự, liền kề tại Central Riverside Thanh Hóa",83.75,5.0,10.0,Không xác định,Không xác định,3.0,2.0,Đã có sổ,Không xác định,5.9,26,Thanh Hóa,Thanh Hóa,"Nhà biệt thự, liền kề tại Central Riverside Thanh Hóa",0.07,70-90 m²,4-6 tỷ,19.8067,105.7852
"Hưng Yên, Văn Lâm, Nhà biệt thự, liền kề tại The Fullton",255.0,17.0,10.0,Không xác định,Không xác định,3.0,2.0,Không xác định,Không xác định,42.8,26,Hưng Yên,Văn Lâm,"Nhà biệt thự, liền kề tại The Fullton",0.17,>90 m²,>10 tỷ,20.6464,106.0511
"Hà Nội, Mê Linh, Nhà biệt thự, liền kề tại HUD Me Linh Central",159.0,15.0,13.5,Tây - Nam,Đông - Bắc,4.0,5.0,Đã có sổ,Không xác định,13.95,24,Hà Nội,Mê Linh,"Nhà biệt thự, liền kề tại HUD Me Linh Central",0.09,>90 m²,>10 tỷ,21.0285,105.8542
"Đà Nẵng, Liên Chiểu, Nhà biệt thự, liền kề tại Vinhomes Hải Vân Bay",63.0,6.0,10.0,Không xác định,Không xác định,3.0,2.0,Không xác định,Không xác định,4.19,15,Đà Nẵng,Liên Chiểu,"Nhà biệt thự, liền kề tại Vinhomes Hải Vân Bay",0.07,50-70 m²,4-6 tỷ,16.0544,108.2022
"Hà Nội, Mê Linh, Nhà biệt thự, liền kề tại HUD Me Linh Central",135.0,6.0,13.5,Tây - Nam,Đông - Bắc,4.0,5.0,Không xác định,Không xác định,10.6,25,Hà Nội,Mê Linh,"Nhà biệt thự, liền kề tại HUD Me Linh Central",0.08,>90 m²,>10 tỷ,21.0285,105.8542
"Hà Nam, Phủ Lý, Nhà biệt thự, liền kề tại Sun Urban City",65.0,6.0,10.0,Không xác định,Không xác định,3.0,2.0,Đã có sổ,Không xác định,4.6,30,Hà Nam,Phủ Lý,"Nhà biệt thự, liền kề tại Sun Urban City",0.07,50-70 m²,4-6 tỷ,20.5453,105.9126
"Hồ Chí Minh, Gò Vấp, Nhà biệt thự, liền kề tại CityLand Park Hills",100.0,5.0,10.0,Nam,Nam,3.0,2.0,Đã có sổ,Không xác định,22.0,25,Hồ Chí Minh,Gò Vấp,"Nhà biệt thự, liền kề tại CityLand Park Hills",0.22,>90 m²,>10 tỷ,10.7769,106.7009
"Hồ Chí Minh, Quận 10, Nhà mặt phố tại đường Sư Vạn Hạnh",98.0,7.5,10.0,Tây,Không xác định,3.0,2.0,Đã có sổ,Không xác định,22.5,2,Hồ Chí Minh,Quận 10,Nhà mặt phố tại đường Sư Vạn Hạnh,0.23,>90 m²,>10 tỷ,10.7769,106.7009
"Khánh Hòa, Nha Trang, Nhà mặt phố tại đường Dã Tượng",102.75,6.0,10.0,Không xác định,Không xác định,3.0,2.0,Đã có sổ,Không xác định,14.5,4,Khánh Hòa,Nha Trang,Nhà mặt phố tại đường Dã Tượng,0.14,>90 m²,>10 tỷ,12.2388,109.1967
"Bình Dương, Thủ Dầu Một, Nhà mặt phố tại Khu dân cư Phú Hòa",200.0,10.0,10.0,Không xác định,Không xác định,4.0,2.0,Đã có sổ,Cơ bản,12.5,7,Bình Dương,Thủ Dầu Một,Nhà mặt phố tại Khu dân cư Phú Hòa,0.06,>90 m²,>10 tỷ,11.1604,106.6508
"Hồ Chí Minh, Quận 6, Nhà mặt phố tại đường Bến Phú Lâm",99.7,6.2,10.0,Không xác định,Không xác định,3.0,2.0,Đã có sổ,Không xác định,13.0,7,Hồ Chí Minh,Quận 6,Nhà mặt phố tại đường Bến Phú Lâm,0.13,>90 m²,>10 tỷ,10.7769,106.7009
"Lâm Đồng, Di Linh, Nhà mặt phố tại đường Phan Bội Châu",219.0,6.0,10.0,Không xác định,Không xác định,3.0,2.0,Đã có sổ,Không xác định,3.45,6,Lâm Đồng,Di Linh,Nhà mặt phố tại đường Phan Bội Châu,0.02,>90 m²,<4 tỷ,11.9404,108.4583
"Ninh Thuận, Ninh Phước, Nhà mặt phố tại đường Tỉnh Lộ 710",548.0,11.47,10.0,Không xác định,Không xác định,1.0,1.0,Đã có sổ,Không xác định,1.28,6,Ninh Thuận,Ninh Phước,Nhà mặt phố tại đường Tỉnh Lộ 710,0.0,>90 m²,<4 tỷ,11.5653,108.9882
"Bình Thuận, Bắc Bình, Nhà mặt phố tại thị trấn Chợ Lầu",144.0,3.61,20.0,Không xác định,Nam,2.0,2.0,Đã có sổ,Đầy đủ,2.5,6,Bình Thuận,Bắc Bình,Nhà mặt phố tại thị trấn Chợ Lầu,0.02,>90 m²,<4 tỷ,11.0904,108.0722
"Bình Thuận, Phan Thiết, Nhà mặt phố tại phường Phú Thủy",173.32,4.4,12.0,Không xác định,Không xác định,3.0,2.0,Đã có sổ,Đầy đủ,19.98,6,Bình Thuận,Phan Thiết,Nhà mặt phố tại phường Phú Thủy,0.12,>90 m²,>10 tỷ,11.0904,108.0722
"Lâm Đồng, Đà Lạt, Nhà mặt phố tại đường Huỳnh Thúc Kháng",787.0,17.0,8.0,Tây - Nam,Không xác định,3.0,2.0,Đã có sổ,Đầy đủ,85.0,6,Lâm Đồng,Đà Lạt,Nhà mặt phố tại đường Huỳnh Thúc Kháng,0.11,>90 m²,>10 tỷ,11.9404,108.4583
"Hồ Chí Minh, Quận 2, Nhà mặt phố tại Khu dân cư Thạnh Mỹ Lợi",160.0,20.0,20.0,Tây - Bắc,Không xác định,3.0,2.0,Đã có sổ,Không xác định,115.0,6,Hồ Chí Minh,Quận 2,Nhà mặt phố tại Khu dân cư Thạnh Mỹ Lợi,0.72,>90 m²,>10 tỷ,10.7769,106.7009
"Hà Nội, Long Biên, Nhà mặt phố tại đường Đức Giang",140.0,6.5,15.0,Tây - Bắc,Nam,7.0,7.0,Đã có sổ,Cơ bản,46.5,6,Hà Nội,Long Biên,Nhà mặt phố tại đường Đức Giang,0.33,>90 m²,>10 tỷ,21.0285,105.8542
"Hồ Chí Minh, Phú Nhuận, Nhà mặt phố tại đường Nguyễn Trọng Tuyển",365.0,6.0,10.0,Không xác định,Không xác định,12.0,12.0,Đã có sổ,Không xác định,160.0,5,Hồ Chí Minh,Phú Nhuận,Nhà mặt phố tại đường Nguyễn Trọng Tuyển,0.44,>90 m²,>10 tỷ,10.7769,106.7009
"Hồ Chí Minh, Quận 8, Nhà mặt phố tại đường An Dương Vương",405.0,9.0,40.0,Tây,Tây,3.0,2.0,Đã có sổ,Không xác định,45.0,5,Hồ Chí Minh,Quận 8,Nhà mặt phố tại đường An Dương Vương,0.11,>90 m²,>10 tỷ,10.7769,106.7009
"Cần Thơ, Ninh Kiều, Nhà mặt phố tại đường 3/2",194.1,6.54,40.0,Không xác định,Không xác định,2.0,2.0,Đã có sổ,Cơ bản,18.88,5,Cần Thơ,Ninh Kiều,Nhà mặt phố tại đường 3/2,0.1,>90 m²,>10 tỷ,10.0452,105.7469
"Quảng Bình, Đồng Hới, Nhà mặt phố tại đường Trần Hưng Đạo",232.0,8.0,10.0,Bắc,Không xác định,5.0,3.0,Đã có sổ,Đầy đủ,32.0,1,Quảng Bình,Đồng Hới,Nhà mặt phố tại đường Trần Hưng Đạo,0.14,>90 m²,>10 tỷ,17.469,106.6227
"Quảng Nam, Duy Xuyên, Nhà mặt phố tại đường Quốc lộ 14H",179.0,9.0,10.0,Không xác định,Không xác định,3.0,2.0,Đã có sổ,Không xác định,5.6,5,Quảng Nam,Duy Xuyên,Nhà mặt phố tại đường Quốc lộ 14H,0.03,>90 m²,4-6 tỷ,15.5667,108.4833
"Đà Nẵng, Sơn Trà, Nhà mặt phố tại đường An Thượng",172.0,6.0,7.5,Không xác định,Không xác định,3.0,2.0,Không xác định,Không xác định,40.0,5,Đà Nẵng,Sơn Trà,Nhà mặt phố tại đường An Thượng,0.23,>90 m²,>10 tỷ,16.0544,108.2022
"An Giang, Long Xuyên, Nhà mặt phố tại đường Số 1",90.0,6.0,10.0,Không xác định,Không xác định,3.0,2.0,Đã có sổ,Không xác định,2.5,4,An Giang,Long Xuyên,Nhà mặt phố tại đường Số 1,0.03,70-90 m²,<4 tỷ,10.3759,105.4185
"Hà Nội, Thanh Xuân, Nhà mặt phố tại đường Trường Chinh",30.0,7.0,50.0,Không xác định,Không xác định,6.0,3.0,Đã có sổ,Không xác định,22.5,9,Hà Nội,Thanh Xuân,Nhà mặt phố tại đường Trường Chinh,0.75,<30 m²,>10 tỷ,21.0285,105.8542
"Hà Nội, Đống Đa, Nhà mặt phố tại đường Láng Thượng",272.0,30.0,10.0,Không xác định,Không xác định,32.0,32.0,Đã có sổ,Không xác định,96.42,9,Hà Nội,Đống Đa,Nhà mặt phố tại đường Láng Thượng,0.35,>90 m²,>10 tỷ,21.0285,105.8542
"Đắk Lắk, Buôn Ma Thuột, Nhà mặt phố tại EcoCity Premia",120.0,6.0,20.0,Không xác định,Không xác định,4.0,5.0,Đã có sổ,Không xác định,9.5,9,Đắk Lắk,Buôn Ma Thuột,Nhà mặt phố tại EcoCity Premia,0.08,>90 m²,8-10 tỷ,12.6667,108.05
"Đà Nẵng, Hải Châu, Nhà mặt phố tại đường Trần Quốc Toản",116.0,4.4,10.5,Tây,Tây - Nam,3.0,4.0,Đã có sổ,Không xác định,28.0,9,Đà Nẵng,Hải Châu,Nhà mặt phố tại đường Trần Quốc Toản,0.24,>90 m²,>10 tỷ,16.0544,108.2022
"Hà Nội, Thanh Xuân, Nhà mặt phố tại phố Vũ Tông Phan",80.0,6.0,14.0,Không xác định,Không xác định,8.0,10.0,Đã có sổ,Cơ bản,45.0,9,Hà Nội,Thanh Xuân,Nhà mặt phố tại phố Vũ Tông Phan,0.56,70-90 m²,>10 tỷ,21.0285,105.8542
"Hồ Chí Minh, Quận 10, Nhà mặt phố tại đường Ngô Gia Tự",56.0,4.3,12.0,Không xác định,Không xác định,10.0,11.0,Đã có sổ,Không xác định,24.5,9,Hồ Chí Minh,Quận 10,Nhà mặt phố tại đường Ngô Gia Tự,0.44,50-70 m²,>10 tỷ,10.7769,106.7009
"Hồ Chí Minh, Quận 10, Nhà mặt phố tại đường Ba Vì",92.6,4.0,8.0,Không xác định,Không xác định,3.0,2.0,Đã có sổ,Không xác định,23.0,9,Hồ Chí Minh,Quận 10,Nhà mặt phố tại đường Ba Vì,0.25,>90 m²,>10 tỷ,10.7769,106.7009
"Hồ Chí Minh, Quận 10, Nhà mặt phố tại đường Trường Sơn",75.0,5.0,10.0,Không xác định,Không xác định,3.0,2.0,Đã có sổ,Không xác định,28.0,9,Hồ Chí Minh,Quận 10,Nhà mặt phố tại đường Trường Sơn,0.37,70-90 m²,>10 tỷ,10.7769,106.7009
"Hồ Chí Minh, Quận 3, Nhà mặt phố tại đường Số 3 Cư xá Đô Thành",81.0,6.0,8.0,Không xác định,Không xác định,3.0,2.0,Đã có sổ,Không xác định,25.0,9,Hồ Chí Minh,Quận 3,Nhà mặt phố tại đường Số 3 Cư xá Đô Thành,0.31,70-90 m²,>10 tỷ,10.7769,106.7009
"Hồ Chí Minh, Bình Thạnh, Nhà mặt phố tại đường Lê Quang Định",92.0,4.0,25.0,Đông,Đông,5.0,4.0,Đã có sổ,Cơ bản,34.0,8,Hồ Chí Minh,Bình Thạnh,Nhà mặt phố tại đường Lê Quang Định,0.37,>90 m²,>10 tỷ,10.7769,106.7009
"Hà Nội, Thanh Xuân, Nhà mặt phố tại phố Hạ Đình",120.0,4.3,14.0,Không xác định,Không xác định,2.0,2.0,Đã có sổ,Cơ bản,27.0,8,Hà Nội,Thanh Xuân,Nhà mặt phố tại phố Hạ Đình,0.22,>90 m²,>10 tỷ,21.0285,105.8542
"Hồ Chí Minh, Tân Bình, Nhà mặt phố tại đường Nguyễn Trọng Tuyển",51.0,3.9,8.0,Đông - Bắc,Đông - Bắc,6.0,5.0,Đã có sổ,Cơ bản,13.0,8,Hồ Chí Minh,Tân Bình,Nhà mặt phố tại đường Nguyễn Trọng Tuyển,0.25,50-70 m²,>10 tỷ,10.7769,106.7009
"Hà Nội, Thanh Xuân, Nhà mặt phố tại đường Vương Thừa Vũ",88.0,4.6,18.0,Không xác định,Không xác định,4.0,4.0,Đã có sổ,Cơ bản,42.0,8,Hà Nội,Thanh Xuân,Nhà mặt phố tại đường Vương Thừa Vũ,0.48,70-90 m²,>10 tỷ,21.0285,105.8542
"Hà Nội, Cầu Giấy, Nhà mặt phố tại phố Doãn Kế Thiện",55.0,3.6,21.0,Bắc,Bắc,7.0,4.0,Đã có sổ,Đầy đủ,22.9,2,Hà Nội,Cầu Giấy,Nhà mặt phố tại phố Doãn Kế Thiện,0.42,50-70 m²,>10 tỷ,21.0285,105.8542
"Hà Nội, Cầu Giấy, Nhà mặt phố tại phố Trung Kính",160.0,6.4,40.0,Không xác định,Không xác định,2.0,2.0,Đã có sổ,Không xác định,130.0,8,Hà Nội,Cầu Giấy,Nhà mặt phố tại phố Trung Kính,0.81,>90 m²,>10 tỷ,21.0285,105.8542
"Hồ Chí Minh, Bình Thạnh, Nhà mặt phố tại đường Bạch Đằng",140.0,3.5,30.0,Đông,Đông,1.0,1.0,Đã có sổ,Không xác định,23.0,8,Hồ Chí Minh,Bình Thạnh,Nhà mặt phố tại đường Bạch Đằng,0.16,>90 m²,>10 tỷ,10.7769,106.7009
"Hồ Chí Minh, Quận 4, Nhà mặt phố tại đường Xóm Chiếu",141.0,5.2,7.0,Đông - Nam,Đông - Nam,8.0,9.0,Đã có sổ,Không xác định,32.0,8,Hồ Chí Minh,Quận 4,Nhà mặt phố tại đường Xóm Chiếu,0.23,>90 m²,>10 tỷ,10.7769,106.7009
"Hà Nội, Đống Đa, Nhà mặt phố tại đường Đặng Tiến Đông",65.0,4.0,8.0,Không xác định,Không xác định,4.0,4.0,Đã có sổ,Không xác định,41.0,8,Hà Nội,Đống Đa,Nhà mặt phố tại đường Đặng Tiến Đông,0.63,50-70 m²,>10 tỷ,21.0285,105.8542
"Hà Nội, Thanh Xuân, Nhà mặt phố tại phố Hạ Đình",68.0,5.2,18.0,Không xác định,Không xác định,6.0,5.0,Đã có sổ,Không xác định,30.0,8,Hà Nội,Thanh Xuân,Nhà mặt phố tại phố Hạ Đình,0.44,50-70 m²,>10 tỷ,21.0285,105.8542
"Hồ Chí Minh, Bình Thạnh, Nhà mặt phố tại đường Phan Văn Hân",50.0,4.7,16.0,Không xác định,Không xác định,4.0,3.0,Đã có sổ,Đầy đủ,22.0,12,Hồ Chí Minh,Bình Thạnh,Nhà mặt phố tại đường Phan Văn Hân,0.44,30-50 m²,>10 tỷ,10.7769,106.7009
"Hà Nội, Ba Đình, Nhà mặt phố tại phường Ngọc Hà",240.0,6.0,10.0,Không xác định,Không xác định,38.0,38.0,Đã có sổ,Không xác định,150.0,12,Hà Nội,Ba Đình,Nhà mặt phố tại phường Ngọc Hà,0.62,>90 m²,>10 tỷ,21.0285,105.8542
"Hà Nội, Sóc Sơn, Nhà mặt phố tại đường Quốc Lộ 2A",76.0,15.0,10.0,Không xác định,Không xác định,3.0,1.0,Đã có sổ,Đầy đủ,14.0,12,Hà Nội,Sóc Sơn,Nhà mặt phố tại đường Quốc Lộ 2A,0.18,70-90 m²,>10 tỷ,21.0285,105.8542
"Lào Cai, Sa Pa, Nhà mặt phố tại phố Thác Bạc",600.0,20.0,30.0,Không xác định,Không xác định,58.0,60.0,Đã có sổ,Đầy đủ,235.0,12,Lào Cai,Sa Pa,Nhà mặt phố tại phố Thác Bạc,0.39,>90 m²,>10 tỷ,22.4856,103.9707
"Đà Nẵng, Sơn Trà, Nhà mặt phố tại đường An Đồn",140.0,6.0,10.0,Không xác định,Không xác định,26.0,2.0,Đã có sổ,Đầy đủ,45.0,12,Đà Nẵng,Sơn Trà,Nhà mặt phố tại đường An Đồn,0.32,>90 m²,>10 tỷ,16.0544,108.2022
"Hồ Chí Minh, Quận 12, Nhà mặt phố tại phường Đông Hưng Thuận",645.7,6.0,10.0,Không xác định,Không xác định,1.0,2.0,Đã có sổ,Không xác định,35.0,12,Hồ Chí Minh,Quận 12,Nhà mặt phố tại phường Đông Hưng Thuận,0.05,>90 m²,>10 tỷ,10.7769,106.7009
"Hồ Chí Minh, Quận 6, Nhà mặt phố tại đường Cao Văn Lầu",147.9,5.2,10.0,Không xác định,Không xác định,3.0,2.0,Không xác định,Không xác định,20.5,12,Hồ Chí Minh,Quận 6,Nhà mặt phố tại đường Cao Văn Lầu,0.14,>90 m²,>10 tỷ,10.7769,106.7009
"Quảng Trị, Vĩnh Linh, Nhà mặt phố tại thị trấn Cửa Tùng",419.3,6.0,10.0,Không xác định,Không xác định,3.0,2.0,Không xác định,Không xác định,10.0,11,Quảng Trị,Vĩnh Linh,Nhà mặt phố tại thị trấn Cửa Tùng,0.02,>90 m²,8-10 tỷ,16.7444,107.1855
"Đồng Nai, Biên Hòa, Nhà mặt phố tại đường B5",125.0,5.0,10.0,Không xác định,Không xác định,5.0,6.0,Đã có sổ,Cơ bản,7.9,11,Đồng Nai,Biên Hòa,Nhà mặt phố tại đường B5,0.06,>90 m²,6-8 tỷ,10.9454,106.8248
"Quảng Ninh, Hạ Long, Nhà mặt phố tại đường Vườn Đào",54.2,4.2,30.0,Không xác định,Không xác định,9.0,10.0,Đã có sổ,Đầy đủ,8.5,11,Quảng Ninh,Hạ Long,Nhà mặt phố tại đường Vườn Đào,0.16,50-70 m²,8-10 tỷ,21.0069,107.2925
"Quảng Ninh, Hạ Long, Nhà mặt phố tại đường Vườn Đào",52.0,4.0,16.0,Không xác định,Không xác định,12.0,13.0,Đã có sổ,Đầy đủ,7.5,11,Quảng Ninh,Hạ Long,Nhà mặt phố tại đường Vườn Đào,0.14,50-70 m²,6-8 tỷ,21.0069,107.2925
"Cà Mau, Cà Mau, Nhà mặt phố tại đường Trần Hưng Đạo",223.0,5.5,10.0,Không xác định,Không xác định,3.0,2.0,Đã có sổ,Đầy đủ,23.0,11,Cà Mau,Cà Mau,Nhà mặt phố tại đường Trần Hưng Đạo,0.1,>90 m²,>10 tỷ,9.1769,105.15
"Nam Định, Nam Định, Nhà mặt phố tại đường Quang Trung",54.0,5.5,20.0,Đông - Nam,Đông - Nam,2.0,2.0,Đã có sổ,Không xác định,18.0,11,Nam Định,Nam Định,Nhà mặt phố tại đường Quang Trung,0.33,50-70 m²,>10 tỷ,20.42,106.1683
"Hà Nội, Nam Từ Liêm, Nhà mặt phố tại đường Lương Thế Vinh",85.0,6.0,30.0,Đông - Bắc,Đông - Bắc,5.0,5.0,Đã có sổ,Cơ bản,40.0,11,Hà Nội,Nam Từ Liêm,Nhà mặt phố tại đường Lương Thế Vinh,0.47,70-90 m²,>10 tỷ,21.0285,105.8542
"Hồ Chí Minh, Quận 2, Nhà mặt phố tại An Phú - An Khánh",80.0,4.0,30.0,Không xác định,Không xác định,4.0,4.0,Đã có sổ,Không xác định,23.5,11,Hồ Chí Minh,Quận 2,Nhà mặt phố tại An Phú - An Khánh,0.29,70-90 m²,>10 tỷ,10.7769,106.7009
"Hà Nội, Hà Đông, Nhà mặt phố tại đường Nguyễn Khuyến",286.0,39.0,50.0,Không xác định,Không xác định,5.0,5.0,Đã có sổ,Đầy đủ,99.9,15,Hà Nội,Hà Đông,Nhà mặt phố tại đường Nguyễn Khuyến,0.35,>90 m²,>10 tỷ,21.0285,105.8542
"Thái Bình, Thái Bình, Nhà mặt phố tại đường Lê Quý Đôn",162.0,10.0,30.0,Tây - Bắc,Tây - Bắc,16.0,8.0,Không xác định,Không xác định,32.0,15,Thái Bình,Thái Bình,Nhà mặt phố tại đường Lê Quý Đôn,0.2,>90 m²,>10 tỷ,20.4464,106.3364
"Hồ Chí Minh, Thủ Đức, Nhà mặt phố tại đường Phạm Văn Đồng",200.0,13.0,60.0,Không xác định,Không xác định,3.0,2.0,Đã có sổ,Không xác định,40.0,15,Hồ Chí Minh,Thủ Đức,Nhà mặt phố tại đường Phạm Văn Đồng,0.2,>90 m²,>10 tỷ,10.7769,106.7009
"Cần Thơ, Ninh Kiều, Nhà mặt phố tại đường Số 1",92.5,4.5,8.0,Đông - Bắc,Đông - Bắc,2.0,1.0,Đã có sổ,Đầy đủ,2.85,15,Cần Thơ,Ninh Kiều,Nhà mặt phố tại đường Số 1,0.03,>90 m²,<4 tỷ,10.0452,105.7469
"Phú Yên, Tuy Hòa, Nhà mặt phố tại đường Nguyễn Tất Thành",235.0,6.0,10.0,Không xác định,Không xác định,3.0,4.0,Không xác định,Đầy đủ,4.9,15,Phú Yên,Tuy Hòa,Nhà mặt phố tại đường Nguyễn Tất Thành,0.02,>90 m²,4-6 tỷ,13.0882,109.3087
"Đà Nẵng, Sơn Trà, Nhà mặt phố tại đường Chính Hữu",88.0,6.0,10.0,Không xác định,Không xác định,15.0,15.0,Đã có sổ,Đầy đủ,36.0,14,Đà Nẵng,Sơn Trà,Nhà mặt phố tại đường Chính Hữu,0.41,70-90 m²,>10 tỷ,16.0544,108.2022
"Hà Nội, Đống Đa, Nhà mặt phố tại phố Xã Đàn",80.0,6.0,10.0,Không xác định,Không xác định,20.0,20.0,Đã có sổ,Không xác định,39.0,14,Hà Nội,Đống Đa,Nhà mặt phố tại phố Xã Đàn,0.49,70-90 m²,>10 tỷ,21.0285,105.8542
"Hà Nội, Ba Đình, Nhà mặt phố tại đường Hoàng Hoa Thám",300.0,10.0,6.0,Không xác định,Không xác định,52.0,52.0,Đã có sổ,Đầy đủ,150.0,8,Hà Nội,Ba Đình,Nhà mặt phố tại đường Hoàng Hoa Thám,0.5,>90 m²,>10 tỷ,21.0285,105.8542
"Hà Nội, Ba Đình, Nhà mặt phố tại phường Ngọc Hà",300.0,20.0,6.0,Không xác định,Không xác định,47.0,47.0,Đã có sổ,Đầy đủ,150.0,8,Hà Nội,Ba Đình,Nhà mặt phố tại phường Ngọc Hà,0.5,>90 m²,>10 tỷ,21.0285,105.8542
"Hải Dương, Hải Dương, Nhà mặt phố tại đường Quang Trung",114.9,6.14,20.0,Đông,Đông,4.0,7.0,Đã có sổ,Đầy đủ,20.68,13,Hải Dương,Hải Dương,Nhà mặt phố tại đường Quang Trung,0.18,>90 m²,>10 tỷ,20.9374,106.3146
"Đà Nẵng, Hải Châu, Nhà mặt phố tại đường Lê Đình Lý",390.0,10.0,15.0,Đông - Nam,Đông - Nam,3.0,3.0,Đã có sổ,Đầy đủ,59.0,13,Đà Nẵng,Hải Châu,Nhà mặt phố tại đường Lê Đình Lý,0.15,>90 m²,>10 tỷ,16.0544,108.2022
"Hà Nội, Đống Đa, Nhà mặt phố tại đường La Thành",74.0,5.0,10.0,Không xác định,Không xác định,5.0,4.0,Không xác định,Không xác định,57.0,13,Hà Nội,Đống Đa,Nhà mặt phố tại đường La Thành,0.77,70-90 m²,>10 tỷ,21.0285,105.8542
"Hồ Chí Minh, Tân Bình, Nhà mặt phố tại đường Tân Trụ",108.0,8.0,10.0,Không xác định,Không xác định,7.0,7.0,Đã có sổ,Đầy đủ,16.1,13,Hồ Chí Minh,Tân Bình,Nhà mặt phố tại đường Tân Trụ,0.15,>90 m²,>10 tỷ,10.7769,106.7009
"Cần Thơ, Ninh Kiều, Nhà mặt phố tại đường Đồng Khởi",221.2,6.0,10.0,Đông - Nam,Không xác định,3.0,2.0,Đã có sổ,Không xác định,28.0,13,Cần Thơ,Ninh Kiều,Nhà mặt phố tại đường Đồng Khởi,0.13,>90 m²,>10 tỷ,10.0452,105.7469
"Tây Ninh, Hòa Thành, Nhà mặt phố tại phố Tôn Đức Thắng",343.2,11.0,30.0,Tây,Không xác định,4.0,2.0,Đã có sổ,Cơ bản,6.9,13,Tây Ninh,Hòa Thành,Nhà mặt phố tại phố Tôn Đức Thắng,0.02,>90 m²,6-8 tỷ,11.3601,106.1098
"Hồ Chí Minh, Quận 9, Nhà mặt phố tại đường Man Thiện",113.0,6.0,10.0,Không xác định,Không xác định,3.0,2.0,Không xác định,Không xác định,17.0,13,Hồ Chí Minh,Quận 9,Nhà mặt phố tại đường Man Thiện,0.15,>90 m²,>10 tỷ,10.7769,106.7009
"Hồ Chí Minh, Gò Vấp, Nhà mặt phố tại đường Tân Sơn",72.0,6.0,10.0,Không xác định,Không xác định,3.0,2.0,Đã có sổ,Đầy đủ,15.8,13,Hồ Chí Minh,Gò Vấp,Nhà mặt phố tại đường Tân Sơn,0.22,70-90 m²,>10 tỷ,10.7769,106.7009
"Hà Nội, Ba Đình, Nhà mặt phố tại đường Quán Thánh",60.0,6.0,10.0,Không xác định,Không xác định,3.0,3.0,Đã có sổ,Không xác định,44.0,18,Hà Nội,Ba Đình,Nhà mặt phố tại đường Quán Thánh,0.73,50-70 m²,>10 tỷ,21.0285,105.8542
"Hà Nội, Ba Đình, Nhà mặt phố tại đường Cửa Bắc",50.0,6.0,10.0,Không xác định,Không xác định,3.0,3.0,Đã có sổ,Không xác định,44.0,17,Hà Nội,Ba Đình,Nhà mặt phố tại đường Cửa Bắc,0.88,30-50 m²,>10 tỷ,21.0285,105.8542
"Hà Nội, Đống Đa, Nhà mặt phố tại đường Võ Văn Dũng",48.0,4.5,10.0,Không xác định,Không xác định,6.0,4.0,Đã có sổ,Đầy đủ,39.0,17,Hà Nội,Đống Đa,Nhà mặt phố tại đường Võ Văn Dũng,0.81,30-50 m²,>10 tỷ,21.0285,105.8542
"Hà Nội, Đống Đa, Nhà mặt phố tại đường Trần Quang Diệu",48.0,4.5,10.0,Không xác định,Không xác định,6.0,4.0,Đã có sổ,Đầy đủ,39.0,17,Hà Nội,Đống Đa,Nhà mặt phố tại đường Trần Quang Diệu,0.81,30-50 m²,>10 tỷ,21.0285,105.8542
"Hà Nội, Đống Đa, Nhà mặt phố tại phố Hoàng Cầu",48.0,4.5,10.0,Không xác định,Không xác định,6.0,4.0,Đã có sổ,Đầy đủ,39.0,17,Hà Nội,Đống Đa,Nhà mặt phố tại phố Hoàng Cầu,0.81,30-50 m²,>10 tỷ,21.0285,105.8542
"Hà Nội, Đông Anh, Nhà mặt phố tại đường Cao Lỗ",89.0,5.0,15.0,Tây - Bắc,Không xác định,3.0,2.0,Đã có sổ,Không xác định,15.5,17,Hà Nội,Đông Anh,Nhà mặt phố tại đường Cao Lỗ,0.17,70-90 m²,>10 tỷ,21.0285,105.8542
"Hà Nội, Thanh Xuân, Nhà mặt phố tại phố Nhân Hòa",65.0,4.0,12.0,Không xác định,Không xác định,4.0,6.0,Đã có sổ,Đầy đủ,26.0,17,Hà Nội,Thanh Xuân,Nhà mặt phố tại phố Nhân Hòa,0.4,50-70 m²,>10 tỷ,21.0285,105.8542
"Hồ Chí Minh, Gò Vấp, Nhà mặt phố tại CityLand Park Hills",100.0,5.0,30.0,Tây - Nam,Tây - Nam,3.0,2.0,Đã có sổ,Đầy đủ,31.0,11,Hồ Chí Minh,Gò Vấp,Nhà mặt phố tại CityLand Park Hills,0.31,>90 m²,>10 tỷ,10.7769,106.7009
"Hồ Chí Minh, Gò Vấp, Nhà mặt phố tại Cityland Center Hills",192.5,20.0,20.0,Đông - Nam,Đông - Nam,3.0,2.0,Đã có sổ,Không xác định,56.0,9,Hồ Chí Minh,Gò Vấp,Nhà mặt phố tại Cityland Center Hills,0.29,>90 m²,>10 tỷ,10.7769,106.7009
"Hồ Chí Minh, Gò Vấp, Nhà mặt phố tại Cityland Center Hills",121.0,6.5,10.0,Đông - Nam,Đông - Nam,3.0,2.0,Đã có sổ,Không xác định,36.0,11,Hồ Chí Minh,Gò Vấp,Nhà mặt phố tại Cityland Center Hills,0.3,>90 m²,>10 tỷ,10.7769,106.7009
"Hồ Chí Minh, Gò Vấp, Nhà mặt phố tại Cityland Center Hills",192.5,10.0,10.0,Đông - Nam,Đông - Nam,3.0,2.0,Đã có sổ,Không xác định,56.0,11,Hồ Chí Minh,Gò Vấp,Nhà mặt phố tại Cityland Center Hills,0.29,>90 m²,>10 tỷ,10.7769,106.7009
"Hồ Chí Minh, Bình Thạnh, Nhà mặt phố tại đường Ngô Đức Kế",145.0,5.2,15.0,Không xác định,Không xác định,24.0,25.0,Đã có sổ,Cơ bản,37.3,8,Hồ Chí Minh,Bình Thạnh,Nhà mặt phố tại đường Ngô Đức Kế,0.26,>90 m²,>10 tỷ,10.7769,106.7009
"Hồ Chí Minh, Tân Phú, Nhà mặt phố tại đường Lê Cao Lãng",20.0,3.6,12.0,Không xác định,Không xác định,2.0,2.0,Đã có sổ,Cơ bản,3.1,9,Hồ Chí Minh,Tân Phú,Nhà mặt phố tại đường Lê Cao Lãng,0.16,<30 m²,<4 tỷ,10.7769,106.7009
"Hà Nội, Thanh Xuân, Nhà mặt phố tại đường Vương Thừa Vũ",55.0,4.6,10.0,Không xác định,Không xác định,6.0,7.0,Đã có sổ,Không xác định,27.0,17,Hà Nội,Thanh Xuân,Nhà mặt phố tại đường Vương Thừa Vũ,0.49,50-70 m²,>10 tỷ,21.0285,105.8542
"Đà Nẵng, Ngũ Hành Sơn, Nhà mặt phố tại đường Khuê Mỹ Đông 7",68.0,5.0,5.5,Không xác định,Không xác định,6.0,8.0,Đã có sổ,Đầy đủ,24.0,17,Đà Nẵng,Ngũ Hành Sơn,Nhà mặt phố tại đường Khuê Mỹ Đông 7,0.35,50-70 m²,>10 tỷ,16.0544,108.2022
"Hồ Chí Minh, Gò Vấp, Nhà mặt phố tại Cityland Center Hills",192.5,20.0,20.0,Đông - Nam,Đông - Nam,3.0,2.0,Đã có sổ,Không xác định,56.0,10,Hồ Chí Minh,Gò Vấp,Nhà mặt phố tại Cityland Center Hills,0.29,>90 m²,>10 tỷ,10.7769,106.7009
"Hồ Chí Minh, Gò Vấp, Nhà mặt phố tại Cityland Center Hills",121.0,20.0,20.0,Đông - Nam,Đông - Nam,3.0,2.0,Đã có sổ,Không xác định,36.0,9,Hồ Chí Minh,Gò Vấp,Nhà mặt phố tại Cityland Center Hills,0.3,>90 m²,>10 tỷ,10.7769,106.7009
"Hồ Chí Minh, Phú Nhuận, Nhà mặt phố tại đường Nguyễn Trọng Tuyển",170.0,6.0,10.0,Không xác định,Không xác định,11.0,11.0,Đã có sổ,Không xác định,35.0,16,Hồ Chí Minh,Phú Nhuận,Nhà mặt phố tại đường Nguyễn Trọng Tuyển,0.21,>90 m²,>10 tỷ,10.7769,106.7009
"Lâm Đồng, Đà Lạt, Nhà mặt phố tại đường Lê Hồng Phong",82.0,4.5,6.0,Không xác định,Không xác định,6.0,5.0,Đã có sổ,Đầy đủ,9.0,16,Lâm Đồng,Đà Lạt,Nhà mặt phố tại đường Lê Hồng Phong,0.11,70-90 m²,8-10 tỷ,11.9404,108.4583
"Lâm Đồng, Đà Lạt, Nhà mặt phố tại đường Nguyễn Đình Chiểu",121.0,5.4,20.0,Không xác định,Không xác định,7.0,7.0,Đã có sổ,Đầy đủ,23.0,16,Lâm Đồng,Đà Lạt,Nhà mặt phố tại đường Nguyễn Đình Chiểu,0.19,>90 m²,>10 tỷ,11.9404,108.4583
"Bình Dương, Thủ Dầu Một, Nhà mặt phố tại đường Lê Lợi",112.0,7.0,10.0,Không xác định,Không xác định,5.0,5.0,Đã có sổ,Đầy đủ,16.0,23,Bình Dương,Thủ Dầu Một,Nhà mặt phố tại đường Lê Lợi,0.14,>90 m²,>10 tỷ,11.1604,106.6508
"Hồ Chí Minh, Bình Tân, Nhà mặt phố tại đường Tân Hòa Đông",85.0,4.2,20.0,Đông - Nam,Đông - Nam,2.0,2.0,Đã có sổ,Không xác định,10.3,23,Hồ Chí Minh,Bình Tân,Nhà mặt phố tại đường Tân Hòa Đông,0.12,70-90 m²,>10 tỷ,10.7769,106.7009
"Hải Dương, Hải Dương, Nhà mặt phố tại đường Đoàn Kết",150.0,6.0,10.0,Không xác định,Không xác định,3.0,2.0,Không xác định,Không xác định,4.78,22,Hải Dương,Hải Dương,Nhà mặt phố tại đường Đoàn Kết,0.03,>90 m²,4-6 tỷ,20.9374,106.3146
"Hà Nội, Long Biên, Nhà mặt phố tại đường Ngọc Thụy",150.0,6.0,10.0,Đông - Nam,Đông - Nam,3.0,2.0,Đã có sổ,Không xác định,21.0,22,Hà Nội,Long Biên,Nhà mặt phố tại đường Ngọc Thụy,0.14,>90 m²,>10 tỷ,21.0285,105.8542
"Quảng Nam, Duy Xuyên, Nhà mặt phố tại xã Duy Vinh",97.0,6.0,10.0,Không xác định,Không xác định,2.0,2.0,Không xác định,Đầy đủ,1.85,22,Quảng Nam,Duy Xuyên,Nhà mặt phố tại xã Duy Vinh,0.02,>90 m²,<4 tỷ,15.5667,108.4833
"Hồ Chí Minh, Tân Phú, Nhà mặt phố tại đường Cây Keo",83.0,5.0,15.0,Tây - Nam,Đông - Nam,4.0,4.0,Đã có sổ,Không xác định,25.0,22,Hồ Chí Minh,Tân Phú,Nhà mặt phố tại đường Cây Keo,0.3,70-90 m²,>10 tỷ,10.7769,106.7009
"Thái Nguyên, Thái Nguyên, Nhà mặt phố tại đường Phú Thái",143.4,4.0,10.0,Tây - Nam,Tây - Nam,3.0,3.0,Đã có sổ,Không xác định,6.9,22,Thái Nguyên,Thái Nguyên,Nhà mặt phố tại đường Phú Thái,0.05,>90 m²,6-8 tỷ,21.5928,105.8442
"Hải Phòng, Thủy Nguyên, Nhà mặt phố tại Vlasta Thủy Nguyên",62.5,5.0,51.0,Bắc,Bắc,4.0,2.0,Đã có sổ,Không xác định,5.1,21,Hải Phòng,Thủy Nguyên,Nhà mặt phố tại Vlasta Thủy Nguyên,0.08,50-70 m²,4-6 tỷ,20.8449,106.6881
"Bình Dương, Thủ Dầu Một, Nhà mặt phố tại đường Thích Quảng Đức",180.0,6.0,16.0,Không xác định,Không xác định,2.0,2.0,Đã có sổ,Không xác định,13.0,23,Bình Dương,Thủ Dầu Một,Nhà mặt phố tại đường Thích Quảng Đức,0.07,>90 m²,>10 tỷ,11.1604,106.6508
"Bình Dương, Thủ Dầu Một, Nhà mặt phố tại Khu dân cư Hiệp Thành III",147.0,6.0,8.0,Không xác định,Không xác định,5.0,5.0,Đã có sổ,Không xác định,8.3,23,Bình Dương,Thủ Dầu Một,Nhà mặt phố tại Khu dân cư Hiệp Thành III,0.06,>90 m²,8-10 tỷ,11.1604,106.6508
"Bình Định, Quy Nhơn, Nhà mặt phố tại đường Số 28",100.0,4.0,16.0,Tây - Bắc,Tây - Bắc,2.0,2.0,Đã có sổ,Không xác định,1.35,23,Bình Định,Quy Nhơn,Nhà mặt phố tại đường Số 28,0.01,>90 m²,<4 tỷ,13.782,109.2194
"Hồ Chí Minh, Quận 5, Nhà mặt phố tại đường Trần Chánh Chiếu",100.0,4.0,10.0,Bắc,Bắc,6.0,5.0,Đã có sổ,Không xác định,23.0,23,Hồ Chí Minh,Quận 5,Nhà mặt phố tại đường Trần Chánh Chiếu,0.23,>90 m²,>10 tỷ,10.7769,106.7009
"Đà Nẵng, Cẩm Lệ, Nhà mặt phố tại đường Xuân Thủy",100.0,5.0,30.0,Không xác định,Không xác định,5.0,6.0,Đã có sổ,Đầy đủ,6.19,23,Đà Nẵng,Cẩm Lệ,Nhà mặt phố tại đường Xuân Thủy,0.06,>90 m²,6-8 tỷ,16.0544,108.2022
"Đà Nẵng, Hải Châu, Nhà mặt phố tại đường Nguyễn Văn Linh",106.0,4.5,35.0,Nam,Nam,5.0,4.0,Đã có sổ,Đầy đủ,35.0,23,Đà Nẵng,Hải Châu,Nhà mặt phố tại đường Nguyễn Văn Linh,0.33,>90 m²,>10 tỷ,16.0544,108.2022
"Hồ Chí Minh, Quận 1, Nhà mặt phố tại đường Trần Quang Khải",745.0,6.0,10.0,Không xác định,Không xác định,40.0,25.0,Đã có sổ,Đầy đủ,487.44,23,Hồ Chí Minh,Quận 1,Nhà mặt phố tại đường Trần Quang Khải,0.65,>90 m²,>10 tỷ,10.7769,106.7009
"Hà Nội, Nam Từ Liêm, Nhà mặt phố tại đường Đình Thôn",33.0,3.3,7.0,Đông - Bắc,Không xác định,6.0,6.0,Đã có sổ,Đầy đủ,15.8,23,Hà Nội,Nam Từ Liêm,Nhà mặt phố tại đường Đình Thôn,0.48,30-50 m²,>10 tỷ,21.0285,105.8542
"Đà Nẵng, Liên Chiểu, Nhà mặt phố tại đường Dương Đức Hiền",72.0,5.0,5.5,Tây - Nam,Không xác định,4.0,2.0,Đã có sổ,Đầy đủ,7.69,23,Đà Nẵng,Liên Chiểu,Nhà mặt phố tại đường Dương Đức Hiền,0.11,70-90 m²,6-8 tỷ,16.0544,108.2022
"Hồ Chí Minh, Thủ Đức, Nhà mặt phố tại đường Nguyễn Tư Nghiêm",89.0,4.17,10.0,Bắc,Bắc,6.0,6.0,Đã có sổ,Đầy đủ,13.25,23,Hồ Chí Minh,Thủ Đức,Nhà mặt phố tại đường Nguyễn Tư Nghiêm,0.15,70-90 m²,>10 tỷ,10.7769,106.7009
"Đà Nẵng, Hải Châu, Nhà mặt phố tại đường Mai Lão Bạng",127.6,6.4,10.0,Không xác định,Không xác định,3.0,2.0,Đã có sổ,Không xác định,20.19,23,Đà Nẵng,Hải Châu,Nhà mặt phố tại đường Mai Lão Bạng,0.16,>90 m²,>10 tỷ,16.0544,108.2022
"Hà Nội, Cầu Giấy, Nhà mặt phố tại đường Trần Thái Tông",140.0,10.0,10.0,Không xác định,Không xác định,3.0,2.0,Đã có sổ,Không xác định,95.0,23,Hà Nội,Cầu Giấy,Nhà mặt phố tại đường Trần Thái Tông,0.68,>90 m²,>10 tỷ,21.0285,105.8542
"Đắk Lắk, Buôn Ma Thuột, Nhà mặt phố tại phố Mai Hắc Đế",104.0,6.5,10.0,Không xác định,Không xác định,6.0,6.0,Đã có sổ,Không xác định,14.3,23,Đắk Lắk,Buôn Ma Thuột,Nhà mặt phố tại phố Mai Hắc Đế,0.14,>90 m²,>10 tỷ,12.6667,108.05
"Tiền Giang, Chợ Gạo, Nhà mặt phố tại đường Vàm",185.5,8.0,10.0,Đông,Không xác định,3.0,2.0,Đã có sổ,Không xác định,3.5,23,Tiền Giang,Chợ Gạo,Nhà mặt phố tại đường Vàm,0.02,>90 m²,<4 tỷ,10.4493,106.3422
"Hà Nội, Long Biên, Nhà mặt phố tại đường Đàm Quang Trung",75.0,8.0,7.0,Không xác định,Không xác định,4.0,7.0,Đã có sổ,Đầy đủ,31.5,23,Hà Nội,Long Biên,Nhà mặt phố tại đường Đàm Quang Trung,0.42,70-90 m²,>10 tỷ,21.0285,105.8542
"Đà Nẵng, Liên Chiểu, Nhà mặt phố tại đường Nguyễn Như Hạnh",102.0,4.9,7.5,Không xác định,Không xác định,4.0,3.0,Đã có sổ,Đầy đủ,7.6,23,Đà Nẵng,Liên Chiểu,Nhà mặt phố tại đường Nguyễn Như Hạnh,0.07,>90 m²,6-8 tỷ,16.0544,108.2022
"Hồ Chí Minh, Thủ Đức, Nhà mặt phố tại đường 11",176.0,13.0,10.0,Không xác định,Không xác định,3.0,2.0,Đã có sổ,Không xác định,13.9,23,Hồ Chí Minh,Thủ Đức,Nhà mặt phố tại đường 11,0.08,>90 m²,>10 tỷ,10.7769,106.7009
"Yên Bái, Yên Bình, Nhà mặt phố tại đường Quốc lộ 70",4200.0,18.6,21.0,Không xác định,Không xác định,3.0,2.0,Đã có sổ,Không xác định,0.0,23,Yên Bái,Yên Bình,Nhà mặt phố tại đường Quốc lộ 70,0.0,>90 m²,<4 tỷ,21.7167,104.8833
"Hồ Chí Minh, Gò Vấp, Nhà mặt phố tại đường Phạm Văn Bạch",160.0,8.0,15.0,Không xác định,Không xác định,2.0,2.0,Đã có sổ,Không xác định,26.0,23,Hồ Chí Minh,Gò Vấp,Nhà mặt phố tại đường Phạm Văn Bạch,0.16,>90 m²,>10 tỷ,10.7769,106.7009
"Hồ Chí Minh, Thủ Đức, Nhà mặt phố tại đường Phạm Văn Đồng",310.0,9.0,60.0,Đông - Bắc,Không xác định,3.0,2.0,Đã có sổ,Đầy đủ,50.0,23,Hồ Chí Minh,Thủ Đức,Nhà mặt phố tại đường Phạm Văn Đồng,0.16,>90 m²,>10 tỷ,10.7769,106.7009
"Bình Dương, Thủ Dầu Một, Nhà mặt phố tại đường DX 095",105.0,4.0,8.0,Đông,Đông,5.0,3.0,Đã có sổ,Đầy đủ,3.4,24,Bình Dương,Thủ Dầu Một,Nhà mặt phố tại đường DX 095,0.03,>90 m²,<4 tỷ,11.1604,106.6508
"Lào Cai, Lào Cai, Nhà mặt phố tại đường Cốc Lếu",112.0,6.0,10.0,Không xác định,Không xác định,6.0,6.0,Đã có sổ,Đầy đủ,18.5,24,Lào Cai,Lào Cai,Nhà mặt phố tại đường Cốc Lếu,0.17,>90 m²,>10 tỷ,22.4856,103.9707
"Thanh Hóa, Thọ Xuân, Nhà mặt phố tại đường Quốc lộ 47",100.0,5.0,25.0,Tây - Bắc,Không xác định,3.0,2.0,Đã có sổ,Không xác định,0.03,24,Thanh Hóa,Thọ Xuân,Nhà mặt phố tại đường Quốc lộ 47,0.0,>90 m²,<4 tỷ,19.8067,105.7852
"Hà Nội, Thanh Xuân, Nhà mặt phố tại đường Vương Thừa Vũ",190.0,12.0,12.0,Không xác định,Không xác định,3.0,2.0,Đã có sổ,Không xác định,147.0,24,Hà Nội,Thanh Xuân,Nhà mặt phố tại đường Vương Thừa Vũ,0.77,>90 m²,>10 tỷ,21.0285,105.8542
"Hà Nội, Hoàn Kiếm, Nhà mặt phố tại đường Cổng Đục",160.0,6.0,10.0,Không xác định,Không xác định,3.0,2.0,Không xác định,Không xác định,126.0,24,Hà Nội,Hoàn Kiếm,Nhà mặt phố tại đường Cổng Đục,0.79,>90 m²,>10 tỷ,21.0285,105.8542
"Cần Thơ, Ninh Kiều, Nhà mặt phố tại đường Mậu Thân",131.6,6.0,20.0,Đông - Bắc,Đông,23.0,25.0,Đã có sổ,Đầy đủ,27.0,24,Cần Thơ,Ninh Kiều,Nhà mặt phố tại đường Mậu Thân,0.21,>90 m²,>10 tỷ,10.0452,105.7469
"Hải Phòng, Hải An, Nhà mặt phố tại đường 193 Văn Cao",83.0,4.15,15.0,Không xác định,Không xác định,4.0,4.0,Đã có sổ,Cơ bản,10.0,24,Hải Phòng,Hải An,Nhà mặt phố tại đường 193 Văn Cao,0.12,70-90 m²,8-10 tỷ,20.8449,106.6881
"Ninh Thuận, Phan Rang - Tháp Chàm, Nhà mặt phố tại đường Hải Thượng Lãn Ông",183.0,28.0,10.0,Không xác định,Không xác định,3.0,2.0,Đã có sổ,Không xác định,5.5,24,Ninh Thuận,Phan Rang - Tháp Chàm,Nhà mặt phố tại đường Hải Thượng Lãn Ông,0.03,>90 m²,4-6 tỷ,11.5653,108.9882
"Đà Nẵng, Cẩm Lệ, Nhà mặt phố tại đường Thanh Lương 9",100.0,5.0,10.0,Không xác định,Không xác định,3.0,2.0,Đã có sổ,Đầy đủ,6.19,24,Đà Nẵng,Cẩm Lệ,Nhà mặt phố tại đường Thanh Lương 9,0.06,>90 m²,6-8 tỷ,16.0544,108.2022
"Đồng Tháp, Sa Đéc, Nhà mặt phố tại đường ĐT 848",829.0,6.0,10.0,Đông,Không xác định,3.0,2.0,Đã có sổ,Đầy đủ,21.0,24,Đồng Tháp,Sa Đéc,Nhà mặt phố tại đường ĐT 848,0.03,>90 m²,>10 tỷ,10.4578,105.6322
"Tiền Giang, Gò Công, Nhà mặt phố tại đường Nguyễn Trọng Dân",115.0,5.0,12.0,Bắc,Bắc,4.0,4.0,Đã có sổ,Không xác định,5.09,24,Tiền Giang,Gò Công,Nhà mặt phố tại đường Nguyễn Trọng Dân,0.04,>90 m²,4-6 tỷ,10.4493,106.3422
"Tiền Giang, Gò Công, Nhà mặt phố tại đường Nguyễn Trọng Dân",115.0,5.0,22.0,Nam,Nam,3.0,3.0,Không xác định,Không xác định,5.09,24,Tiền Giang,Gò Công,Nhà mặt phố tại đường Nguyễn Trọng Dân,0.04,>90 m²,4-6 tỷ,10.4493,106.3422
"Đắk Lắk, Buôn Ma Thuột, Nhà mặt phố tại đường A Dừa",458.0,5.5,10.0,Đông - Bắc,Không xác định,3.0,1.0,Đã có sổ,Không xác định,12.0,24,Đắk Lắk,Buôn Ma Thuột,Nhà mặt phố tại đường A Dừa,0.03,>90 m²,>10 tỷ,12.6667,108.05
"Khánh Hòa, Nha Trang, Nhà mặt phố tại đường Trần Nhật Duật",68.8,6.0,10.0,Tây - Nam,Tây - Nam,2.0,2.0,Đã có sổ,Cơ bản,12.5,23,Khánh Hòa,Nha Trang,Nhà mặt phố tại đường Trần Nhật Duật,0.18,50-70 m²,>10 tỷ,12.2388,109.1967
"Hồ Chí Minh, Phú Nhuận, Nhà mặt phố tại đường Trần Hữu Trang",72.0,6.0,10.0,Không xác định,Không xác định,5.0,4.0,Đã có sổ,Không xác định,16.5,23,Hồ Chí Minh,Phú Nhuận,Nhà mặt phố tại đường Trần Hữu Trang,0.23,70-90 m²,>10 tỷ,10.7769,106.7009
"Hồ Chí Minh, Thủ Đức, Nhà mặt phố tại đường Số 8",90.0,5.4,10.0,Đông - Bắc,Không xác định,4.0,2.0,Không xác định,Không xác định,9.2,23,Hồ Chí Minh,Thủ Đức,Nhà mặt phố tại đường Số 8,0.1,70-90 m²,8-10 tỷ,10.7769,106.7009
"Hồ Chí Minh, Bình Thạnh, Nhà mặt phố tại đường Phan Văn Trị",69.3,3.8,10.0,Không xác định,Không xác định,2.0,3.0,Đã có sổ,Đầy đủ,12.5,23,Hồ Chí Minh,Bình Thạnh,Nhà mặt phố tại đường Phan Văn Trị,0.18,50-70 m²,>10 tỷ,10.7769,106.7009
"An Giang, Long Xuyên, Nhà mặt phố tại Sao Mai Bình Khánh 3",78.54,4.2,14.0,Đông - Nam,Không xác định,3.0,2.0,Đã có sổ,Không xác định,2.55,23,An Giang,Long Xuyên,Nhà mặt phố tại Sao Mai Bình Khánh 3,0.03,70-90 m²,<4 tỷ,10.3759,105.4185
"Đà Nẵng, Ngũ Hành Sơn, Nhà mặt phố tại đường Phan Tôn",95.0,6.0,10.0,Không xác định,Không xác định,3.0,2.0,Đã có sổ,Không xác định,30.0,23,Đà Nẵng,Ngũ Hành Sơn,Nhà mặt phố tại đường Phan Tôn,0.32,>90 m²,>10 tỷ,16.0544,108.2022
"Đà Nẵng, Hải Châu, Nhà mặt phố tại đường 2/9",50.0,4.36,10.0,Đông - Nam,Không xác định,4.0,4.0,Đã có sổ,Không xác định,8.0,23,Đà Nẵng,Hải Châu,Nhà mặt phố tại đường 2/9,0.16,30-50 m²,6-8 tỷ,16.0544,108.2022
"Hải Phòng, Lê Chân, Nhà mặt phố tại đường Hoàng Minh Thảo",262.0,15.0,20.0,Đông - Bắc,Đông - Bắc,1.0,1.0,Đã có sổ,Cơ bản,38.0,24,Hải Phòng,Lê Chân,Nhà mặt phố tại đường Hoàng Minh Thảo,0.15,>90 m²,>10 tỷ,20.8449,106.6881
"Hải Phòng, Lê Chân, Nhà mặt phố tại đường Miếu Hai Xã",54.0,3.75,20.0,Tây - Bắc,Tây - Bắc,3.0,4.0,Đã có sổ,Cơ bản,7.6,24,Hải Phòng,Lê Chân,Nhà mặt phố tại đường Miếu Hai Xã,0.14,50-70 m²,6-8 tỷ,20.8449,106.6881
"Hải Phòng, Lê Chân, Nhà mặt phố tại đường Cát Cụt",76.0,6.0,10.0,Không xác định,Không xác định,3.0,2.0,Không xác định,Không xác định,15.5,24,Hải Phòng,Lê Chân,Nhà mặt phố tại đường Cát Cụt,0.2,70-90 m²,>10 tỷ,20.8449,106.6881
"Hải Phòng, Lê Chân, Nhà mặt phố tại đường Võ Nguyên Giáp",160.0,11.0,25.0,Nam,Không xác định,3.0,2.0,Đã có sổ,Không xác định,28.8,24,Hải Phòng,Lê Chân,Nhà mặt phố tại đường Võ Nguyên Giáp,0.18,>90 m²,>10 tỷ,20.8449,106.6881
"Hồ Chí Minh, Gò Vấp, Nhà mặt phố tại đường Lê Quang Định",43.0,4.0,10.0,Tây - Nam,Không xác định,3.0,2.0,Đã có sổ,Không xác định,7.83,12,Hồ Chí Minh,Gò Vấp,Nhà mặt phố tại đường Lê Quang Định,0.18,30-50 m²,6-8 tỷ,10.7769,106.7009
"Hải Phòng, Hồng Bàng, Nhà mặt phố tại đường Phan Bội Châu",105.0,4.8,10.0,Không xác định,Không xác định,3.0,2.0,Đã có sổ,Không xác định,22.0,24,Hải Phòng,Hồng Bàng,Nhà mặt phố tại đường Phan Bội Châu,0.21,>90 m²,>10 tỷ,20.8449,106.6881
"Hà Nam, Duy Tiên, Nhà mặt phố tại Khu đô thị Đồng Văn Xanh",104.0,6.5,38.0,Bắc,Không xác định,3.0,2.0,Đã có sổ,Không xác định,6.25,24,Hà Nam,Duy Tiên,Nhà mặt phố tại Khu đô thị Đồng Văn Xanh,0.06,>90 m²,6-8 tỷ,20.5453,105.9126
"Hòa Bình, Hòa Bình, Nhà mặt phố tại đường Hòa Bình",50.0,4.7,12.0,Tây - Bắc,Không xác định,1.0,1.0,Đã có sổ,Không xác định,1.75,24,Hòa Bình,Hòa Bình,Nhà mặt phố tại đường Hòa Bình,0.04,30-50 m²,<4 tỷ,20.8133,105.3383
"Đà Nẵng, Liên Chiểu, Nhà mặt phố tại đường Nguyễn Tất Thành",120.0,5.0,10.5,Bắc,Không xác định,6.0,6.0,Đã có sổ,Cơ bản,9.0,24,Đà Nẵng,Liên Chiểu,Nhà mặt phố tại đường Nguyễn Tất Thành,0.08,>90 m²,8-10 tỷ,16.0544,108.2022
"Hồ Chí Minh, Tân Phú, Nhà mặt phố tại đường Tân Sơn Nhì",264.0,13.0,20.0,Đông - Bắc,Đông - Bắc,2.0,2.0,Đã có sổ,Cơ bản,48.0,24,Hồ Chí Minh,Tân Phú,Nhà mặt phố tại đường Tân Sơn Nhì,0.18,>90 m²,>10 tỷ,10.7769,106.7009
"Tiền Giang, Mỹ Tho, Nhà mặt phố tại đường Đinh Bộ Lĩnh",100.0,6.0,10.0,Không xác định,Không xác định,3.0,2.0,Không xác định,Không xác định,1.5,24,Tiền Giang,Mỹ Tho,Nhà mặt phố tại đường Đinh Bộ Lĩnh,0.02,>90 m²,<4 tỷ,10.4493,106.3422
"Hồ Chí Minh, Quận 1, Nhà mặt phố tại đường Calmette",170.0,9.0,10.0,Không xác định,Không xác định,10.0,12.0,Đã có sổ,Không xác định,130.0,24,Hồ Chí Minh,Quận 1,Nhà mặt phố tại đường Calmette,0.76,>90 m²,>10 tỷ,10.7769,106.7009
"Tiền Giang, Mỹ Tho, Nhà mặt phố tại đường Đinh Bộ Lĩnh",320.0,11.0,10.0,Không xác định,Không xác định,3.0,2.0,Không xác định,Không xác định,4.79,24,Tiền Giang,Mỹ Tho,Nhà mặt phố tại đường Đinh Bộ Lĩnh,0.01,>90 m²,4-6 tỷ,10.4493,106.3422
"Hồ Chí Minh, Quận 6, Nhà mặt phố tại đường Số 26",76.0,6.0,20.0,Bắc,Bắc,4.0,4.0,Đã có sổ,Đầy đủ,15.0,24,Hồ Chí Minh,Quận 6,Nhà mặt phố tại đường Số 26,0.2,70-90 m²,>10 tỷ,10.7769,106.7009
"Hồ Chí Minh, Tân Phú, Nhà mặt phố tại đường Trần Hưng Đạo",94.0,20.0,20.0,Không xác định,Không xác định,5.0,5.0,Đã có sổ,Đầy đủ,17.2,24,Hồ Chí Minh,Tân Phú,Nhà mặt phố tại đường Trần Hưng Đạo,0.18,>90 m²,>10 tỷ,10.7769,106.7009
"Hồ Chí Minh, Tân Phú, Nhà mặt phố tại đường Chế Lan Viên",70.0,20.0,25.0,Tây - Nam,Không xác định,3.0,3.0,Đã có sổ,Đầy đủ,13.6,24,Hồ Chí Minh,Tân Phú,Nhà mặt phố tại đường Chế Lan Viên,0.19,50-70 m²,>10 tỷ,10.7769,106.7009
"Long An, Tân An, Nhà mặt phố tại đường Lê Minh Xuân",301.0,12.0,30.0,Không xác định,Không xác định,1.0,1.0,Đã có sổ,Đầy đủ,2.69,24,Long An,Tân An,Nhà mặt phố tại đường Lê Minh Xuân,0.01,>90 m²,<4 tỷ,10.536,106.4099
"Đồng Nai, Biên Hòa, Nhà mặt phố tại đường Trần Công An",179.6,10.0,10.0,Bắc,Bắc,23.0,23.0,Đã có sổ,Đầy đủ,25.0,24,Đồng Nai,Biên Hòa,Nhà mặt phố tại đường Trần Công An,0.14,>90 m²,>10 tỷ,10.9454,106.8248
"Hồ Chí Minh, Quận 2, Nhà mặt phố tại đường 54",700.0,6.0,10.0,Không xác định,Không xác định,3.0,2.0,Không xác định,Không xác định,0.9,24,Hồ Chí Minh,Quận 2,Nhà mặt phố tại đường 54,0.0,>90 m²,<4 tỷ,10.7769,106.7009
"Bình Định, Quy Nhơn, Nhà mặt phố tại đường Tây Sơn",230.0,6.4,40.0,Tây - Nam,Tây - Nam,9.0,7.0,Đã có sổ,Cơ bản,15.9,25,Bình Định,Quy Nhơn,Nhà mặt phố tại đường Tây Sơn,0.07,>90 m²,>10 tỷ,13.782,109.2194
"Hà Nội, Cầu Giấy, Nhà mặt phố tại đường Trần Thái Tông",40.0,6.0,10.0,Không xác định,Không xác định,3.0,2.0,Đã có sổ,Không xác định,30.0,20,Hà Nội,Cầu Giấy,Nhà mặt phố tại đường Trần Thái Tông,0.75,30-50 m²,>10 tỷ,21.0285,105.8542
"Hải Phòng, Lê Chân, Nhà mặt phố tại đường Đông Trà",90.0,4.5,11.0,Đông - Bắc,Không xác định,5.0,6.0,Đã có sổ,Đầy đủ,12.8,24,Hải Phòng,Lê Chân,Nhà mặt phố tại đường Đông Trà,0.14,70-90 m²,>10 tỷ,20.8449,106.6881
"Hải Phòng, Lê Chân, Nhà mặt phố tại đường Thiên Lôi",100.0,4.0,10.0,Tây - Nam,Tây - Nam,1.0,1.0,Đã có sổ,Không xác định,9.8,24,Hải Phòng,Lê Chân,Nhà mặt phố tại đường Thiên Lôi,0.1,>90 m²,8-10 tỷ,20.8449,106.6881
"Hải Phòng, Lê Chân, Nhà mặt phố tại đường Hồ Sen",46.0,9.0,25.0,Đông,Đông,3.0,4.0,Đã có sổ,Không xác định,15.0,24,Hải Phòng,Lê Chân,Nhà mặt phố tại đường Hồ Sen,0.33,30-50 m²,>10 tỷ,20.8449,106.6881
"Hải Phòng, Lê Chân, Nhà mặt phố tại phố Đào Nhuận",90.0,4.5,15.0,Tây - Nam,Tây - Nam,5.0,5.0,Đã có sổ,Đầy đủ,15.0,24,Hải Phòng,Lê Chân,Nhà mặt phố tại phố Đào Nhuận,0.17,70-90 m²,>10 tỷ,20.8449,106.6881
"Hải Phòng, Hải An, Nhà mặt phố tại đường Ngô Gia Tự",800.0,17.0,25.0,Đông - Nam,Đông - Nam,3.0,2.0,Đã có sổ,Đầy đủ,120.0,24,Hải Phòng,Hải An,Nhà mặt phố tại đường Ngô Gia Tự,0.15,>90 m²,>10 tỷ,20.8449,106.6881
"Hải Phòng, Lê Chân, Nhà mặt phố tại phố Đặng Ma La",92.0,4.6,18.0,Đông - Nam,Đông - Nam,3.0,2.0,Đã có sổ,Đầy đủ,11.95,24,Hải Phòng,Lê Chân,Nhà mặt phố tại phố Đặng Ma La,0.13,>90 m²,>10 tỷ,20.8449,106.6881
"Hải Phòng, Hải An, Nhà mặt phố tại đường Ngô Gia Tự",131.0,4.0,25.0,Đông - Nam,Đông - Nam,1.0,1.0,Đã có sổ,Đầy đủ,13.5,24,Hải Phòng,Hải An,Nhà mặt phố tại đường Ngô Gia Tự,0.1,>90 m²,>10 tỷ,20.8449,106.6881
"Hải Phòng, Ngô Quyền, Nhà mặt phố tại đường Văn Cao",90.0,4.5,25.0,Đông - Bắc,Đông - Bắc,4.0,4.0,Đã có sổ,Cơ bản,17.5,24,Hải Phòng,Ngô Quyền,Nhà mặt phố tại đường Văn Cao,0.19,70-90 m²,>10 tỷ,20.8449,106.6881
"Hải Phòng, Lê Chân, Nhà mặt phố tại đường Mê Linh",119.0,4.4,18.0,Tây,Tây,2.0,2.0,Đã có sổ,Cơ bản,19.5,24,Hải Phòng,Lê Chân,Nhà mặt phố tại đường Mê Linh,0.16,>90 m²,>10 tỷ,20.8449,106.6881
"Hải Phòng, Lê Chân, Nhà mặt phố tại đường Chùa Hàng",64.8,4.65,20.0,Tây - Nam,Tây - Nam,4.0,4.0,Đã có sổ,Đầy đủ,13.8,24,Hải Phòng,Lê Chân,Nhà mặt phố tại đường Chùa Hàng,0.21,50-70 m²,>10 tỷ,20.8449,106.6881
"Hải Phòng, Lê Chân, Nhà mặt phố tại đường Chùa Hàng",82.2,4.0,18.0,Tây - Bắc,Tây - Bắc,4.0,5.0,Đã có sổ,Đầy đủ,12.0,24,Hải Phòng,Lê Chân,Nhà mặt phố tại đường Chùa Hàng,0.15,70-90 m²,>10 tỷ,20.8449,106.6881
"Hải Phòng, Lê Chân, Nhà mặt phố tại đường Cát Cụt",76.0,4.2,18.0,Tây,Tây,4.0,4.0,Đã có sổ,Không xác định,15.5,24,Hải Phòng,Lê Chân,Nhà mặt phố tại đường Cát Cụt,0.2,70-90 m²,>10 tỷ,20.8449,106.6881
"Hải Phòng, Lê Chân, Nhà mặt phố tại phố Nguyễn Công Hòa",59.0,6.0,20.0,Tây - Nam,Tây - Nam,4.0,4.0,Đã có sổ,Đầy đủ,13.0,24,Hải Phòng,Lê Chân,Nhà mặt phố tại phố Nguyễn Công Hòa,0.22,50-70 m²,>10 tỷ,20.8449,106.6881
"Hải Phòng, Lê Chân, Nhà mặt phố tại phố Hai Bà Trưng",47.0,3.8,18.0,Không xác định,Bắc,5.0,5.0,Đã có sổ,Đầy đủ,12.8,24,Hải Phòng,Lê Chân,Nhà mặt phố tại phố Hai Bà Trưng,0.27,30-50 m²,>10 tỷ,20.8449,106.6881
"Hải Phòng, Lê Chân, Nhà mặt phố tại phố Khúc Thừa Dụ",100.0,4.0,12.0,Đông - Nam,Đông - Nam,1.0,1.0,Đã có sổ,Cơ bản,8.9,24,Hải Phòng,Lê Chân,Nhà mặt phố tại phố Khúc Thừa Dụ,0.09,>90 m²,8-10 tỷ,20.8449,106.6881
"Hải Phòng, Lê Chân, Nhà mặt phố tại đường Thiên Lôi",101.0,6.0,10.0,Không xác định,Không xác định,3.0,2.0,Không xác định,Không xác định,15.99,24,Hải Phòng,Lê Chân,Nhà mặt phố tại đường Thiên Lôi,0.16,>90 m²,>10 tỷ,20.8449,106.6881
"Hải Phòng, Lê Chân, Nhà mặt phố tại đường Dư Hàng",127.0,5.2,20.0,Đông - Bắc,Đông - Bắc,4.0,4.0,Đã có sổ,Cơ bản,16.5,24,Hải Phòng,Lê Chân,Nhà mặt phố tại đường Dư Hàng,0.13,>90 m²,>10 tỷ,20.8449,106.6881
"Hồ Chí Minh, Quận 1, Nhà mặt phố tại đường Phạm Ngọc Thạch",798.0,20.0,30.0,Không xác định,Không xác định,8.0,10.0,Đã có sổ,Không xác định,650.0,25,Hồ Chí Minh,Quận 1,Nhà mặt phố tại đường Phạm Ngọc Thạch,0.81,>90 m²,>10 tỷ,10.7769,106.7009
"Hồ Chí Minh, Quận 1, Nhà mặt phố tại đường Nguyễn Thái Học",550.0,12.5,10.0,Không xác định,Không xác định,4.0,5.0,Đã có sổ,Cơ bản,350.0,25,Hồ Chí Minh,Quận 1,Nhà mặt phố tại đường Nguyễn Thái Học,0.64,>90 m²,>10 tỷ,10.7769,106.7009
"Hồ Chí Minh, Quận 1, Nhà mặt phố tại đường Trần Hưng Đạo",431.0,19.0,30.0,Không xác định,Không xác định,6.0,8.0,Đã có sổ,Cơ bản,285.0,25,Hồ Chí Minh,Quận 1,Nhà mặt phố tại đường Trần Hưng Đạo,0.66,>90 m²,>10 tỷ,10.7769,106.7009
"Hồ Chí Minh, Quận 1, Nhà mặt phố tại đường Nguyễn Du",384.0,6.0,10.0,Không xác định,Không xác định,3.0,2.0,Đã có sổ,Không xác định,420.0,25,Hồ Chí Minh,Quận 1,Nhà mặt phố tại đường Nguyễn Du,1.09,>90 m²,>10 tỷ,10.7769,106.7009
"Đà Nẵng, Hải Châu, Nhà mặt phố tại đường Mai Lão Bạng",127.6,6.4,10.0,Không xác định,Không xác định,3.0,2.0,Đã có sổ,Không xác định,20.19,25,Đà Nẵng,Hải Châu,Nhà mặt phố tại đường Mai Lão Bạng,0.16,>90 m²,>10 tỷ,16.0544,108.2022
"Hồ Chí Minh, Quận 2, Nhà mặt phố tại Sala Đại Quang Minh",170.4,7.1,40.0,Không xác định,Không xác định,3.0,2.0,Đã có sổ,Không xác định,174.9,25,Hồ Chí Minh,Quận 2,Nhà mặt phố tại Sala Đại Quang Minh,1.03,>90 m²,>10 tỷ,10.7769,106.7009
"Hà Nội, Ba Đình, Nhà mặt phố tại đường Đê La Thành",40.0,3.5,50.0,Tây,Không xác định,3.0,4.0,Đã có sổ,Đầy đủ,29.5,23,Hà Nội,Ba Đình,Nhà mặt phố tại đường Đê La Thành,0.74,30-50 m²,>10 tỷ,21.0285,105.8542
"Hồ Chí Minh, Quận 9, Nhà mặt phố tại Centana City Điền Phúc Thành",100.0,6.0,10.0,Không xác định,Không xác định,4.0,3.0,Đã có sổ,Cơ bản,10.5,25,Hồ Chí Minh,Quận 9,Nhà mặt phố tại Centana City Điền Phúc Thành,0.1,>90 m²,>10 tỷ,10.7769,106.7009
"Hồ Chí Minh, Phú Nhuận, Nhà mặt phố tại đường Nguyễn Trọng Tuyển",110.7,6.0,12.0,Bắc,Bắc,5.0,3.0,Đã có sổ,Không xác định,32.0,25,Hồ Chí Minh,Phú Nhuận,Nhà mặt phố tại đường Nguyễn Trọng Tuyển,0.29,>90 m²,>10 tỷ,10.7769,106.7009
"Hồ Chí Minh, Gò Vấp, Nhà mặt phố tại Cityland Center Hills",192.5,10.0,10.0,Đông - Nam,Đông - Nam,3.0,2.0,Đã có sổ,Không xác định,56.0,25,Hồ Chí Minh,Gò Vấp,Nhà mặt phố tại Cityland Center Hills,0.29,>90 m²,>10 tỷ,10.7769,106.7009
"Hồ Chí Minh, Quận 2, Nhà mặt phố tại đường Nguyễn Duy Trinh",318.0,6.0,10.0,Không xác định,Không xác định,3.0,2.0,Đã có sổ,Không xác định,42.0,25,Hồ Chí Minh,Quận 2,Nhà mặt phố tại đường Nguyễn Duy Trinh,0.13,>90 m²,>10 tỷ,10.7769,106.7009
"Hồ Chí Minh, Quận 6, Nhà mặt phố tại đường Cư Xá Phú Lâm D",42.0,3.5,10.0,Nam,Không xác định,5.0,5.0,Đã có sổ,Đầy đủ,8.2,25,Hồ Chí Minh,Quận 6,Nhà mặt phố tại đường Cư Xá Phú Lâm D,0.2,30-50 m²,8-10 tỷ,10.7769,106.7009
"Hồ Chí Minh, Bình Thạnh, Nhà mặt phố tại đường Nguyễn Gia Trí",80.0,4.0,25.0,Không xác định,Không xác định,4.0,5.0,Đã có sổ,Cơ bản,24.5,24,Hồ Chí Minh,Bình Thạnh,Nhà mặt phố tại đường Nguyễn Gia Trí,0.31,70-90 m²,>10 tỷ,10.7769,106.7009
"Hà Nội, Cầu Giấy, Nhà mặt phố tại đường Trần Duy Hưng",120.0,8.0,50.0,Không xác định,Không xác định,5.0,7.0,Đã có sổ,Đầy đủ,95.0,25,Hà Nội,Cầu Giấy,Nhà mặt phố tại đường Trần Duy Hưng,0.79,>90 m²,>10 tỷ,21.0285,105.8542
"Hồ Chí Minh, Thủ Đức, Nhà mặt phố tại đường Nguyễn Văn Bá",1300.0,50.0,10.0,Không xác định,Không xác định,3.0,2.0,Đã có sổ,Không xác định,250.0,25,Hồ Chí Minh,Thủ Đức,Nhà mặt phố tại đường Nguyễn Văn Bá,0.19,>90 m²,>10 tỷ,10.7769,106.7009
"Hải Phòng, Ngô Quyền, Nhà mặt phố tại phố Lạch Tray",60.0,4.25,28.0,Đông - Bắc,Đông - Bắc,7.0,8.0,Đã có sổ,Đầy đủ,33.0,25,Hải Phòng,Ngô Quyền,Nhà mặt phố tại phố Lạch Tray,0.55,50-70 m²,>10 tỷ,20.8449,106.6881
"Hồ Chí Minh, Quận 7, Nhà mặt phố tại Khu dân cư Kim Sơn",100.0,5.0,12.0,Đông,Đông,6.0,5.0,Đã có sổ,Đầy đủ,27.8,25,Hồ Chí Minh,Quận 7,Nhà mặt phố tại Khu dân cư Kim Sơn,0.28,>90 m²,>10 tỷ,10.7769,106.7009
"Hồ Chí Minh, Bình Chánh, Nhà mặt phố tại đường Trần Văn Giàu",133.0,6.0,10.0,Không xác định,Không xác định,5.0,4.0,Đã có sổ,Không xác định,7.0,25,Hồ Chí Minh,Bình Chánh,Nhà mặt phố tại đường Trần Văn Giàu,0.05,>90 m²,6-8 tỷ,10.7769,106.7009
"Hồ Chí Minh, Quận 3, Nhà mặt phố tại đường Trương Định",816.0,6.0,25.0,Không xác định,Không xác định,6.0,8.0,Đã có sổ,Cơ bản,540.0,25,Hồ Chí Minh,Quận 3,Nhà mặt phố tại đường Trương Định,0.66,>90 m²,>10 tỷ,10.7769,106.7009
"Hải Phòng, Ngô Quyền, Nhà mặt phố tại đường Lê Lợi",90.0,8.5,10.0,Không xác định,Không xác định,3.0,2.0,Đã có sổ,Không xác định,9.96,25,Hải Phòng,Ngô Quyền,Nhà mặt phố tại đường Lê Lợi,0.11,70-90 m²,8-10 tỷ,20.8449,106.6881
"Hải Phòng, Lê Chân, Nhà mặt phố tại đường Tô Hiệu",203.0,7.1,10.0,Không xác định,Không xác định,3.0,2.0,Đã có sổ,Không xác định,27.62,25,Hải Phòng,Lê Chân,Nhà mặt phố tại đường Tô Hiệu,0.14,>90 m²,>10 tỷ,20.8449,106.6881
"Hồ Chí Minh, Quận 8, Nhà mặt phố tại đường Dương Quang Đông",93.0,4.0,32.0,Tây,Tây,4.0,3.0,Đã có sổ,Cơ bản,20.0,25,Hồ Chí Minh,Quận 8,Nhà mặt phố tại đường Dương Quang Đông,0.22,>90 m²,>10 tỷ,10.7769,106.7009
"Bình Dương, Thủ Dầu Một, Nhà mặt phố tại Khu đô thị Phúc Đạt",100.0,5.0,10.0,Không xác định,Không xác định,4.0,4.0,Đã có sổ,Đầy đủ,7.5,25,Bình Dương,Thủ Dầu Một,Nhà mặt phố tại Khu đô thị Phúc Đạt,0.08,>90 m²,6-8 tỷ,11.1604,106.6508
"Hồ Chí Minh, Quận 1, Nhà mặt phố tại đường Lý Tự Trọng",100.0,30.0,10.0,Đông - Nam,Không xác định,6.0,14.0,Đã có sổ,Đầy đủ,65.43,25,Hồ Chí Minh,Quận 1,Nhà mặt phố tại đường Lý Tự Trọng,0.65,>90 m²,>10 tỷ,10.7769,106.7009
"Hồ Chí Minh, Quận 1, Nhà mặt phố tại đường Lê Thánh Tôn",150.0,8.5,10.0,Không xác định,Không xác định,28.0,32.0,Đã có sổ,Đầy đủ,180.0,25,Hồ Chí Minh,Quận 1,Nhà mặt phố tại đường Lê Thánh Tôn,1.2,>90 m²,>10 tỷ,10.7769,106.7009
"Hồ Chí Minh, Quận 1, Nhà mặt phố tại đường Lê Thánh Tôn",450.0,30.0,10.0,Không xác định,Không xác định,8.0,10.0,Đã có sổ,Không xác định,294.43,25,Hồ Chí Minh,Quận 1,Nhà mặt phố tại đường Lê Thánh Tôn,0.65,>90 m²,>10 tỷ,10.7769,106.7009
"Hồ Chí Minh, Quận 1, Nhà mặt phố tại đường Trần Hưng Đạo",340.0,11.5,30.0,Không xác định,Không xác định,20.0,24.0,Đã có sổ,Đầy đủ,250.0,25,Hồ Chí Minh,Quận 1,Nhà mặt phố tại đường Trần Hưng Đạo,0.74,>90 m²,>10 tỷ,10.7769,106.7009
"Hồ Chí Minh, Quận 1, Nhà mặt phố tại đường Thủ Khoa Huân",621.0,6.0,10.0,Không xác định,Không xác định,3.0,2.0,Không xác định,Không xác định,710.0,25,Hồ Chí Minh,Quận 1,Nhà mặt phố tại đường Thủ Khoa Huân,1.14,>90 m²,>10 tỷ,10.7769,106.7009
"Hồ Chí Minh, Quận 1, Nhà mặt phố tại đường Tôn Thất Tùng",305.0,24.0,30.0,Đông - Nam,Đông - Nam,5.0,6.0,Đã có sổ,Cơ bản,199.56,25,Hồ Chí Minh,Quận 1,Nhà mặt phố tại đường Tôn Thất Tùng,0.65,>90 m²,>10 tỷ,10.7769,106.7009
"Hồ Chí Minh, Quận 1, Nhà mặt phố tại đường Lê Lai",576.0,18.0,30.0,Đông - Nam,Không xác định,4.0,6.0,Đã có sổ,Không xác định,450.0,25,Hồ Chí Minh,Quận 1,Nhà mặt phố tại đường Lê Lai,0.78,>90 m²,>10 tỷ,10.7769,106.7009
"Hồ Chí Minh, Quận 1, Nhà mặt phố tại phường Bến Nghé",1100.0,25.0,30.0,Không xác định,Không xác định,1.0,1.0,Đã có sổ,Không xác định,999.0,25,Hồ Chí Minh,Quận 1,Nhà mặt phố tại phường Bến Nghé,0.91,>90 m²,>10 tỷ,10.7769,106.7009
"Hồ Chí Minh, Quận 1, Nhà mặt phố tại đường Nguyễn Trãi",126.0,8.2,30.0,Không xác định,Không xác định,32.0,34.0,Đã có sổ,Không xác định,110.0,25,Hồ Chí Minh,Quận 1,Nhà mặt phố tại đường Nguyễn Trãi,0.87,>90 m²,>10 tỷ,10.7769,106.7009
"Hồ Chí Minh, Quận 1, Nhà mặt phố tại đường Nguyễn Đình Chiểu",450.0,6.0,10.0,Không xác định,Không xác định,3.0,2.0,Đã có sổ,Không xác định,294.43,25,Hồ Chí Minh,Quận 1,Nhà mặt phố tại đường Nguyễn Đình Chiểu,0.65,>90 m²,>10 tỷ,10.7769,106.7009
"Hồ Chí Minh, Quận 1, Nhà mặt phố tại đường Lê Thánh Tôn",1490.0,30.0,30.0,Không xác định,Không xác định,11.0,13.0,Đã có sổ,Cơ bản,974.89,25,Hồ Chí Minh,Quận 1,Nhà mặt phố tại đường Lê Thánh Tôn,0.65,>90 m²,>10 tỷ,10.7769,106.7009
"Hải Phòng, Lê Chân, Nhà mặt phố tại phố Trần Nguyên Hãn",84.0,8.4,10.0,Không xác định,Không xác định,3.0,2.0,Đã có sổ,Không xác định,11.43,27,Hải Phòng,Lê Chân,Nhà mặt phố tại phố Trần Nguyên Hãn,0.14,70-90 m²,>10 tỷ,20.8449,106.6881
"Hồ Chí Minh, Phú Nhuận, Nhà mặt phố tại đường Nguyễn Kiệm",99.6,4.1,10.0,Không xác định,Không xác định,3.0,2.0,Không xác định,Không xác định,16.5,27,Hồ Chí Minh,Phú Nhuận,Nhà mặt phố tại đường Nguyễn Kiệm,0.17,>90 m²,>10 tỷ,10.7769,106.7009
"Bình Dương, Thuận An, Nhà mặt phố tại đường 22/12",249.0,5.4,10.0,Không xác định,Không xác định,3.0,2.0,Đã có sổ,Cơ bản,12.5,27,Bình Dương,Thuận An,Nhà mặt phố tại đường 22/12,0.05,>90 m²,>10 tỷ,11.1604,106.6508
"Đà Nẵng, Sơn Trà, Nhà mặt phố tại Làng Châu Âu (Euro Village)",100.0,6.0,10.0,Không xác định,Không xác định,4.0,4.0,Đã có sổ,Cơ bản,22.0,26,Đà Nẵng,Sơn Trà,Nhà mặt phố tại Làng Châu Âu (Euro Village),0.22,>90 m²,>10 tỷ,16.0544,108.2022
"Thừa Thiên Huế, Huế, Nhà mặt phố tại đường Võ Thị Sáu",424.0,10.0,14.0,Đông - Nam,Đông - Nam,6.0,5.0,Đã có sổ,Không xác định,59.36,26,Thừa Thiên Huế,Huế,Nhà mặt phố tại đường Võ Thị Sáu,0.14,>90 m²,>10 tỷ,16.4637,107.5909
"Thừa Thiên Huế, Huế, Nhà mặt phố tại đường Võ Thị Sáu",190.8,7.1,12.0,Tây - Bắc,Tây - Bắc,5.0,5.0,Đã có sổ,Cơ bản,34.34,26,Thừa Thiên Huế,Huế,Nhà mặt phố tại đường Võ Thị Sáu,0.18,>90 m²,>10 tỷ,16.4637,107.5909
"Hải Phòng, Dương Kinh, Nhà mặt phố tại phố Trần Bá Lương",50.0,4.0,4.0,Nam,Nam,5.0,3.0,Đã có sổ,Không xác định,3.5,26,Hải Phòng,Dương Kinh,Nhà mặt phố tại phố Trần Bá Lương,0.07,30-50 m²,<4 tỷ,20.8449,106.6881
"Lào Cai, Lào Cai, Nhà mặt phố tại đường Cốc Lếu",108.0,6.0,10.0,Không xác định,Không xác định,5.0,5.0,Đã có sổ,Đầy đủ,15.8,26,Lào Cai,Lào Cai,Nhà mặt phố tại đường Cốc Lếu,0.15,>90 m²,>10 tỷ,22.4856,103.9707
"Tây Ninh, Gò Dầu, Nhà mặt phố tại đường Quốc Lộ 22",1532.0,22.0,10.0,Không xác định,Không xác định,16.0,16.0,Đã có sổ,Không xác định,13.0,26,Tây Ninh,Gò Dầu,Nhà mặt phố tại đường Quốc Lộ 22,0.01,>90 m²,>10 tỷ,11.3601,106.1098
"An Giang, Tịnh Biên, Nhà mặt phố tại thị trấn Nhà Bàng",118.0,4.74,4.0,Không xác định,Không xác định,2.0,1.0,Đã có sổ,Cơ bản,4.5,26,An Giang,Tịnh Biên,Nhà mặt phố tại thị trấn Nhà Bàng,0.04,>90 m²,4-6 tỷ,10.3759,105.4185
"Hồ Chí Minh, Bình Chánh, Nhà mặt phố tại đường Văn Tiến Dũng",193.0,5.0,10.0,Không xác định,Không xác định,1.0,2.0,Đã có sổ,Không xác định,12.5,26,Hồ Chí Minh,Bình Chánh,Nhà mặt phố tại đường Văn Tiến Dũng,0.06,>90 m²,>10 tỷ,10.7769,106.7009
"Đồng Nai, Nhơn Trạch, Nhà mặt phố tại đường D9",140.0,7.0,16.0,Đông - Bắc,Đông - Bắc,3.0,3.0,Đã có sổ,Không xác định,8.5,26,Đồng Nai,Nhơn Trạch,Nhà mặt phố tại đường D9,0.06,>90 m²,8-10 tỷ,10.9454,106.8248
"Đà Nẵng, Liên Chiểu, Nhà mặt phố tại đường Xuân Thiều 7",100.0,6.0,10.0,Đông - Nam,Không xác định,5.0,4.0,Đã có sổ,Không xác định,6.1,26,Đà Nẵng,Liên Chiểu,Nhà mặt phố tại đường Xuân Thiều 7,0.06,>90 m²,6-8 tỷ,16.0544,108.2022
"Hồ Chí Minh, Quận 6, Nhà mặt phố tại đường Cư Xá Phú Lâm A",160.0,4.0,10.0,Không xác định,Không xác định,3.0,2.0,Đã có sổ,Không xác định,13.0,26,Hồ Chí Minh,Quận 6,Nhà mặt phố tại đường Cư Xá Phú Lâm A,0.08,>90 m²,>10 tỷ,10.7769,106.7009
"Hồ Chí Minh, Quận 12, Nhà mặt phố tại Khu dân cư An Sương",105.0,7.0,7.0,Đông,Đông,5.0,4.0,Không xác định,Không xác định,13.0,26,Hồ Chí Minh,Quận 12,Nhà mặt phố tại Khu dân cư An Sương,0.12,>90 m²,>10 tỷ,10.7769,106.7009
"Đà Nẵng, Liên Chiểu, Nhà mặt phố tại đường B1 Hồng Phước(Hồng Phước 4)",79.0,5.0,7.5,Đông - Bắc,Đông - Bắc,2.0,1.0,Đã có sổ,Đầy đủ,4.2,26,Đà Nẵng,Liên Chiểu,Nhà mặt phố tại đường B1 Hồng Phước(Hồng Phước 4),0.05,70-90 m²,4-6 tỷ,16.0544,108.2022
"Hồ Chí Minh, Tân Bình, Nhà mặt phố tại đường Hoàng Việt",174.0,6.5,12.0,Không xác định,Không xác định,8.0,7.0,Đã có sổ,Cơ bản,23.0,26,Hồ Chí Minh,Tân Bình,Nhà mặt phố tại đường Hoàng Việt,0.13,>90 m²,>10 tỷ,10.7769,106.7009
"Hồ Chí Minh, Quận 1, Nhà mặt phố tại đường Nguyễn Phi Khanh",60.0,6.0,10.0,Không xác định,Không xác định,4.0,4.0,Không xác định,Không xác định,19.0,25,Hồ Chí Minh,Quận 1,Nhà mặt phố tại đường Nguyễn Phi Khanh,0.32,50-70 m²,>10 tỷ,10.7769,106.7009
"Hồ Chí Minh, Tân Bình, Nhà mặt phố tại đường Hoàng Hoa Thám",142.0,4.0,15.0,Không xác định,Không xác định,1.0,1.0,Đã có sổ,Không xác định,35.0,25,Hồ Chí Minh,Tân Bình,Nhà mặt phố tại đường Hoàng Hoa Thám,0.25,>90 m²,>10 tỷ,10.7769,106.7009
"Vĩnh Phúc, Vĩnh Yên, Nhà mặt phố tại phố Tôn Đức Thắng",100.0,6.0,23.0,Đông - Nam,Đông - Nam,5.0,3.0,Đã có sổ,Không xác định,8.5,25,Vĩnh Phúc,Vĩnh Yên,Nhà mặt phố tại phố Tôn Đức Thắng,0.08,>90 m²,8-10 tỷ,21.3083,105.6042
"Hồ Chí Minh, Gò Vấp, Nhà mặt phố tại đường Phạm Văn Chiêu",39.8,3.04,15.0,Đông - Nam,Không xác định,1.0,1.0,Đã có sổ,Không xác định,7.0,25,Hồ Chí Minh,Gò Vấp,Nhà mặt phố tại đường Phạm Văn Chiêu,0.18,30-50 m²,6-8 tỷ,10.7769,106.7009
"Hà Nội, Cầu Giấy, Nhà mặt phố tại đường Hồ Tùng Mậu",111.0,12.0,10.0,Không xác định,Không xác định,3.0,2.0,Đã có sổ,Không xác định,66.0,25,Hà Nội,Cầu Giấy,Nhà mặt phố tại đường Hồ Tùng Mậu,0.59,>90 m²,>10 tỷ,21.0285,105.8542
"Hồ Chí Minh, Quận 7, Nhà mặt phố tại Khu đô thị Nam Long",130.0,6.0,10.0,Không xác định,Không xác định,14.0,15.0,Đã có sổ,Đầy đủ,28.0,25,Hồ Chí Minh,Quận 7,Nhà mặt phố tại Khu đô thị Nam Long,0.22,>90 m²,>10 tỷ,10.7769,106.7009
"Hà Nội, Đông Anh, Nhà mặt phố tại đường Cao Lỗ",84.8,4.7,10.0,Không xác định,Không xác định,3.0,3.0,Đã có sổ,Không xác định,16.2,27,Hà Nội,Đông Anh,Nhà mặt phố tại đường Cao Lỗ,0.19,70-90 m²,>10 tỷ,21.0285,105.8542
"Đà Nẵng, Ngũ Hành Sơn, Nhà mặt phố tại đường Lê Quang Đạo",160.0,6.0,10.0,Không xác định,Không xác định,3.0,2.0,Không xác định,Không xác định,57.0,27,Đà Nẵng,Ngũ Hành Sơn,Nhà mặt phố tại đường Lê Quang Đạo,0.36,>90 m²,>10 tỷ,16.0544,108.2022
"Hà Nội, Đống Đa, Nhà mặt phố tại phố Mai Anh Tuấn",100.0,6.37,10.0,Không xác định,Không xác định,6.0,8.0,Đã có sổ,Đầy đủ,70.5,27,Hà Nội,Đống Đa,Nhà mặt phố tại phố Mai Anh Tuấn,0.7,>90 m²,>10 tỷ,21.0285,105.8542
"Hồ Chí Minh, Bình Thạnh, Nhà mặt phố tại đường Nguyễn Văn Đậu",100.0,6.0,10.0,Không xác định,Không xác định,3.0,2.0,Đã có sổ,Không xác định,23.0,28,Hồ Chí Minh,Bình Thạnh,Nhà mặt phố tại đường Nguyễn Văn Đậu,0.23,>90 m²,>10 tỷ,10.7769,106.7009
"Hồ Chí Minh, Quận 11, Nhà mặt phố tại đường Tạ Uyên",84.0,6.0,10.0,Tây,Tây - Nam,8.0,8.0,Đã có sổ,Không xác định,25.0,28,Hồ Chí Minh,Quận 11,Nhà mặt phố tại đường Tạ Uyên,0.3,70-90 m²,>10 tỷ,10.7769,106.7009
"Đà Nẵng, Ngũ Hành Sơn, Nhà mặt phố tại đường An Thượng 11",75.0,5.0,5.0,Không xác định,Không xác định,4.0,3.0,Đã có sổ,Cơ bản,19.2,28,Đà Nẵng,Ngũ Hành Sơn,Nhà mặt phố tại đường An Thượng 11,0.26,70-90 m²,>10 tỷ,16.0544,108.2022
"Cần Thơ, Bình Thủy, Nhà mặt phố tại đường Lê Thị Hồng Gấm",106.0,4.75,7.0,Đông - Nam,Đông - Nam,2.0,1.0,Đã có sổ,Không xác định,1.99,28,Cần Thơ,Bình Thủy,Nhà mặt phố tại đường Lê Thị Hồng Gấm,0.02,>90 m²,<4 tỷ,10.0452,105.7469
"Hồ Chí Minh, Quận 12, Nhà mặt phố tại đường Thới An 3",66.1,4.3,20.0,Không xác định,Không xác định,2.0,2.0,Đã có sổ,Cơ bản,5.0,28,Hồ Chí Minh,Quận 12,Nhà mặt phố tại đường Thới An 3,0.08,50-70 m²,4-6 tỷ,10.7769,106.7009
"Hồ Chí Minh, Phú Nhuận, Nhà mặt phố tại đường Huỳnh Văn Bánh",62.5,3.6,16.0,Nam,Nam,5.0,6.0,Đã có sổ,Cơ bản,20.9,28,Hồ Chí Minh,Phú Nhuận,Nhà mặt phố tại đường Huỳnh Văn Bánh,0.33,50-70 m²,>10 tỷ,10.7769,106.7009
"Hồ Chí Minh, Bình Tân, Nhà mặt phố tại đường Nguyễn Cửu Phú",88.0,4.0,10.0,Tây,Tây,10.0,10.0,Đã có sổ,Không xác định,15.0,28,Hồ Chí Minh,Bình Tân,Nhà mặt phố tại đường Nguyễn Cửu Phú,0.17,70-90 m²,>10 tỷ,10.7769,106.7009
"Khánh Hòa, Nha Trang, Nhà mặt phố tại đường Cửu Long",345.0,6.0,10.0,Không xác định,Không xác định,3.0,2.0,Đã có sổ,Đầy đủ,45.0,28,Khánh Hòa,Nha Trang,Nhà mặt phố tại đường Cửu Long,0.13,>90 m²,>10 tỷ,12.2388,109.1967
"Bà Rịa Vũng Tàu, Vũng Tàu, Nhà mặt phố tại đường Nguyễn Tri Phương",32.0,4.0,30.0,Tây - Nam,Không xác định,3.0,3.0,Đã có sổ,Không xác định,8.0,22,Bà Rịa Vũng Tàu,Vũng Tàu,Nhà mặt phố tại đường Nguyễn Tri Phương,0.25,30-50 m²,6-8 tỷ,10.4114,107.1362
"Hồ Chí Minh, Bình Tân, Nhà mặt phố tại đường Số 1A",126.0,6.0,15.0,Không xác định,Không xác định,5.0,5.0,Đã có sổ,Đầy đủ,16.8,28,Hồ Chí Minh,Bình Tân,Nhà mặt phố tại đường Số 1A,0.13,>90 m²,>10 tỷ,10.7769,106.7009
"Lâm Đồng, Đà Lạt, Nhà mặt phố tại đường Hà Huy Tập",318.0,13.0,6.0,Không xác định,Không xác định,30.0,30.0,Đã có sổ,Đầy đủ,30.0,13,Lâm Đồng,Đà Lạt,Nhà mặt phố tại đường Hà Huy Tập,0.09,>90 m²,>10 tỷ,11.9404,108.4583
"Hà Nội, Long Biên, Nhà mặt phố tại Noble Palace Long Biên",150.0,6.0,10.0,Không xác định,Không xác định,5.0,4.0,Đã có sổ,Không xác định,46.0,27,Hà Nội,Long Biên,Nhà mặt phố tại Noble Palace Long Biên,0.31,>90 m²,>10 tỷ,21.0285,105.8542
"Hồ Chí Minh, Quận 8, Nhà mặt phố tại KDC Chợ Bình Điền",110.0,5.0,20.0,Nam,Nam,3.0,2.0,Đã có sổ,Cơ bản,11.5,27,Hồ Chí Minh,Quận 8,Nhà mặt phố tại KDC Chợ Bình Điền,0.1,>90 m²,>10 tỷ,10.7769,106.7009
"Đà Nẵng, Sơn Trà, Nhà mặt phố tại đường An Thượng 22",90.0,6.0,10.0,Đông,Không xác định,14.0,15.0,Đã có sổ,Đầy đủ,0.33,27,Đà Nẵng,Sơn Trà,Nhà mặt phố tại đường An Thượng 22,0.0,70-90 m²,<4 tỷ,16.0544,108.2022
"Hồ Chí Minh, Củ Chi, Nhà mặt phố tại đường 538",3000.0,10.0,15.0,Đông,Nam,3.0,3.0,Đã có sổ,Đầy đủ,0.01,27,Hồ Chí Minh,Củ Chi,Nhà mặt phố tại đường 538,0.0,>90 m²,<4 tỷ,10.7769,106.7009
"Hà Nội, Hoàng Mai, Nhà mặt phố tại đường Đền Lừ",100.0,8.0,30.0,Đông - Nam,Đông - Nam,7.0,7.0,Đã có sổ,Đầy đủ,70.0,27,Hà Nội,Hoàng Mai,Nhà mặt phố tại đường Đền Lừ,0.7,>90 m²,>10 tỷ,21.0285,105.8542
"Đà Nẵng, Sơn Trà, Nhà mặt phố tại đường Lý Đạo Thành",100.0,7.5,4.0,Tây - Bắc,Tây - Bắc,4.0,2.0,Không xác định,Cơ bản,8.9,27,Đà Nẵng,Sơn Trà,Nhà mặt phố tại đường Lý Đạo Thành,0.09,>90 m²,8-10 tỷ,16.0544,108.2022
"Đà Nẵng, Liên Chiểu, Nhà mặt phố tại đường Mê Linh",99.5,6.0,33.0,Tây - Bắc,Tây - Bắc,3.0,4.0,Không xác định,Không xác định,7.25,27,Đà Nẵng,Liên Chiểu,Nhà mặt phố tại đường Mê Linh,0.07,>90 m²,6-8 tỷ,16.0544,108.2022
"Đà Nẵng, Hải Châu, Nhà mặt phố tại đường Duy Tân",91.0,5.0,10.0,Tây - Nam,Không xác định,4.0,4.0,Đã có sổ,Đầy đủ,16.9,27,Đà Nẵng,Hải Châu,Nhà mặt phố tại đường Duy Tân,0.19,>90 m²,>10 tỷ,16.0544,108.2022
"Lào Cai, Sa Pa, Nhà mặt phố tại đường Fansipan",405.0,19.0,7.0,Nam,Đông - Nam,22.0,20.0,Đã có sổ,Đầy đủ,25.0,29,Lào Cai,Sa Pa,Nhà mặt phố tại đường Fansipan,0.06,>90 m²,>10 tỷ,22.4856,103.9707
"Bà Rịa Vũng Tàu, Vũng Tàu, Nhà mặt phố tại đường Nam Kỳ Khởi Nghĩa",298.0,7.4,35.0,Tây - Bắc,Không xác định,9.0,4.0,Đã có sổ,Đầy đủ,35.0,29,Bà Rịa Vũng Tàu,Vũng Tàu,Nhà mặt phố tại đường Nam Kỳ Khởi Nghĩa,0.12,>90 m²,>10 tỷ,10.4114,107.1362
"Lâm Đồng, Bảo Lộc, Nhà mặt phố tại đường Quốc Lộ 20",139.0,20.0,15.0,Tây - Bắc,Không xác định,2.0,1.0,Đã có sổ,Cơ bản,8.0,29,Lâm Đồng,Bảo Lộc,Nhà mặt phố tại đường Quốc Lộ 20,0.06,>90 m²,6-8 tỷ,11.9404,108.4583
"Hồ Chí Minh, Quận 8, Nhà mặt phố tại đường Hưng Phú",29.7,6.0,10.0,Bắc,Không xác định,3.0,2.0,Đã có sổ,Đầy đủ,11.85,29,Hồ Chí Minh,Quận 8,Nhà mặt phố tại đường Hưng Phú,0.4,<30 m²,>10 tỷ,10.7769,106.7009
"Đà Nẵng, Cẩm Lệ, Nhà mặt phố tại đường Lê Hy",100.0,5.0,7.5,Tây - Bắc,Không xác định,2.0,2.0,Đã có sổ,Không xác định,5.5,29,Đà Nẵng,Cẩm Lệ,Nhà mặt phố tại đường Lê Hy,0.06,>90 m²,4-6 tỷ,16.0544,108.2022
"Lào Cai, Sa Pa, Nhà mặt phố tại đường Fansipan",130.0,6.0,10.0,Đông - Nam,Tây - Nam,15.0,16.0,Đã có sổ,Đầy đủ,18.0,29,Lào Cai,Sa Pa,Nhà mặt phố tại đường Fansipan,0.14,>90 m²,>10 tỷ,22.4856,103.9707
"Quảng Ninh, Vân Đồn, Nhà mặt phố tại xã Minh Châu",352.0,40.0,24.0,Đông - Bắc,Đông - Bắc,18.0,19.0,Đã có sổ,Đầy đủ,0.2,29,Quảng Ninh,Vân Đồn,Nhà mặt phố tại xã Minh Châu,0.0,>90 m²,<4 tỷ,21.0069,107.2925
"Tiền Giang, Gò Công, Nhà mặt phố tại đường Số 3",279.0,35.0,10.0,Đông - Bắc,Tây - Bắc,2.0,3.0,Đã có sổ,Cơ bản,16.5,27,Tiền Giang,Gò Công,Nhà mặt phố tại đường Số 3,0.06,>90 m²,>10 tỷ,10.4493,106.3422
"Lâm Đồng, Đà Lạt, Nhà mặt phố tại đường Tô Hiến Thành",80.0,4.0,10.0,Không xác định,Không xác định,17.0,17.0,Đã có sổ,Không xác định,15.0,29,Lâm Đồng,Đà Lạt,Nhà mặt phố tại đường Tô Hiến Thành,0.19,70-90 m²,>10 tỷ,11.9404,108.4583
"Khánh Hòa, Vạn Ninh, Nhà mặt phố tại đường Quốc lộ 1A",911.6,18.0,30.0,Tây - Bắc,Không xác định,3.0,2.0,Đã có sổ,Đầy đủ,8.0,29,Khánh Hòa,Vạn Ninh,Nhà mặt phố tại đường Quốc lộ 1A,0.01,>90 m²,6-8 tỷ,12.2388,109.1967
"Hồ Chí Minh, Phú Nhuận, Nhà mặt phố tại đường Trần Khắc Chân",68.0,4.0,10.0,Không xác định,Không xác định,3.0,2.0,Đã có sổ,Không xác định,12.8,24,Hồ Chí Minh,Phú Nhuận,Nhà mặt phố tại đường Trần Khắc Chân,0.19,50-70 m²,>10 tỷ,10.7769,106.7009
"Hải Phòng, Lê Chân, Nhà mặt phố tại đường Cầu Cáp",45.0,3.5,7.0,Bắc,Bắc,4.0,3.0,Đã có sổ,Cơ bản,5.65,29,Hải Phòng,Lê Chân,Nhà mặt phố tại đường Cầu Cáp,0.13,30-50 m²,4-6 tỷ,20.8449,106.6881
"Hải Phòng, Hải An, Nhà mặt phố tại đường Lũng Đông",124.0,7.7,11.0,Đông - Nam,Đông - Nam,5.0,4.0,Đã có sổ,Cơ bản,11.7,29,Hải Phòng,Hải An,Nhà mặt phố tại đường Lũng Đông,0.09,>90 m²,>10 tỷ,20.8449,106.6881
"Hải Phòng, Lê Chân, Nhà mặt phố tại đường Dân Lập",82.2,18.0,9.0,Đông - Bắc,Đông - Bắc,5.0,4.0,Đã có sổ,Cơ bản,14.3,29,Hải Phòng,Lê Chân,Nhà mặt phố tại đường Dân Lập,0.17,70-90 m²,>10 tỷ,20.8449,106.6881
"Hải Phòng, Lê Chân, Nhà mặt phố tại đường Hàng Kênh",54.4,4.0,11.0,Tây - Nam,Tây - Nam,4.0,4.0,Đã có sổ,Cơ bản,11.5,29,Hải Phòng,Lê Chân,Nhà mặt phố tại đường Hàng Kênh,0.21,50-70 m²,>10 tỷ,20.8449,106.6881
"Hải Phòng, Lê Chân, Nhà mặt phố tại phố Trần Nguyên Hãn",76.0,4.2,11.0,Tây - Bắc,Tây - Bắc,6.0,6.0,Đã có sổ,Cơ bản,13.8,29,Hải Phòng,Lê Chân,Nhà mặt phố tại phố Trần Nguyên Hãn,0.18,70-90 m²,>10 tỷ,20.8449,106.6881
"Hải Phòng, Lê Chân, Nhà mặt phố tại đường Nguyễn Công Trứ",91.1,4.4,11.0,Nam,Nam,4.0,3.0,Đã có sổ,Cơ bản,10.5,28,Hải Phòng,Lê Chân,Nhà mặt phố tại đường Nguyễn Công Trứ,0.12,>90 m²,>10 tỷ,20.8449,106.6881
"Hồ Chí Minh, Quận 6, Nhà mặt phố tại đường An Dương Vương",127.0,3.8,20.0,Không xác định,Không xác định,2.0,3.0,Đã có sổ,Đầy đủ,17.8,28,Hồ Chí Minh,Quận 6,Nhà mặt phố tại đường An Dương Vương,0.14,>90 m²,>10 tỷ,10.7769,106.7009
"Hải Phòng, Hồng Bàng, Nhà mặt phố tại đường Trần Hưng Đạo",90.0,8.0,40.0,Đông - Nam,Đông - Nam,9.0,9.0,Đã có sổ,Đầy đủ,33.0,28,Hải Phòng,Hồng Bàng,Nhà mặt phố tại đường Trần Hưng Đạo,0.37,70-90 m²,>10 tỷ,20.8449,106.6881
"Cần Thơ, Ninh Kiều, Nhà mặt phố tại đường Ung Văn Khiêm",64.0,6.0,10.0,Không xác định,Không xác định,3.0,2.0,Đã có sổ,Không xác định,13.0,29,Cần Thơ,Ninh Kiều,Nhà mặt phố tại đường Ung Văn Khiêm,0.2,50-70 m²,>10 tỷ,10.0452,105.7469
"Đà Nẵng, Liên Chiểu, Nhà mặt phố tại đường Đồng Xoài",80.0,5.0,7.5,Tây - Bắc,Không xác định,3.0,2.0,Đã có sổ,Không xác định,5.5,29,Đà Nẵng,Liên Chiểu,Nhà mặt phố tại đường Đồng Xoài,0.07,70-90 m²,4-6 tỷ,16.0544,108.2022
"Hồ Chí Minh, Quận 3, Nhà mặt phố tại đường Nguyễn Thị Minh Khai",743.0,17.0,10.0,Không xác định,Không xác định,3.0,2.0,Đã có sổ,Không xác định,400.0,29,Hồ Chí Minh,Quận 3,Nhà mặt phố tại đường Nguyễn Thị Minh Khai,0.54,>90 m²,>10 tỷ,10.7769,106.7009
"Hồ Chí Minh, Thủ Đức, Nhà mặt phố tại đường Quốc Lộ 13",52.0,6.0,10.0,Không xác định,Không xác định,3.0,2.0,Không xác định,Không xác định,7.65,29,Hồ Chí Minh,Thủ Đức,Nhà mặt phố tại đường Quốc Lộ 13,0.15,50-70 m²,6-8 tỷ,10.7769,106.7009
"Hồ Chí Minh, Quận 1, Nhà mặt phố tại đường Lê Thánh Tôn",300.0,12.0,30.0,Không xác định,Không xác định,70.0,76.0,Đã có sổ,Đầy đủ,600.0,29,Hồ Chí Minh,Quận 1,Nhà mặt phố tại đường Lê Thánh Tôn,2.0,>90 m²,>10 tỷ,10.7769,106.7009
"Hồ Chí Minh, Quận 1, Nhà mặt phố tại đường Nguyễn Trãi",183.0,8.0,30.0,Không xác định,Không xác định,2.0,4.0,Đã có sổ,Cơ bản,100.0,29,Hồ Chí Minh,Quận 1,Nhà mặt phố tại đường Nguyễn Trãi,0.55,>90 m²,>10 tỷ,10.7769,106.7009
"Hồ Chí Minh, Quận 1, Nhà mặt phố tại đường Nguyễn Trãi",450.0,30.0,30.0,Không xác định,Không xác định,22.0,24.0,Đã có sổ,Đầy đủ,1.0,29,Hồ Chí Minh,Quận 1,Nhà mặt phố tại đường Nguyễn Trãi,0.0,>90 m²,<4 tỷ,10.7769,106.7009
"Hồ Chí Minh, Quận 1, Nhà mặt phố tại đường Lê Thánh Tôn",249.0,10.0,30.0,Đông - Nam,Không xác định,12.0,16.0,Đã có sổ,Đầy đủ,380.0,29,Hồ Chí Minh,Quận 1,Nhà mặt phố tại đường Lê Thánh Tôn,1.53,>90 m²,>10 tỷ,10.7769,106.7009
"Hồ Chí Minh, Quận 1, Nhà mặt phố tại đường Pasteur",260.0,18.0,30.0,Không xác định,Không xác định,4.0,5.0,Đã có sổ,Đầy đủ,360.0,29,Hồ Chí Minh,Quận 1,Nhà mặt phố tại đường Pasteur,1.38,>90 m²,>10 tỷ,10.7769,106.7009
"Hồ Chí Minh, Quận 1, Nhà mặt phố tại đường Nguyễn Văn Thủ",812.8,30.0,30.0,Không xác định,Không xác định,30.0,35.0,Đã có sổ,Không xác định,499.0,29,Hồ Chí Minh,Quận 1,Nhà mặt phố tại đường Nguyễn Văn Thủ,0.61,>90 m²,>10 tỷ,10.7769,106.7009
"Đà Nẵng, Sơn Trà, Nhà mặt phố tại đường Trần Nhân Tông",110.0,23.0,15.5,Đông,Đông,7.0,7.0,Đã có sổ,Đầy đủ,21.0,29,Đà Nẵng,Sơn Trà,Nhà mặt phố tại đường Trần Nhân Tông,0.19,>90 m²,>10 tỷ,16.0544,108.2022
"Hồ Chí Minh, Bình Chánh, Nhà mặt phố tại đường Hoàng Phan Thái",100.0,30.0,10.0,Không xác định,Không xác định,3.0,2.0,Đã có sổ,Không xác định,4.9,29,Hồ Chí Minh,Bình Chánh,Nhà mặt phố tại đường Hoàng Phan Thái,0.05,>90 m²,4-6 tỷ,10.7769,106.7009
"Hồ Chí Minh, Quận 3, Nhà mặt phố tại phố Hai Bà Trưng",225.0,9.0,10.0,Không xác định,Không xác định,3.0,2.0,Đã có sổ,Đầy đủ,180.0,29,Hồ Chí Minh,Quận 3,Nhà mặt phố tại phố Hai Bà Trưng,0.8,>90 m²,>10 tỷ,10.7769,106.7009
"Thừa Thiên Huế, Huế, Nhà mặt phố tại đường Hùng Vương",119.0,6.0,10.0,Không xác định,Không xác định,3.0,2.0,Không xác định,Không xác định,32.0,29,Thừa Thiên Huế,Huế,Nhà mặt phố tại đường Hùng Vương,0.27,>90 m²,>10 tỷ,16.4637,107.5909
"Long An, Tân An, Nhà mặt phố tại đường Quốc lộ 1A",393.6,4.0,10.0,Không xác định,Không xác định,3.0,2.0,Đã có sổ,Đầy đủ,12.5,29,Long An,Tân An,Nhà mặt phố tại đường Quốc lộ 1A,0.03,>90 m²,>10 tỷ,10.536,106.4099
"Khánh Hòa, Nha Trang, Nhà mặt phố tại đường Lý Thái Tổ",160.0,8.0,20.0,Nam,Nam,6.0,4.0,Đã có sổ,Không xác định,16.8,29,Khánh Hòa,Nha Trang,Nhà mặt phố tại đường Lý Thái Tổ,0.11,>90 m²,>10 tỷ,12.2388,109.1967
"Thừa Thiên Huế, Huế, Nhà mặt phố tại Phú Xuân City",202.5,10.0,16.5,Không xác định,Tây,5.0,5.0,Đã có sổ,Đầy đủ,17.5,29,Thừa Thiên Huế,Huế,Nhà mặt phố tại Phú Xuân City,0.09,>90 m²,>10 tỷ,16.4637,107.5909
"Đồng Nai, Biên Hòa, Nhà mặt phố tại đường Phạm Văn Thuận",421.0,6.3,10.0,Nam,Nam,7.0,5.0,Đã có sổ,Cơ bản,30.0,29,Đồng Nai,Biên Hòa,Nhà mặt phố tại đường Phạm Văn Thuận,0.07,>90 m²,>10 tỷ,10.9454,106.8248
"Hồ Chí Minh, Quận 6, Nhà mặt phố tại đường Lý Chiêu Hoàng",70.0,4.0,22.0,Không xác định,Không xác định,6.0,6.0,Đã có sổ,Đầy đủ,12.9,29,Hồ Chí Minh,Quận 6,Nhà mặt phố tại đường Lý Chiêu Hoàng,0.18,50-70 m²,>10 tỷ,10.7769,106.7009
"Đà Nẵng, Ngũ Hành Sơn, Nhà mặt phố tại Khu đô thị Hòa Quý",100.0,5.0,7.5,Đông - Bắc,Đông - Bắc,2.0,1.0,Đã có sổ,Cơ bản,5.9,29,Đà Nẵng,Ngũ Hành Sơn,Nhà mặt phố tại Khu đô thị Hòa Quý,0.06,>90 m²,4-6 tỷ,16.0544,108.2022
"Hồ Chí Minh, Bình Tân, Nhà mặt phố tại đường Lê Cơ",126.0,6.0,10.0,Không xác định,Không xác định,3.0,2.0,Đã có sổ,Đầy đủ,17.5,30,Hồ Chí Minh,Bình Tân,Nhà mặt phố tại đường Lê Cơ,0.14,>90 m²,>10 tỷ,10.7769,106.7009
"Hồ Chí Minh, Quận 1, Nhà mặt phố tại đường Nguyễn Trãi",235.46,12.0,30.0,Đông - Nam,Không xác định,65.0,67.0,Đã có sổ,Đầy đủ,450.0,30,Hồ Chí Minh,Quận 1,Nhà mặt phố tại đường Nguyễn Trãi,1.91,>90 m²,>10 tỷ,10.7769,106.7009
"Hà Nội, Long Biên, Nhà mặt phố tại đường Ngô Gia Tự",65.2,2.8,50.0,Không xác định,Không xác định,4.0,3.0,Đã có sổ,Không xác định,16.6,30,Hà Nội,Long Biên,Nhà mặt phố tại đường Ngô Gia Tự,0.25,50-70 m²,>10 tỷ,21.0285,105.8542
"Hồ Chí Minh, Quận 6, Nhà mặt phố tại đường Số 44",80.0,4.0,16.0,Không xác định,Không xác định,5.0,5.0,Đã có sổ,Đầy đủ,11.2,29,Hồ Chí Minh,Quận 6,Nhà mặt phố tại đường Số 44,0.14,70-90 m²,>10 tỷ,10.7769,106.7009
"Hồ Chí Minh, Tân Phú, Nhà mặt phố tại đường Ỷ Lan",116.0,6.0,10.0,Không xác định,Không xác định,3.0,3.0,Đã có sổ,Không xác định,10.5,30,Hồ Chí Minh,Tân Phú,Nhà mặt phố tại đường Ỷ Lan,0.09,>90 m²,>10 tỷ,10.7769,106.7009
"Hồ Chí Minh, Tân Phú, Nhà mặt phố tại đường Lê Sao",81.0,4.5,13.0,Không xác định,Không xác định,3.0,3.0,Đã có sổ,Không xác định,9.5,30,Hồ Chí Minh,Tân Phú,Nhà mặt phố tại đường Lê Sao,0.12,70-90 m²,8-10 tỷ,10.7769,106.7009
"Hà Nội, Long Biên, Nhà mặt phố tại Khu đô thị Sài Đồng",222.0,16.0,30.0,Không xác định,Không xác định,6.0,6.0,Đã có sổ,Cơ bản,48.0,30,Hà Nội,Long Biên,Nhà mặt phố tại Khu đô thị Sài Đồng,0.22,>90 m²,>10 tỷ,21.0285,105.8542
"Hồ Chí Minh, Quận 4, Nhà mặt phố tại đường Hoàng Diệu",105.0,4.5,40.0,Không xác định,Không xác định,10.0,10.0,Đã có sổ,Đầy đủ,58.0,30,Hồ Chí Minh,Quận 4,Nhà mặt phố tại đường Hoàng Diệu,0.55,>90 m²,>10 tỷ,10.7769,106.7009
"Hà Nội, Long Biên, Nhà mặt phố tại đường Ngô Gia Tự",97.0,4.4,10.0,Không xác định,Không xác định,3.0,2.0,Đã có sổ,Cơ bản,33.0,30,Hà Nội,Long Biên,Nhà mặt phố tại đường Ngô Gia Tự,0.34,>90 m²,>10 tỷ,21.0285,105.8542
"Bình Dương, Dĩ An, Nhà mặt phố tại đường Nguyễn Đức Thiệu",160.0,6.0,13.0,Tây - Nam,Không xác định,2.0,3.0,Đã có sổ,Cơ bản,7.7,30,Bình Dương,Dĩ An,Nhà mặt phố tại đường Nguyễn Đức Thiệu,0.05,>90 m²,6-8 tỷ,11.1604,106.6508
"Khánh Hòa, Nha Trang, Nhà mặt phố tại đường Lý Thái Tổ",60.0,5.0,25.0,Nam,Không xác định,11.0,2.0,Không xác định,Đầy đủ,16.0,30,Khánh Hòa,Nha Trang,Nhà mặt phố tại đường Lý Thái Tổ,0.27,50-70 m²,>10 tỷ,12.2388,109.1967
"Hà Nội, Hoàng Mai, Nhà mặt phố tại phường Đại Kim",53.2,4.2,12.0,Tây - Bắc,Tây - Bắc,4.0,7.0,Đã có sổ,Không xác định,33.0,30,Hà Nội,Hoàng Mai,Nhà mặt phố tại phường Đại Kim,0.62,50-70 m²,>10 tỷ,21.0285,105.8542
"Hồ Chí Minh, Quận 8, Nhà mặt phố tại đường Phạm Thế Hiển",111.0,7.0,12.0,Không xác định,Không xác định,8.0,9.0,Đã có sổ,Đầy đủ,19.48,30,Hồ Chí Minh,Quận 8,Nhà mặt phố tại đường Phạm Thế Hiển,0.18,>90 m²,>10 tỷ,10.7769,106.7009
"Hồ Chí Minh, Tân Bình, Nhà mặt phố tại đường Huỳnh Văn Nghệ",98.7,6.0,10.0,Đông - Bắc,Đông - Bắc,3.0,3.0,Đã có sổ,Đầy đủ,10.5,30,Hồ Chí Minh,Tân Bình,Nhà mặt phố tại đường Huỳnh Văn Nghệ,0.11,>90 m²,>10 tỷ,10.7769,106.7009
"An Giang, Long Xuyên, Nhà mặt phố tại đường Trần Hưng Đạo",300.0,6.6,24.0,Không xác định,Không xác định,2.0,1.0,Đã có sổ,Không xác định,8.5,30,An Giang,Long Xuyên,Nhà mặt phố tại đường Trần Hưng Đạo,0.03,>90 m²,8-10 tỷ,10.3759,105.4185
"Hồ Chí Minh, Gò Vấp, Nhà mặt phố tại đường Huỳnh Khương An",40.0,4.0,10.0,Đông - Nam,Đông,2.0,3.0,Đã có sổ,Đầy đủ,10.3,30,Hồ Chí Minh,Gò Vấp,Nhà mặt phố tại đường Huỳnh Khương An,0.26,30-50 m²,>10 tỷ,10.7769,106.7009
"An Giang, Long Xuyên, Nhà mặt phố tại đường Trần Hưng Đạo",195.0,6.0,10.0,Không xác định,Không xác định,3.0,2.0,Đã có sổ,Không xác định,17.0,30,An Giang,Long Xuyên,Nhà mặt phố tại đường Trần Hưng Đạo,0.09,>90 m²,>10 tỷ,10.3759,105.4185
"Đà Nẵng, Thanh Khê, Nhà mặt phố tại đường Tôn Đản",81.0,4.5,7.0,Đông,Không xác định,3.0,2.0,Đã có sổ,Cơ bản,6.7,30,Đà Nẵng,Thanh Khê,Nhà mặt phố tại đường Tôn Đản,0.08,70-90 m²,6-8 tỷ,16.0544,108.2022
"Hà Nội, Thanh Trì, Nhà mặt phố tại đường Quốc lộ 1A",102.0,3.8,10.0,Tây,Không xác định,3.0,2.0,Đã có sổ,Không xác định,18.5,30,Hà Nội,Thanh Trì,Nhà mặt phố tại đường Quốc lộ 1A,0.18,>90 m²,>10 tỷ,21.0285,105.8542
"Đồng Nai, Biên Hòa, Nhà mặt phố tại Aqua City",117.0,6.0,11.0,Bắc,Bắc,3.0,4.0,Không xác định,Không xác định,5.9,30,Đồng Nai,Biên Hòa,Nhà mặt phố tại Aqua City,0.05,>90 m²,4-6 tỷ,10.9454,106.8248
"Lâm Đồng, Đà Lạt, Nhà mặt phố tại đường Trần Nhật Duật",99.75,5.25,7.0,Không xác định,Không xác định,3.0,2.0,Đã có sổ,Không xác định,12.5,30,Lâm Đồng,Đà Lạt,Nhà mặt phố tại đường Trần Nhật Duật,0.13,>90 m²,>10 tỷ,11.9404,108.4583
"Hồ Chí Minh, Gò Vấp, Nhà mặt phố tại CityLand Park Hills",200.0,10.0,30.0,Bắc,Bắc,3.0,2.0,Đã có sổ,Đầy đủ,57.5,25,Hồ Chí Minh,Gò Vấp,Nhà mặt phố tại CityLand Park Hills,0.29,>90 m²,>10 tỷ,10.7769,106.7009
"Hồ Chí Minh, Gò Vấp, Nhà mặt phố tại Cityland Center Hills",121.0,6.5,10.0,Đông - Nam,Đông - Nam,3.0,2.0,Đã có sổ,Không xác định,36.0,25,Hồ Chí Minh,Gò Vấp,Nhà mặt phố tại Cityland Center Hills,0.3,>90 m²,>10 tỷ,10.7769,106.7009
"Hà Nội, Hà Đông, Nhà mặt phố tại đường Phan Đình Phùng",30.0,3.3,12.0,Đông - Nam,Đông - Nam,2.0,3.0,Đã có sổ,Cơ bản,13.6,30,Hà Nội,Hà Đông,Nhà mặt phố tại đường Phan Đình Phùng,0.45,<30 m²,>10 tỷ,21.0285,105.8542
"Hồ Chí Minh, Quận 1, Nhà mặt phố tại đường Nguyễn Trãi",235.0,12.0,10.0,Không xác định,Không xác định,65.0,65.0,Đã có sổ,Không xác định,450.0,30,Hồ Chí Minh,Quận 1,Nhà mặt phố tại đường Nguyễn Trãi,1.91,>90 m²,>10 tỷ,10.7769,106.7009
"Lào Cai, Lào Cai, Nhà mặt phố tại đường Hồng Hà",112.6,6.0,10.0,Không xác định,Không xác định,6.0,6.0,Đã có sổ,Đầy đủ,16.8,30,Lào Cai,Lào Cai,Nhà mặt phố tại đường Hồng Hà,0.15,>90 m²,>10 tỷ,22.4856,103.9707
"Quảng Nam, Tam Kỳ, Nhà mặt phố tại đường Phan Châu Trinh",160.0,5.2,30.0,Đông - Bắc,Không xác định,4.0,2.0,Không xác định,Không xác định,19.0,30,Quảng Nam,Tam Kỳ,Nhà mặt phố tại đường Phan Châu Trinh,0.12,>90 m²,>10 tỷ,15.5667,108.4833
"Hồ Chí Minh, Tân Phú, Nhà mặt phố tại đường Lê Đình Thám",71.0,6.0,8.0,Nam,Nam,3.0,3.0,Đã có sổ,Cơ bản,12.5,30,Hồ Chí Minh,Tân Phú,Nhà mặt phố tại đường Lê Đình Thám,0.18,70-90 m²,>10 tỷ,10.7769,106.7009
"Bắc Ninh, Từ Sơn, Nhà mặt phố tại Centa Riverside",100.0,5.0,15.0,Nam,Nam,5.0,5.0,Đã có sổ,Không xác định,7.0,29,Bắc Ninh,Từ Sơn,Nhà mặt phố tại Centa Riverside,0.07,>90 m²,6-8 tỷ,21.1861,106.0763
"Hồ Chí Minh, Tân Bình, Nhà mặt phố tại đường Trần Văn Hoàng",133.61,6.0,10.0,Không xác định,Không xác định,3.0,2.0,Không xác định,Không xác định,38.0,26,Hồ Chí Minh,Tân Bình,Nhà mặt phố tại đường Trần Văn Hoàng,0.28,>90 m²,>10 tỷ,10.7769,106.7009
"Bắc Ninh, Từ Sơn, Shophouse, nhà phố thương mại tại đường Nguyễn Văn Cừ",100.0,5.0,40.0,Bắc,Bắc,4.0,4.0,Đã có sổ,Không xác định,11.5,6,Bắc Ninh,Từ Sơn,"Shophouse, nhà phố thương mại tại đường Nguyễn Văn Cừ",0.12,>90 m²,>10 tỷ,21.1861,106.0763
"Hà Nội, Đông Anh, Shophouse, nhà phố thương mại tại Vinhomes Global Gate",85.0,6.0,10.0,Không xác định,Không xác định,3.0,2.0,Đã có sổ,Không xác định,39.0,5,Hà Nội,Đông Anh,"Shophouse, nhà phố thương mại tại Vinhomes Global Gate",0.46,70-90 m²,>10 tỷ,21.0285,105.8542
"Quảng Ninh, Hạ Long, Shophouse, nhà phố thương mại tại Sora Bay Hạ Long",120.0,6.0,10.0,Không xác định,Không xác định,3.0,2.0,Đã có sổ,Không xác định,15.0,5,Quảng Ninh,Hạ Long,"Shophouse, nhà phố thương mại tại Sora Bay Hạ Long",0.12,>90 m²,>10 tỷ,21.0069,107.2925
"Phú Thọ, Việt Trì, Shophouse, nhà phố thương mại tại đường Lạc Long Quân",98.0,7.0,32.0,Không xác định,Không xác định,3.0,2.0,Đã có sổ,Không xác định,9.0,15,Phú Thọ,Việt Trì,"Shophouse, nhà phố thương mại tại đường Lạc Long Quân",0.09,>90 m²,8-10 tỷ,21.3167,105.2167
"Hồ Chí Minh, Quận 2, Shophouse, nhà phố thương mại tại Diamond Island",933.0,6.0,10.0,Không xác định,Không xác định,3.0,2.0,Hợp đồng mua bán,Cơ bản,112.0,15,Hồ Chí Minh,Quận 2,"Shophouse, nhà phố thương mại tại Diamond Island",0.12,>90 m²,>10 tỷ,10.7769,106.7009
"Hồ Chí Minh, Quận 2, Shophouse, nhà phố thương mại tại Diamond Island",215.0,6.0,10.0,Không xác định,Không xác định,3.0,2.0,Hợp đồng mua bán,Cơ bản,32.0,15,Hồ Chí Minh,Quận 2,"Shophouse, nhà phố thương mại tại Diamond Island",0.15,>90 m²,>10 tỷ,10.7769,106.7009
"Đồng Nai, Biên Hòa, Shophouse, nhà phố thương mại tại Izumi Canaria",114.0,6.0,33.0,Tây - Nam,Đông - Bắc,3.0,2.0,Hợp đồng mua bán,Không xác định,10.3,13,Đồng Nai,Biên Hòa,"Shophouse, nhà phố thương mại tại Izumi Canaria",0.09,>90 m²,>10 tỷ,10.9454,106.8248
"Hà Nội, Đan Phượng, Shophouse, nhà phố thương mại tại Vinhomes Wonder City",120.0,8.0,17.0,Đông - Nam,Đông - Nam,8.0,8.0,Hợp đồng mua bán,Không xác định,23.5,12,Hà Nội,Đan Phượng,"Shophouse, nhà phố thương mại tại Vinhomes Wonder City",0.2,>90 m²,>10 tỷ,21.0285,105.8542
"Vĩnh Phúc, Phúc Yên, Shophouse, nhà phố thương mại tại Khu đô thị mới phường Xuân Hòa",100.0,5.0,16.0,Đông - Nam,Không xác định,3.0,2.0,Không xác định,Không xác định,4.3,11,Vĩnh Phúc,Phúc Yên,"Shophouse, nhà phố thương mại tại Khu đô thị mới phường Xuân Hòa",0.04,>90 m²,4-6 tỷ,21.3083,105.6042
"Vĩnh Phúc, Phúc Yên, Shophouse, nhà phố thương mại tại Khu đô thị mới Xuân Hòa",98.0,5.0,21.0,Tây - Nam,Bắc,3.0,2.0,Đã có sổ,Không xác định,0.05,11,Vĩnh Phúc,Phúc Yên,"Shophouse, nhà phố thương mại tại Khu đô thị mới Xuân Hòa",0.0,>90 m²,<4 tỷ,21.3083,105.6042
"Hồ Chí Minh, Quận 7, Shophouse, nhà phố thương mại tại Phú Mỹ Hưng",320.0,11.8,20.0,Không xác định,Không xác định,3.0,2.0,Đã có sổ,Không xác định,34.0,11,Hồ Chí Minh,Quận 7,"Shophouse, nhà phố thương mại tại Phú Mỹ Hưng",0.11,>90 m²,>10 tỷ,10.7769,106.7009
"Hải Phòng, Thủy Nguyên, Shophouse, nhà phố thương mại tại Emerald Symphony",80.0,6.0,10.0,Nam,Không xác định,3.0,2.0,Đã có sổ,Không xác định,8.4,4,Hải Phòng,Thủy Nguyên,"Shophouse, nhà phố thương mại tại Emerald Symphony",0.11,70-90 m²,8-10 tỷ,20.8449,106.6881
"Hải Phòng, Thủy Nguyên, Shophouse, nhà phố thương mại tại Emerald Symphony",90.0,6.0,10.0,Nam,Không xác định,3.0,2.0,Đã có sổ,Không xác định,8.57,4,Hải Phòng,Thủy Nguyên,"Shophouse, nhà phố thương mại tại Emerald Symphony",0.1,70-90 m²,8-10 tỷ,20.8449,106.6881
"Hà Nội, Nam Từ Liêm, Shophouse, nhà phố thương mại tại FLC Premier Parc Đại Mỗ",96.0,6.0,10.0,Không xác định,Không xác định,3.0,2.0,Hợp đồng mua bán,Không xác định,15.12,10,Hà Nội,Nam Từ Liêm,"Shophouse, nhà phố thương mại tại FLC Premier Parc Đại Mỗ",0.16,>90 m²,>10 tỷ,21.0285,105.8542
"Hải Phòng, Dương Kinh, Shophouse, nhà phố thương mại tại Vinhomes Golden City",112.5,7.0,10.0,Tây - Bắc,Không xác định,3.0,2.0,Hợp đồng mua bán,Không xác định,10.06,9,Hải Phòng,Dương Kinh,"Shophouse, nhà phố thương mại tại Vinhomes Golden City",0.09,>90 m²,>10 tỷ,20.8449,106.6881
"Hải Phòng, Thủy Nguyên, Shophouse, nhà phố thương mại tại Vinhomes Royal Island",90.0,6.0,10.0,Đông,Không xác định,3.0,2.0,Hợp đồng mua bán,Không xác định,10.8,9,Hải Phòng,Thủy Nguyên,"Shophouse, nhà phố thương mại tại Vinhomes Royal Island",0.12,70-90 m²,>10 tỷ,20.8449,106.6881
"Đắk Lắk, Buôn Ma Thuột, Shophouse, nhà phố thương mại tại Khu đô thị Ân Phú",100.0,5.0,30.0,Không xác định,Không xác định,4.0,3.0,Đã có sổ,Không xác định,6.39,9,Đắk Lắk,Buôn Ma Thuột,"Shophouse, nhà phố thương mại tại Khu đô thị Ân Phú",0.06,>90 m²,6-8 tỷ,12.6667,108.05
"Hà Nội, Hà Đông, Shophouse, nhà phố thương mại tại Khu đô thị Thanh Hà Mường Thanh",300.0,10.0,50.0,Không xác định,Không xác định,9.0,9.0,Đã có sổ,Đầy đủ,0.18,8,Hà Nội,Hà Đông,"Shophouse, nhà phố thương mại tại Khu đô thị Thanh Hà Mường Thanh",0.0,>90 m²,<4 tỷ,21.0285,105.8542
"Đà Nẵng, Sơn Trà, Shophouse, nhà phố thương mại tại Sun Ponte Residence Đà Nẵng",238.0,7.0,7.0,Đông,Đông,3.0,2.0,Hợp đồng mua bán,Không xác định,16.0,8,Đà Nẵng,Sơn Trà,"Shophouse, nhà phố thương mại tại Sun Ponte Residence Đà Nẵng",0.07,>90 m²,>10 tỷ,16.0544,108.2022
"Hà Nội, Nam Từ Liêm, Shophouse, nhà phố thương mại tại The Sakura - Vinhomes Smart City",78.0,6.0,10.0,Không xác định,Không xác định,3.0,2.0,Đã có sổ,Không xác định,22.0,8,Hà Nội,Nam Từ Liêm,"Shophouse, nhà phố thương mại tại The Sakura - Vinhomes Smart City",0.28,70-90 m²,>10 tỷ,21.0285,105.8542
"Hà Nội, Nam Từ Liêm, Shophouse, nhà phố thương mại tại The Sapphire-Vinhomes Smart City",54.0,6.0,10.0,Không xác định,Không xác định,3.0,2.0,Đã có sổ,Không xác định,16.5,8,Hà Nội,Nam Từ Liêm,"Shophouse, nhà phố thương mại tại The Sapphire-Vinhomes Smart City",0.31,50-70 m²,>10 tỷ,21.0285,105.8542
"Hà Nội, Nam Từ Liêm, Shophouse, nhà phố thương mại tại The Sapphire-Vinhomes Smart City",34.7,6.0,10.0,Không xác định,Không xác định,3.0,2.0,Đã có sổ,Không xác định,9.5,8,Hà Nội,Nam Từ Liêm,"Shophouse, nhà phố thương mại tại The Sapphire-Vinhomes Smart City",0.27,30-50 m²,8-10 tỷ,21.0285,105.8542
"Hà Nội, Nam Từ Liêm, Shophouse, nhà phố thương mại tại Vinhomes Smart City",43.0,6.0,10.0,Không xác định,Không xác định,3.0,2.0,Không xác định,Không xác định,8.8,7,Hà Nội,Nam Từ Liêm,"Shophouse, nhà phố thương mại tại Vinhomes Smart City",0.2,30-50 m²,8-10 tỷ,21.0285,105.8542
"Hải Phòng, Ngô Quyền, Shophouse, nhà phố thương mại tại Vincom Shophouse Lê Thánh Tông",80.0,6.0,10.0,Tây - Bắc,Tây - Bắc,7.0,4.0,Đã có sổ,Cơ bản,18.0,18,Hải Phòng,Ngô Quyền,"Shophouse, nhà phố thương mại tại Vincom Shophouse Lê Thánh Tông",0.22,70-90 m²,>10 tỷ,20.8449,106.6881
"Bắc Ninh, Từ Sơn, Shophouse, nhà phố thương mại tại Centa Riverside",120.0,6.0,16.0,Nam,Không xác định,3.0,2.0,Không xác định,Không xác định,7.8,17,Bắc Ninh,Từ Sơn,"Shophouse, nhà phố thương mại tại Centa Riverside",0.06,>90 m²,6-8 tỷ,21.1861,106.0763
"Bắc Ninh, Từ Sơn, Shophouse, nhà phố thương mại tại Vietsing Square",75.0,5.0,17.0,Tây,Không xác định,3.0,2.0,Hợp đồng mua bán,Không xác định,6.1,17,Bắc Ninh,Từ Sơn,"Shophouse, nhà phố thương mại tại Vietsing Square",0.08,70-90 m²,6-8 tỷ,21.1861,106.0763
"Bắc Ninh, Từ Sơn, Shophouse, nhà phố thương mại tại Vietsing Square",75.0,5.0,17.0,Không xác định,Không xác định,3.0,2.0,Đã có sổ,Không xác định,7.3,17,Bắc Ninh,Từ Sơn,"Shophouse, nhà phố thương mại tại Vietsing Square",0.1,70-90 m²,6-8 tỷ,21.1861,106.0763
"Bắc Ninh, Từ Sơn, Shophouse, nhà phố thương mại tại Khu đô thị mới Phù Khê",100.0,5.0,33.0,Bắc,Không xác định,3.0,2.0,Đã có sổ,Không xác định,12.0,17,Bắc Ninh,Từ Sơn,"Shophouse, nhà phố thương mại tại Khu đô thị mới Phù Khê",0.12,>90 m²,>10 tỷ,21.1861,106.0763
"Hồ Chí Minh, Quận 2, Shophouse, nhà phố thương mại tại La Astoria",256.0,6.0,10.0,Không xác định,Không xác định,2.0,2.0,Hợp đồng mua bán,Không xác định,12.54,17,Hồ Chí Minh,Quận 2,"Shophouse, nhà phố thương mại tại La Astoria",0.05,>90 m²,>10 tỷ,10.7769,106.7009
"Hà Nội, Hoàng Mai, Shophouse, nhà phố thương mại tại HH2 Linh Đàm",45.0,5.0,10.0,Nam,Không xác định,3.0,1.0,Hợp đồng mua bán,Đầy đủ,8.5,22,Hà Nội,Hoàng Mai,"Shophouse, nhà phố thương mại tại HH2 Linh Đàm",0.19,30-50 m²,8-10 tỷ,21.0285,105.8542
"Bình Định, An Nhơn, Shophouse, nhà phố thương mại tại đường Quốc lộ 1A",100.0,6.0,10.0,Không xác định,Không xác định,6.0,5.0,Đã có sổ,Không xác định,3.3,22,Bình Định,An Nhơn,"Shophouse, nhà phố thương mại tại đường Quốc lộ 1A",0.03,>90 m²,<4 tỷ,13.782,109.2194
"Bình Định, Quy Nhơn, Shophouse, nhà phố thương mại tại IEC Residences Quy Nhơn",75.0,6.0,10.0,Không xác định,Không xác định,4.0,4.0,Đã có sổ,Không xác định,2.16,22,Bình Định,Quy Nhơn,"Shophouse, nhà phố thương mại tại IEC Residences Quy Nhơn",0.03,70-90 m²,<4 tỷ,13.782,109.2194
"Thái Nguyên, Phổ Yên, Shophouse, nhà phố thương mại tại KĐT Đại Phong",94.0,6.0,16.0,Tây - Nam,Không xác định,3.0,2.0,Không xác định,Không xác định,1.45,22,Thái Nguyên,Phổ Yên,"Shophouse, nhà phố thương mại tại KĐT Đại Phong",0.02,>90 m²,<4 tỷ,21.5928,105.8442
"Hà Nội, Nam Từ Liêm, Shophouse, nhà phố thương mại tại Central Lakeside",100.0,5.0,21.0,Tây - Nam,Đông - Nam,8.0,6.0,Đã có sổ,Cơ bản,15.75,22,Hà Nội,Nam Từ Liêm,"Shophouse, nhà phố thương mại tại Central Lakeside",0.16,>90 m²,>10 tỷ,21.0285,105.8542
"Đồng Nai, Biên Hòa, Shophouse, nhà phố thương mại tại Izumi Canaria",114.0,6.0,33.0,Tây - Bắc,Đông - Nam,4.0,3.0,Hợp đồng mua bán,Không xác định,11.5,22,Đồng Nai,Biên Hòa,"Shophouse, nhà phố thương mại tại Izumi Canaria",0.1,>90 m²,>10 tỷ,10.9454,106.8248
"Đà Nẵng, Hải Châu, Shophouse, nhà phố thương mại tại Regal Pavillon Đà Nẵng",120.0,6.0,7.5,Đông - Nam,Đông - Nam,6.0,6.0,Đã có sổ,Đầy đủ,23.0,15,Đà Nẵng,Hải Châu,"Shophouse, nhà phố thương mại tại Regal Pavillon Đà Nẵng",0.19,>90 m²,>10 tỷ,16.0544,108.2022
"Hồ Chí Minh, Bình Chánh, Shophouse, nhà phố thương mại tại đường Quách Điêu",90.0,11.5,40.0,Bắc,Bắc,8.0,8.0,Đã có sổ,Đầy đủ,7.5,22,Hồ Chí Minh,Bình Chánh,"Shophouse, nhà phố thương mại tại đường Quách Điêu",0.08,70-90 m²,6-8 tỷ,10.7769,106.7009
"Bình Dương, Thuận An, Shophouse, nhà phố thương mại tại Happy One Mori",254.0,6.0,10.0,Không xác định,Không xác định,3.0,2.0,Hợp đồng mua bán,Không xác định,10.5,12,Bình Dương,Thuận An,"Shophouse, nhà phố thương mại tại Happy One Mori",0.04,>90 m²,>10 tỷ,11.1604,106.6508
"Hải Phòng, Thủy Nguyên, Shophouse, nhà phố thương mại tại The Centric",90.0,6.0,13.0,Đông,Nam,6.0,6.0,Đã có sổ,Không xác định,14.91,21,Hải Phòng,Thủy Nguyên,"Shophouse, nhà phố thương mại tại The Centric",0.17,70-90 m²,>10 tỷ,20.8449,106.6881
"Bình Định, Quy Nhơn, Shophouse, nhà phố thương mại tại Khu đô thị An Phú Thịnh",134.1,7.0,10.0,Tây - Bắc,Không xác định,3.0,2.0,Đã có sổ,Không xác định,6.95,20,Bình Định,Quy Nhơn,"Shophouse, nhà phố thương mại tại Khu đô thị An Phú Thịnh",0.05,>90 m²,6-8 tỷ,13.782,109.2194
"Hà Nội, Hoài Đức, Shophouse, nhà phố thương mại tại Vista Nam An Khánh",160.0,6.6,39.0,Không xác định,Không xác định,3.0,2.0,Không xác định,Không xác định,32.0,20,Hà Nội,Hoài Đức,"Shophouse, nhà phố thương mại tại Vista Nam An Khánh",0.2,>90 m²,>10 tỷ,21.0285,105.8542
"Hồ Chí Minh, Bình Tân, Shophouse, nhà phố thương mại tại The Sholi Bình Tân",64.0,5.0,8.0,Không xác định,Không xác định,5.0,5.0,Đã có sổ,Cơ bản,10.0,20,Hồ Chí Minh,Bình Tân,"Shophouse, nhà phố thương mại tại The Sholi Bình Tân",0.16,50-70 m²,8-10 tỷ,10.7769,106.7009
"Đà Nẵng, Hải Châu, Shophouse, nhà phố thương mại tại Regal Pavillon Đà Nẵng",103.0,6.0,7.5,Không xác định,Không xác định,3.0,2.0,Đã có sổ,Cơ bản,16.5,19,Đà Nẵng,Hải Châu,"Shophouse, nhà phố thương mại tại Regal Pavillon Đà Nẵng",0.16,>90 m²,>10 tỷ,16.0544,108.2022
"Quảng Ninh, Hạ Long, Shophouse, nhà phố thương mại tại SkyM",71.0,6.0,10.0,Không xác định,Không xác định,3.0,2.0,Đã có sổ,Không xác định,6.0,19,Quảng Ninh,Hạ Long,"Shophouse, nhà phố thương mại tại SkyM",0.08,70-90 m²,4-6 tỷ,21.0069,107.2925
"Hồ Chí Minh, Quận 4, Shophouse, nhà phố thương mại tại Căn hộ Riva Park",40.0,6.0,10.0,Đông - Nam,Đông - Nam,3.0,1.0,Hợp đồng mua bán,Cơ bản,3.2,5,Hồ Chí Minh,Quận 4,"Shophouse, nhà phố thương mại tại Căn hộ Riva Park",0.08,30-50 m²,<4 tỷ,10.7769,106.7009
"Quảng Ninh, Hạ Long, Shophouse, nhà phố thương mại tại SkyM",130.16,6.0,10.0,Tây - Bắc,Tây - Bắc,3.0,2.0,Đã có sổ,Không xác định,11.7,18,Quảng Ninh,Hạ Long,"Shophouse, nhà phố thương mại tại SkyM",0.09,>90 m²,>10 tỷ,21.0069,107.2925
"Quảng Ninh, Hạ Long, Shophouse, nhà phố thương mại tại ICON40 Hạ Long",130.0,6.0,10.0,Không xác định,Không xác định,3.0,2.0,Đã có sổ,Không xác định,11.7,18,Quảng Ninh,Hạ Long,"Shophouse, nhà phố thương mại tại ICON40 Hạ Long",0.09,>90 m²,>10 tỷ,21.0069,107.2925
"Đà Nẵng, Ngũ Hành Sơn, Shophouse, nhà phố thương mại tại Sun Cosmo Residence",112.0,5.0,7.5,Đông - Bắc,Đông - Bắc,3.0,2.0,Đã có sổ,Đầy đủ,25.0,18,Đà Nẵng,Ngũ Hành Sơn,"Shophouse, nhà phố thương mại tại Sun Cosmo Residence",0.22,>90 m²,>10 tỷ,16.0544,108.2022
"Hồ Chí Minh, Quận 2, Shophouse, nhà phố thương mại tại Q2 Thảo Điền",138.0,6.0,10.0,Không xác định,Không xác định,5.0,5.0,Đã có sổ,Cơ bản,65.0,18,Hồ Chí Minh,Quận 2,"Shophouse, nhà phố thương mại tại Q2 Thảo Điền",0.47,>90 m²,>10 tỷ,10.7769,106.7009
"Hưng Yên, Văn Giang, Shophouse, nhà phố thương mại tại Khu đô thị Ecopark",110.0,5.0,30.0,Tây - Nam,Tây - Nam,4.0,4.0,Đã có sổ,Không xác định,11.8,23,Hưng Yên,Văn Giang,"Shophouse, nhà phố thương mại tại Khu đô thị Ecopark",0.11,>90 m²,>10 tỷ,20.6464,106.0511
"Bình Dương, Tân Uyên, Shophouse, nhà phố thương mại tại Lan Anh Avenue",70.0,6.0,10.0,Không xác định,Không xác định,3.0,2.0,Đã có sổ,Không xác định,2.6,23,Bình Dương,Tân Uyên,"Shophouse, nhà phố thương mại tại Lan Anh Avenue",0.04,50-70 m²,<4 tỷ,11.1604,106.6508
"Thanh Hóa, Thanh Hóa, Shophouse, nhà phố thương mại tại Central Riverside Thanh Hóa",132.97,6.0,67.0,Tây - Nam,Tây - Nam,3.0,2.0,Đã có sổ,Không xác định,14.67,23,Thanh Hóa,Thanh Hóa,"Shophouse, nhà phố thương mại tại Central Riverside Thanh Hóa",0.11,>90 m²,>10 tỷ,19.8067,105.7852
"Thanh Hóa, Thanh Hóa, Shophouse, nhà phố thương mại tại CSEDP Lotus",90.0,5.0,10.0,Đông - Bắc,Đông - Bắc,5.0,4.0,Đã có sổ,Không xác định,6.0,23,Thanh Hóa,Thanh Hóa,"Shophouse, nhà phố thương mại tại CSEDP Lotus",0.07,70-90 m²,4-6 tỷ,19.8067,105.7852
"Khánh Hòa, Nha Trang, Shophouse, nhà phố thương mại tại Vinhomes Pearl Bay",108.0,6.0,23.0,Đông - Nam,Không xác định,3.0,2.0,Đã có sổ,Không xác định,17.42,23,Khánh Hòa,Nha Trang,"Shophouse, nhà phố thương mại tại Vinhomes Pearl Bay",0.16,>90 m²,>10 tỷ,12.2388,109.1967
"Bắc Giang, Bắc Giang, Shophouse, nhà phố thương mại tại Eco Garden",34.0,6.0,10.0,Không xác định,Không xác định,1.0,1.0,Không xác định,Không xác định,1.33,23,Bắc Giang,Bắc Giang,"Shophouse, nhà phố thương mại tại Eco Garden",0.04,30-50 m²,<4 tỷ,21.2731,106.1946
"Hà Nam, Thanh Liêm, Shophouse, nhà phố thương mại tại Tân Thanh Elite City",158.5,6.0,30.0,Nam,Nam,3.0,2.0,Đã có sổ,Không xác định,6.15,23,Hà Nam,Thanh Liêm,"Shophouse, nhà phố thương mại tại Tân Thanh Elite City",0.04,>90 m²,6-8 tỷ,20.5453,105.9126
"Hải Phòng, Thủy Nguyên, Shophouse, nhà phố thương mại tại Hoàng Huy New City",90.0,6.0,30.0,Đông,Đông,3.0,2.0,Đã có sổ,Không xác định,8.52,23,Hải Phòng,Thủy Nguyên,"Shophouse, nhà phố thương mại tại Hoàng Huy New City",0.09,70-90 m²,8-10 tỷ,20.8449,106.6881
"Hà Nội, Gia Lâm, Shophouse, nhà phố thương mại tại Vinhomes Ocean Park Gia Lâm",70.0,5.0,10.0,Đông - Bắc,Đông - Bắc,3.0,2.0,Hợp đồng mua bán,Không xác định,8.55,23,Hà Nội,Gia Lâm,"Shophouse, nhà phố thương mại tại Vinhomes Ocean Park Gia Lâm",0.12,50-70 m²,8-10 tỷ,21.0285,105.8542
"Hải Phòng, Thủy Nguyên, Shophouse, nhà phố thương mại tại Vinhomes Royal Island",87.6,7.0,10.0,Không xác định,Không xác định,5.0,4.0,Đã có sổ,Không xác định,17.77,23,Hải Phòng,Thủy Nguyên,"Shophouse, nhà phố thương mại tại Vinhomes Royal Island",0.2,70-90 m²,>10 tỷ,20.8449,106.6881
"Hải Phòng, Lê Chân, Shophouse, nhà phố thương mại tại The Minato Residence",130.0,15.0,15.0,Tây - Bắc,Không xác định,3.0,2.0,Đã có sổ,Không xác định,5.0,23,Hải Phòng,Lê Chân,"Shophouse, nhà phố thương mại tại The Minato Residence",0.04,>90 m²,4-6 tỷ,20.8449,106.6881
"Hải Phòng, Lê Chân, Shophouse, nhà phố thương mại tại Sentosa Sky Park Hải Phòng",202.0,15.0,15.0,Tây - Bắc,Tây - Bắc,3.0,2.0,Đã có sổ,Không xác định,8.6,23,Hải Phòng,Lê Chân,"Shophouse, nhà phố thương mại tại Sentosa Sky Park Hải Phòng",0.04,>90 m²,8-10 tỷ,20.8449,106.6881
"Bình Dương, Dĩ An, Shophouse, nhà phố thương mại tại Bcons Uni Valley",108.0,6.0,13.0,Đông - Bắc,Đông - Bắc,5.0,6.0,Đã có sổ,Không xác định,12.99,23,Bình Dương,Dĩ An,"Shophouse, nhà phố thương mại tại Bcons Uni Valley",0.12,>90 m²,>10 tỷ,11.1604,106.6508
"Hà Nội, Đông Anh, Shophouse, nhà phố thương mại tại Vinhomes Global Gate",90.0,6.0,10.0,Không xác định,Không xác định,3.0,2.0,Hợp đồng mua bán,Không xác định,14.2,23,Hà Nội,Đông Anh,"Shophouse, nhà phố thương mại tại Vinhomes Global Gate",0.16,70-90 m²,>10 tỷ,21.0285,105.8542
"Thanh Hóa, Sầm Sơn, Shophouse, nhà phố thương mại tại Sun Grand Boulevard",112.0,7.3,7.0,Đông,Tây,6.0,4.0,Đã có sổ,Không xác định,9.3,23,Thanh Hóa,Sầm Sơn,"Shophouse, nhà phố thương mại tại Sun Grand Boulevard",0.08,>90 m²,8-10 tỷ,19.8067,105.7852
"Nghệ An, Vinh, Shophouse, nhà phố thương mại tại Eurowindow Central Avenue",120.0,6.0,12.0,Tây - Nam,Không xác định,3.0,2.0,Hợp đồng mua bán,Không xác định,8.98,23,Nghệ An,Vinh,"Shophouse, nhà phố thương mại tại Eurowindow Central Avenue",0.07,>90 m²,8-10 tỷ,19.2342,104.892
"Hà Nội, Đan Phượng, Shophouse, nhà phố thương mại tại Noble Palace Tây Thăng Long",75.0,6.0,10.0,Không xác định,Không xác định,3.0,2.0,Đã có sổ,Không xác định,18.7,17,Hà Nội,Đan Phượng,"Shophouse, nhà phố thương mại tại Noble Palace Tây Thăng Long",0.25,70-90 m²,>10 tỷ,21.0285,105.8542
"Nghệ An, Vinh, Shophouse, nhà phố thương mại tại Eurowindow Sport Garden",120.0,6.0,12.0,Không xác định,Không xác định,3.0,2.0,Hợp đồng mua bán,Không xác định,4.25,23,Nghệ An,Vinh,"Shophouse, nhà phố thương mại tại Eurowindow Sport Garden",0.04,>90 m²,4-6 tỷ,19.2342,104.892
"Bắc Ninh, Từ Sơn, Shophouse, nhà phố thương mại tại Vietsing Square",75.0,5.0,17.0,Không xác định,Không xác định,7.0,4.0,Đã có sổ,Không xác định,6.0,16,Bắc Ninh,Từ Sơn,"Shophouse, nhà phố thương mại tại Vietsing Square",0.08,70-90 m²,4-6 tỷ,21.1861,106.0763
"Bắc Ninh, Từ Sơn, Shophouse, nhà phố thương mại tại Vietsing Square",75.0,5.0,17.5,Không xác định,Không xác định,7.0,4.0,Đã có sổ,Không xác định,6.0,16,Bắc Ninh,Từ Sơn,"Shophouse, nhà phố thương mại tại Vietsing Square",0.08,70-90 m²,4-6 tỷ,21.1861,106.0763
"Hồ Chí Minh, Quận 9, Shophouse, nhà phố thương mại tại Chung cư MT Eastmark City",120.5,30.0,30.0,Tây,Đông,3.0,1.0,Đã có sổ,Không xác định,7.83,24,Hồ Chí Minh,Quận 9,"Shophouse, nhà phố thương mại tại Chung cư MT Eastmark City",0.06,>90 m²,6-8 tỷ,10.7769,106.7009
"Hà Nội, Gia Lâm, Shophouse, nhà phố thương mại tại Vinhomes Ocean Park Gia Lâm",90.0,7.0,52.0,Đông - Nam,Đông - Nam,4.0,4.0,Đã có sổ,Không xác định,27.5,24,Hà Nội,Gia Lâm,"Shophouse, nhà phố thương mại tại Vinhomes Ocean Park Gia Lâm",0.31,70-90 m²,>10 tỷ,21.0285,105.8542
"Hồ Chí Minh, Bình Tân, Shophouse, nhà phố thương mại tại The Sholi Bình Tân",62.8,4.0,12.0,Đông - Nam,Đông - Nam,5.0,5.0,Đã có sổ,Không xác định,12.3,24,Hồ Chí Minh,Bình Tân,"Shophouse, nhà phố thương mại tại The Sholi Bình Tân",0.2,50-70 m²,>10 tỷ,10.7769,106.7009
"Vĩnh Phúc, Phúc Yên, Shophouse, nhà phố thương mại tại TMS Grand City Phúc Yên",75.0,5.0,19.5,Đông - Nam,Đông - Nam,3.0,2.0,Đã có sổ,Không xác định,5.45,21,Vĩnh Phúc,Phúc Yên,"Shophouse, nhà phố thương mại tại TMS Grand City Phúc Yên",0.07,70-90 m²,4-6 tỷ,21.3083,105.6042
"Long An, Bến Lức, Shophouse, nhà phố thương mại tại Thanh Phú Centre Point",90.0,6.0,36.0,Đông - Bắc,Đông - Bắc,3.0,3.0,Hợp đồng mua bán,Không xác định,5.9,24,Long An,Bến Lức,"Shophouse, nhà phố thương mại tại Thanh Phú Centre Point",0.07,70-90 m²,4-6 tỷ,10.536,106.4099
"Hưng Yên, Văn Giang, Shophouse, nhà phố thương mại tại Aqua Bay Sky Residences",100.0,5.0,40.0,Đông - Nam,Đông - Nam,5.0,3.0,Đã có sổ,Cơ bản,20.5,24,Hưng Yên,Văn Giang,"Shophouse, nhà phố thương mại tại Aqua Bay Sky Residences",0.2,>90 m²,>10 tỷ,20.6464,106.0511
"Hà Nội, Long Biên, Shophouse, nhà phố thương mại tại Long Biên Central",202.0,12.0,30.0,Tây - Bắc,Tây - Bắc,3.0,3.0,Hợp đồng mua bán,Không xác định,22.6,24,Hà Nội,Long Biên,"Shophouse, nhà phố thương mại tại Long Biên Central",0.11,>90 m²,>10 tỷ,21.0285,105.8542
"Thanh Hóa, Thanh Hóa, Shophouse, nhà phố thương mại tại Eurowindow Light City",96.0,6.0,25.0,Tây - Nam,Tây - Nam,3.0,2.0,Hợp đồng mua bán,Không xác định,6.05,24,Thanh Hóa,Thanh Hóa,"Shophouse, nhà phố thương mại tại Eurowindow Light City",0.06,>90 m²,6-8 tỷ,19.8067,105.7852
"Bình Dương, Thuận An, Shophouse, nhà phố thương mại tại Happy One Mori",139.6,6.0,10.0,Tây - Bắc,Tây - Bắc,3.0,1.0,Hợp đồng mua bán,Cơ bản,6.4,18,Bình Dương,Thuận An,"Shophouse, nhà phố thương mại tại Happy One Mori",0.05,>90 m²,6-8 tỷ,11.1604,106.6508
"Hà Nội, Nam Từ Liêm, Shophouse, nhà phố thương mại tại The Victoria - Vinhomes Smart City",64.0,6.0,10.0,Tây - Bắc,Không xác định,3.0,2.0,Hợp đồng mua bán,Không xác định,10.8,24,Hà Nội,Nam Từ Liêm,"Shophouse, nhà phố thương mại tại The Victoria - Vinhomes Smart City",0.17,50-70 m²,>10 tỷ,21.0285,105.8542
"Hà Nội, Thanh Trì, Shophouse, nhà phố thương mại tại Tứ Hiệp Plaza",50.0,6.0,10.0,Không xác định,Không xác định,3.0,2.0,Không xác định,Không xác định,0.04,24,Hà Nội,Thanh Trì,"Shophouse, nhà phố thương mại tại Tứ Hiệp Plaza",0.0,30-50 m²,<4 tỷ,21.0285,105.8542
"Hưng Yên, Văn Giang, Shophouse, nhà phố thương mại tại Vinhomes Ocean Park 3",110.0,5.5,51.0,Không xác định,Không xác định,3.0,2.0,Hợp đồng mua bán,Không xác định,19.0,24,Hưng Yên,Văn Giang,"Shophouse, nhà phố thương mại tại Vinhomes Ocean Park 3",0.17,>90 m²,>10 tỷ,20.6464,106.0511
"Long An, Bến Lức, Shophouse, nhà phố thương mại tại Thanh Phú Centre Point",100.0,6.0,10.0,Không xác định,Không xác định,3.0,2.0,Đã có sổ,Không xác định,2.55,24,Long An,Bến Lức,"Shophouse, nhà phố thương mại tại Thanh Phú Centre Point",0.03,>90 m²,<4 tỷ,10.536,106.4099
"Hồ Chí Minh, Quận 2, Shophouse, nhà phố thương mại tại SOHO - The Global City",190.0,10.0,20.0,Không xác định,Không xác định,3.0,2.0,Đã có sổ,Không xác định,78.0,24,Hồ Chí Minh,Quận 2,"Shophouse, nhà phố thương mại tại SOHO - The Global City",0.41,>90 m²,>10 tỷ,10.7769,106.7009
"Quảng Trị, Đông Hà, Shophouse, nhà phố thương mại tại Vincom Shophouse Royal Park Quảng Trị",75.0,6.0,10.0,Không xác định,Không xác định,3.0,2.0,Đã có sổ,Không xác định,5.75,24,Quảng Trị,Đông Hà,"Shophouse, nhà phố thương mại tại Vincom Shophouse Royal Park Quảng Trị",0.08,70-90 m²,4-6 tỷ,16.7444,107.1855
"Hà Nội, Nam Từ Liêm, Shophouse, nhà phố thương mại tại Louis City Đại Mỗ",120.0,6.0,10.0,Không xác định,Không xác định,3.0,2.0,Không xác định,Không xác định,18.9,24,Hà Nội,Nam Từ Liêm,"Shophouse, nhà phố thương mại tại Louis City Đại Mỗ",0.16,>90 m²,>10 tỷ,21.0285,105.8542
"Quảng Ngãi, Quảng Ngãi, Shophouse, nhà phố thương mại tại Khu đô thị HUD - Phú Mỹ",150.0,6.0,50.0,Bắc,Bắc,5.0,6.0,Đã có sổ,Cơ bản,4.25,24,Quảng Ngãi,Quảng Ngãi,"Shophouse, nhà phố thương mại tại Khu đô thị HUD - Phú Mỹ",0.03,>90 m²,4-6 tỷ,15.1205,108.7923
"Thanh Hóa, Hoằng Hóa, Shophouse, nhà phố thương mại tại Flamingo Hải Tiến",96.0,8.0,12.0,Không xác định,Không xác định,5.0,6.0,Hợp đồng mua bán,Đầy đủ,6.8,24,Thanh Hóa,Hoằng Hóa,"Shophouse, nhà phố thương mại tại Flamingo Hải Tiến",0.07,>90 m²,6-8 tỷ,19.8067,105.7852
"Bình Dương, Thuận An, Shophouse, nhà phố thương mại tại Lavela Garden",61.7,4.0,13.0,Không xác định,Không xác định,3.0,2.0,Đã có sổ,Không xác định,2.85,24,Bình Dương,Thuận An,"Shophouse, nhà phố thương mại tại Lavela Garden",0.05,50-70 m²,<4 tỷ,11.1604,106.6508
"Hồ Chí Minh, Quận 7, Shophouse, nhà phố thương mại tại Sunrise City",68.0,6.0,10.0,Tây,Không xác định,1.0,2.0,Đã có sổ,Đầy đủ,9.5,23,Hồ Chí Minh,Quận 7,"Shophouse, nhà phố thương mại tại Sunrise City",0.14,50-70 m²,8-10 tỷ,10.7769,106.7009
"Hà Nội, Tây Hồ, Shophouse, nhà phố thương mại tại KĐT Tây Hồ Tây - Starlake Hà Nội",150.0,6.0,30.0,Tây - Nam,Không xác định,3.0,2.0,Không xác định,Không xác định,36.2,25,Hà Nội,Tây Hồ,"Shophouse, nhà phố thương mại tại KĐT Tây Hồ Tây - Starlake Hà Nội",0.24,>90 m²,>10 tỷ,21.0285,105.8542
"Long An, Đức Hòa, Shophouse, nhà phố thương mại tại The Win City",52.0,6.0,10.0,Không xác định,Không xác định,3.0,2.0,Hợp đồng mua bán,Đầy đủ,2.3,25,Long An,Đức Hòa,"Shophouse, nhà phố thương mại tại The Win City",0.04,50-70 m²,<4 tỷ,10.536,106.4099
"Quảng Ninh, Hạ Long, Shophouse, nhà phố thương mại tại Sun Porto Town",127.5,7.5,7.0,Nam,Không xác định,3.0,2.0,Đã có sổ,Cơ bản,7.04,25,Quảng Ninh,Hạ Long,"Shophouse, nhà phố thương mại tại Sun Porto Town",0.06,>90 m²,6-8 tỷ,21.0069,107.2925
"Long An, Cần Giuộc, Shophouse, nhà phố thương mại tại Iris Residence",76.0,6.0,10.0,Không xác định,Không xác định,3.0,2.0,Hợp đồng mua bán,Không xác định,3.5,25,Long An,Cần Giuộc,"Shophouse, nhà phố thương mại tại Iris Residence",0.05,70-90 m²,<4 tỷ,10.536,106.4099
"Bắc Ninh, Từ Sơn, Shophouse, nhà phố thương mại tại Centa Riverside",100.0,5.0,16.0,Không xác định,Không xác định,4.0,4.0,Đã có sổ,Không xác định,7.0,19,Bắc Ninh,Từ Sơn,"Shophouse, nhà phố thương mại tại Centa Riverside",0.07,>90 m²,6-8 tỷ,21.1861,106.0763
"Hà Nội, Nam Từ Liêm, Shophouse, nhà phố thương mại tại Central Lakeside",80.0,5.0,21.0,Đông - Nam,Đông - Nam,3.0,2.0,Không xác định,Không xác định,0.38,25,Hà Nội,Nam Từ Liêm,"Shophouse, nhà phố thương mại tại Central Lakeside",0.0,70-90 m²,<4 tỷ,21.0285,105.8542
"Đồng Nai, Nhơn Trạch, Shophouse, nhà phố thương mại tại Swan Bay",136.0,6.0,10.0,Không xác định,Không xác định,3.0,2.0,Đã có sổ,Không xác định,10.5,25,Đồng Nai,Nhơn Trạch,"Shophouse, nhà phố thương mại tại Swan Bay",0.08,>90 m²,>10 tỷ,10.9454,106.8248
"Hà Nội, Gia Lâm, Shophouse, nhà phố thương mại tại Vinhomes Ocean Park Gia Lâm",88.0,6.0,10.0,Đông,Không xác định,3.0,2.0,Đã có sổ,Không xác định,17.5,25,Hà Nội,Gia Lâm,"Shophouse, nhà phố thương mại tại Vinhomes Ocean Park Gia Lâm",0.2,70-90 m²,>10 tỷ,21.0285,105.8542
"Hà Nội, Nam Từ Liêm, Shophouse, nhà phố thương mại tại Vinhomes Smart City",150.0,6.0,10.0,Đông - Bắc,Không xác định,3.0,2.0,Đã có sổ,Cơ bản,30.0,25,Hà Nội,Nam Từ Liêm,"Shophouse, nhà phố thương mại tại Vinhomes Smart City",0.2,>90 m²,>10 tỷ,21.0285,105.8542
"Bắc Ninh, Từ Sơn, Shophouse, nhà phố thương mại tại VSIP Bắc Ninh",120.0,6.0,10.0,Không xác định,Không xác định,3.0,2.0,Đã có sổ,Không xác định,9.93,25,Bắc Ninh,Từ Sơn,"Shophouse, nhà phố thương mại tại VSIP Bắc Ninh",0.08,>90 m²,8-10 tỷ,21.1861,106.0763
"Hải Phòng, Thủy Nguyên, Shophouse, nhà phố thương mại tại Vlasta Thủy Nguyên",62.5,5.0,15.0,Không xác định,Không xác định,3.0,2.0,Đã có sổ,Cơ bản,4.5,25,Hải Phòng,Thủy Nguyên,"Shophouse, nhà phố thương mại tại Vlasta Thủy Nguyên",0.07,50-70 m²,4-6 tỷ,20.8449,106.6881
"Hà Nội, Nam Từ Liêm, Shophouse, nhà phố thương mại tại The Sapphire-Vinhomes Smart City",55.0,8.0,13.5,Đông - Nam,Không xác định,3.0,2.0,Đã có sổ,Cơ bản,8.66,25,Hà Nội,Nam Từ Liêm,"Shophouse, nhà phố thương mại tại The Sapphire-Vinhomes Smart City",0.16,50-70 m²,8-10 tỷ,21.0285,105.8542
"Quảng Ninh, Hạ Long, Shophouse, nhà phố thương mại tại Aria Bay Tower",70.0,6.0,10.0,Đông - Nam,Đông - Nam,1.0,2.0,Hợp đồng mua bán,Cơ bản,3.86,23,Quảng Ninh,Hạ Long,"Shophouse, nhà phố thương mại tại Aria Bay Tower",0.06,50-70 m²,<4 tỷ,21.0069,107.2925
"Hồ Chí Minh, Quận 7, Shophouse, nhà phố thương mại tại Khu đô thị Him Lam Kênh Tẻ",150.0,6.0,10.0,Không xác định,Không xác định,3.0,2.0,Đã có sổ,Cơ bản,60.0,25,Hồ Chí Minh,Quận 7,"Shophouse, nhà phố thương mại tại Khu đô thị Him Lam Kênh Tẻ",0.4,>90 m²,>10 tỷ,10.7769,106.7009
"Bình Dương, Thủ Dầu Một, Shophouse, nhà phố thương mại tại Artisan Park",100.0,6.0,10.0,Không xác định,Không xác định,3.0,2.0,Đã có sổ,Không xác định,7.5,24,Bình Dương,Thủ Dầu Một,"Shophouse, nhà phố thương mại tại Artisan Park",0.08,>90 m²,6-8 tỷ,11.1604,106.6508
"Hồ Chí Minh, Quận 7, Shophouse, nhà phố thương mại tại Cảnh Viên 2",122.0,6.0,10.0,Không xác định,Không xác định,3.0,2.0,Đã có sổ,Không xác định,24.5,25,Hồ Chí Minh,Quận 7,"Shophouse, nhà phố thương mại tại Cảnh Viên 2",0.2,>90 m²,>10 tỷ,10.7769,106.7009
"Hà Nội, Bắc Từ Liêm, Shophouse, nhà phố thương mại tại Embassy Garden",124.0,6.0,60.0,Không xác định,Không xác định,3.0,2.0,Đã có sổ,Không xác định,23.18,25,Hà Nội,Bắc Từ Liêm,"Shophouse, nhà phố thương mại tại Embassy Garden",0.19,>90 m²,>10 tỷ,21.0285,105.8542
"Hải Phòng, Lê Chân, Shophouse, nhà phố thương mại tại The Stellar Town",75.0,5.0,12.0,Đông - Nam,Đông - Nam,5.0,4.0,Đã có sổ,Không xác định,12.0,24,Hải Phòng,Lê Chân,"Shophouse, nhà phố thương mại tại The Stellar Town",0.16,70-90 m²,>10 tỷ,20.8449,106.6881
"Hà Nội, Nam Từ Liêm, Shophouse, nhà phố thương mại tại Vinhomes Green Bay Mễ Trì",80.0,8.0,15.0,Không xác định,Không xác định,3.0,2.0,Đã có sổ,Không xác định,21.0,24,Hà Nội,Nam Từ Liêm,"Shophouse, nhà phố thương mại tại Vinhomes Green Bay Mễ Trì",0.26,70-90 m²,>10 tỷ,21.0285,105.8542
"Hà Nội, Nam Từ Liêm, Shophouse, nhà phố thương mại tại Louis City Đại Mỗ",120.0,6.0,40.0,Không xác định,Không xác định,3.0,2.0,Hợp đồng mua bán,Không xác định,53.0,24,Hà Nội,Nam Từ Liêm,"Shophouse, nhà phố thương mại tại Louis City Đại Mỗ",0.44,>90 m²,>10 tỷ,21.0285,105.8542
"Thanh Hóa, Thanh Hóa, Shophouse, nhà phố thương mại tại Eurowindow Light City",96.0,6.0,25.0,Đông - Bắc,Đông - Bắc,3.0,2.0,Hợp đồng mua bán,Không xác định,6.15,28,Thanh Hóa,Thanh Hóa,"Shophouse, nhà phố thương mại tại Eurowindow Light City",0.06,>90 m²,6-8 tỷ,19.8067,105.7852
"Quảng Ninh, Hạ Long, Shophouse, nhà phố thương mại tại New Life Tower",63.0,8.0,10.0,Không xác định,Không xác định,3.0,2.0,Đã có sổ,Đầy đủ,6.3,28,Quảng Ninh,Hạ Long,"Shophouse, nhà phố thương mại tại New Life Tower",0.1,50-70 m²,6-8 tỷ,21.0069,107.2925
"Hồ Chí Minh, Quận 2, Shophouse, nhà phố thương mại tại Dự án Huy Hoàng",690.0,10.0,10.0,Không xác định,Không xác định,3.0,8.0,Đã có sổ,Cơ bản,70.0,28,Hồ Chí Minh,Quận 2,"Shophouse, nhà phố thương mại tại Dự án Huy Hoàng",0.1,>90 m²,>10 tỷ,10.7769,106.7009
"Hồ Chí Minh, Quận 2, Shophouse, nhà phố thương mại tại The Global City",95.0,14.0,14.0,Đông - Nam,Đông - Nam,8.0,7.0,Đã có sổ,Không xác định,33.0,27,Hồ Chí Minh,Quận 2,"Shophouse, nhà phố thương mại tại The Global City",0.35,>90 m²,>10 tỷ,10.7769,106.7009
"Long An, Bến Lức, Shophouse, nhà phố thương mại tại Thanh Phú Centre Point",100.0,21.0,30.0,Bắc,Không xác định,4.0,4.0,Đã có sổ,Không xác định,6.0,27,Long An,Bến Lức,"Shophouse, nhà phố thương mại tại Thanh Phú Centre Point",0.06,>90 m²,4-6 tỷ,10.536,106.4099
"Long An, Bến Lức, Shophouse, nhà phố thương mại tại Thanh Phú Centre Point",77.0,6.0,17.0,Đông - Nam,Nam,4.0,4.0,Hợp đồng mua bán,Không xác định,5.98,27,Long An,Bến Lức,"Shophouse, nhà phố thương mại tại Thanh Phú Centre Point",0.08,70-90 m²,4-6 tỷ,10.536,106.4099
"Hồ Chí Minh, Quận 2, Shophouse, nhà phố thương mại tại The Global City",95.0,14.0,14.0,Đông - Nam,Đông - Nam,8.0,6.0,Đã có sổ,Không xác định,33.0,27,Hồ Chí Minh,Quận 2,"Shophouse, nhà phố thương mại tại The Global City",0.35,>90 m²,>10 tỷ,10.7769,106.7009
"Hưng Yên, Văn Giang, Shophouse, nhà phố thương mại tại Vinhomes Ocean Park 2",91.0,6.0,20.0,Đông - Nam,Đông - Nam,3.0,2.0,Đã có sổ,Không xác định,21.0,27,Hưng Yên,Văn Giang,"Shophouse, nhà phố thương mại tại Vinhomes Ocean Park 2",0.23,>90 m²,>10 tỷ,20.6464,106.0511
"Hồ Chí Minh, Quận 2, Shophouse, nhà phố thương mại tại The Global City",95.0,14.0,14.0,Đông - Nam,Đông - Nam,8.0,4.0,Đã có sổ,Không xác định,33.0,27,Hồ Chí Minh,Quận 2,"Shophouse, nhà phố thương mại tại The Global City",0.35,>90 m²,>10 tỷ,10.7769,106.7009
"Kiên Giang, Phú Quốc, Shophouse, nhà phố thương mại tại Shop Vinwonders",128.0,10.0,10.0,Không xác định,Không xác định,3.0,2.0,Hợp đồng mua bán,Không xác định,7.0,26,Kiên Giang,Phú Quốc,"Shophouse, nhà phố thương mại tại Shop Vinwonders",0.05,>90 m²,6-8 tỷ,10.0125,105.0809
"Hà Nội, Hà Đông, Shophouse, nhà phố thương mại tại Anland LakeView",220.0,9.5,60.0,Đông - Nam,Đông - Nam,3.0,3.0,Đã có sổ,Cơ bản,25.52,26,Hà Nội,Hà Đông,"Shophouse, nhà phố thương mại tại Anland LakeView",0.12,>90 m²,>10 tỷ,21.0285,105.8542
"Bình Dương, Thủ Dầu Một, Shophouse, nhà phố thương mại tại Phố Thương mại Uni Complex",95.0,5.0,10.0,Tây - Nam,Tây - Nam,3.0,2.0,Hợp đồng mua bán,Không xác định,6.5,26,Bình Dương,Thủ Dầu Một,"Shophouse, nhà phố thương mại tại Phố Thương mại Uni Complex",0.07,>90 m²,6-8 tỷ,11.1604,106.6508
"Hưng Yên, Văn Lâm, Shophouse, nhà phố thương mại tại The Fullton",168.0,10.5,20.0,Đông - Nam,Đông - Bắc,5.0,4.0,Hợp đồng mua bán,Không xác định,36.34,26,Hưng Yên,Văn Lâm,"Shophouse, nhà phố thương mại tại The Fullton",0.22,>90 m²,>10 tỷ,20.6464,106.0511
"Bình Dương, Dĩ An, Shophouse, nhà phố thương mại tại Bcons Uni Valley",85.0,6.0,12.0,Không xác định,Không xác định,10.0,10.0,Đã có sổ,Không xác định,10.9,26,Bình Dương,Dĩ An,"Shophouse, nhà phố thương mại tại Bcons Uni Valley",0.13,70-90 m²,>10 tỷ,11.1604,106.6508
"Đà Nẵng, Liên Chiểu, Shophouse, nhà phố thương mại tại Lakeside Palace",220.0,11.5,33.0,Đông - Nam,Đông - Bắc,5.0,6.0,Đã có sổ,Đầy đủ,17.0,26,Đà Nẵng,Liên Chiểu,"Shophouse, nhà phố thương mại tại Lakeside Palace",0.08,>90 m²,>10 tỷ,16.0544,108.2022
"Hải Phòng, Dương Kinh, Shophouse, nhà phố thương mại tại Vinhomes Golden City",117.0,8.0,20.0,Đông - Nam,Không xác định,3.0,2.0,Không xác định,Không xác định,8.3,26,Hải Phòng,Dương Kinh,"Shophouse, nhà phố thương mại tại Vinhomes Golden City",0.07,>90 m²,8-10 tỷ,20.8449,106.6881
"Quảng Ngãi, Quảng Ngãi, Shophouse, nhà phố thương mại tại Khu đô thị HUD - Phú Mỹ",150.0,50.0,10.0,Không xác định,Không xác định,3.0,2.0,Đã có sổ,Không xác định,4.5,26,Quảng Ngãi,Quảng Ngãi,"Shophouse, nhà phố thương mại tại Khu đô thị HUD - Phú Mỹ",0.03,>90 m²,4-6 tỷ,15.1205,108.7923
"Thanh Hóa, Thanh Hóa, Shophouse, nhà phố thương mại tại The Sentosa",83.7,8.0,10.0,Tây - Bắc,Đông - Nam,3.0,2.0,Hợp đồng mua bán,Không xác định,2.6,26,Thanh Hóa,Thanh Hóa,"Shophouse, nhà phố thương mại tại The Sentosa",0.03,70-90 m²,<4 tỷ,19.8067,105.7852
"Hà Nội, Long Biên, Shophouse, nhà phố thương mại tại Long Biên Central",336.0,20.0,40.0,Tây - Nam,Tây - Bắc,3.0,3.0,Hợp đồng mua bán,Không xác định,43.5,26,Hà Nội,Long Biên,"Shophouse, nhà phố thương mại tại Long Biên Central",0.13,>90 m²,>10 tỷ,21.0285,105.8542
"Bình Dương, Thủ Dầu Một, Shophouse, nhà phố thương mại tại Thành Phố Mới Bình Dương",150.0,7.0,36.0,Không xác định,Không xác định,5.0,6.0,Đã có sổ,Không xác định,15.5,26,Bình Dương,Thủ Dầu Một,"Shophouse, nhà phố thương mại tại Thành Phố Mới Bình Dương",0.1,>90 m²,>10 tỷ,11.1604,106.6508
"Bắc Ninh, Từ Sơn, Shophouse, nhà phố thương mại tại Centa City",120.0,6.0,56.0,Đông,Đông,5.0,5.0,Đã có sổ,Không xác định,13.5,29,Bắc Ninh,Từ Sơn,"Shophouse, nhà phố thương mại tại Centa City",0.11,>90 m²,>10 tỷ,21.1861,106.0763
"Hưng Yên, Yên Mỹ, Shophouse, nhà phố thương mại tại Phố Nối House",71.85,5.66,10.0,Không xác định,Không xác định,3.0,2.0,Đã có sổ,Không xác định,8.7,29,Hưng Yên,Yên Mỹ,"Shophouse, nhà phố thương mại tại Phố Nối House",0.12,70-90 m²,8-10 tỷ,20.6464,106.0511
"Bình Dương, Tân Uyên, Shophouse, nhà phố thương mại tại Sun Casa Square",100.0,8.0,20.0,Không xác định,Không xác định,3.0,2.0,Hợp đồng mua bán,Không xác định,3.5,29,Bình Dương,Tân Uyên,"Shophouse, nhà phố thương mại tại Sun Casa Square",0.04,>90 m²,<4 tỷ,11.1604,106.6508
"Quảng Ninh, Uông Bí, Shophouse, nhà phố thương mại tại Vincom Shophouse Uông Bí",90.6,6.0,10.0,Không xác định,Không xác định,3.0,2.0,Đã có sổ,Không xác định,6.5,29,Quảng Ninh,Uông Bí,"Shophouse, nhà phố thương mại tại Vincom Shophouse Uông Bí",0.07,>90 m²,6-8 tỷ,21.0069,107.2925
"Bình Dương, Thủ Dầu Một, Shophouse, nhà phố thương mại tại Haruka Terrace & Haruka Residence",114.0,6.0,10.0,Không xác định,Không xác định,3.0,2.0,Đã có sổ,Cơ bản,10.0,29,Bình Dương,Thủ Dầu Một,"Shophouse, nhà phố thương mại tại Haruka Terrace & Haruka Residence",0.09,>90 m²,8-10 tỷ,11.1604,106.6508
"Hà Nội, Nam Từ Liêm, Shophouse, nhà phố thương mại tại Iconia Lakeside",75.0,5.0,42.0,Tây - Bắc,Tây - Bắc,4.0,2.0,Hợp đồng mua bán,Không xác định,0.41,23,Hà Nội,Nam Từ Liêm,"Shophouse, nhà phố thương mại tại Iconia Lakeside",0.01,70-90 m²,<4 tỷ,21.0285,105.8542
"Bình Dương, Thuận An, Shophouse, nhà phố thương mại tại One Era",90.0,6.0,40.0,Nam,Không xác định,2.0,3.0,Hợp đồng mua bán,Không xác định,0.09,29,Bình Dương,Thuận An,"Shophouse, nhà phố thương mại tại One Era",0.0,70-90 m²,<4 tỷ,11.1604,106.6508
"Bình Dương, Thủ Dầu Một, Shophouse, nhà phố thương mại tại Golden Boulevard",124.0,36.0,36.0,Đông - Nam,Tây - Bắc,2.0,3.0,Không xác định,Không xác định,0.03,29,Bình Dương,Thủ Dầu Một,"Shophouse, nhà phố thương mại tại Golden Boulevard",0.0,>90 m²,<4 tỷ,11.1604,106.6508
"Bình Dương, Dĩ An, Shophouse, nhà phố thương mại tại Royal Town Dĩ An",68.6,5.0,13.0,Đông - Bắc,Đông - Bắc,4.0,5.0,Đã có sổ,Cơ bản,5.0,29,Bình Dương,Dĩ An,"Shophouse, nhà phố thương mại tại Royal Town Dĩ An",0.07,50-70 m²,4-6 tỷ,11.1604,106.6508
"Kiên Giang, Rạch Giá, Shophouse, nhà phố thương mại tại Khu Đô Thị Mới Phú Cường",118.75,5.0,22.0,Đông - Bắc,Tây - Nam,4.0,3.0,Đã có sổ,Cơ bản,5.9,29,Kiên Giang,Rạch Giá,"Shophouse, nhà phố thương mại tại Khu Đô Thị Mới Phú Cường",0.05,>90 m²,4-6 tỷ,10.0125,105.0809
"Hưng Yên, Văn Giang, Shophouse, nhà phố thương mại tại Sol Forest Ecopark",66.0,6.0,5.0,Đông - Nam,Không xác định,2.0,2.0,Đã có sổ,Không xác định,3.3,29,Hưng Yên,Văn Giang,"Shophouse, nhà phố thương mại tại Sol Forest Ecopark",0.05,50-70 m²,<4 tỷ,20.6464,106.0511
"Hồ Chí Minh, Nhà Bè, Shophouse, nhà phố thương mại tại Essensia Broadway",336.0,60.0,60.0,Đông - Bắc,Đông - Bắc,3.0,4.0,Hợp đồng mua bán,Không xác định,45.0,29,Hồ Chí Minh,Nhà Bè,"Shophouse, nhà phố thương mại tại Essensia Broadway",0.13,>90 m²,>10 tỷ,10.7769,106.7009
"Hồ Chí Minh, Bình Tân, Shophouse, nhà phố thương mại tại The Privia",111.0,6.0,10.0,Không xác định,Không xác định,3.0,2.0,Không xác định,Không xác định,15.5,29,Hồ Chí Minh,Bình Tân,"Shophouse, nhà phố thương mại tại The Privia",0.14,>90 m²,>10 tỷ,10.7769,106.7009
"Hà Nội, Nam Từ Liêm, Shophouse, nhà phố thương mại tại Central Lakeside",80.0,5.0,15.0,Đông - Nam,Đông - Nam,3.0,2.0,Hợp đồng mua bán,Không xác định,12.6,29,Hà Nội,Nam Từ Liêm,"Shophouse, nhà phố thương mại tại Central Lakeside",0.16,70-90 m²,>10 tỷ,21.0285,105.8542
"Hà Nội, Hoài Đức, Shophouse, nhà phố thương mại tại Hinode Royal Park",100.0,6.0,10.0,Không xác định,Không xác định,3.0,2.0,Không xác định,Không xác định,21.0,28,Hà Nội,Hoài Đức,"Shophouse, nhà phố thương mại tại Hinode Royal Park",0.21,>90 m²,>10 tỷ,21.0285,105.8542
"Hải Phòng, Thủy Nguyên, Shophouse, nhà phố thương mại tại Hoàng Huy New City",90.0,6.0,15.0,Tây,Không xác định,3.0,2.0,Đã có sổ,Không xác định,9.61,24,Hải Phòng,Thủy Nguyên,"Shophouse, nhà phố thương mại tại Hoàng Huy New City",0.11,70-90 m²,8-10 tỷ,20.8449,106.6881
"Hồ Chí Minh, Quận 2, Shophouse, nhà phố thương mại tại The Global City",95.0,19.0,19.0,Đông - Nam,Đông - Nam,8.0,5.0,Đã có sổ,Không xác định,31.0,28,Hồ Chí Minh,Quận 2,"Shophouse, nhà phố thương mại tại The Global City",0.33,>90 m²,>10 tỷ,10.7769,106.7009
"Hồ Chí Minh, Quận 2, Shophouse, nhà phố thương mại tại SOHO - The Global City",95.0,19.0,19.0,Đông - Nam,Đông - Nam,8.0,5.0,Đã có sổ,Không xác định,33.0,28,Hồ Chí Minh,Quận 2,"Shophouse, nhà phố thương mại tại SOHO - The Global City",0.35,>90 m²,>10 tỷ,10.7769,106.7009
"Hồ Chí Minh, Quận 2, Shophouse, nhà phố thương mại tại SOHO - The Global City",95.0,19.0,19.0,Đông - Nam,Đông - Nam,8.0,5.0,Đã có sổ,Không xác định,32.0,28,Hồ Chí Minh,Quận 2,"Shophouse, nhà phố thương mại tại SOHO - The Global City",0.34,>90 m²,>10 tỷ,10.7769,106.7009
"Bắc Ninh, Từ Sơn, Shophouse, nhà phố thương mại tại Centa Riverside",100.0,5.0,16.0,Không xác định,Không xác định,4.0,4.0,Đã có sổ,Không xác định,7.0,22,Bắc Ninh,Từ Sơn,"Shophouse, nhà phố thương mại tại Centa Riverside",0.07,>90 m²,6-8 tỷ,21.1861,106.0763
"Hà Nội, Đông Anh, Shophouse, nhà phố thương mại tại Vinhomes Global Gate",62.0,5.5,30.0,Không xác định,Không xác định,6.0,8.0,Đã có sổ,Không xác định,12.5,30,Hà Nội,Đông Anh,"Shophouse, nhà phố thương mại tại Vinhomes Global Gate",0.2,50-70 m²,>10 tỷ,21.0285,105.8542
"Bà Rịa Vũng Tàu, Vũng Tàu, Shophouse, nhà phố thương mại tại La Vida Residences",120.0,6.0,10.0,Không xác định,Không xác định,3.0,2.0,Đã có sổ,Không xác định,13.5,30,Bà Rịa Vũng Tàu,Vũng Tàu,"Shophouse, nhà phố thương mại tại La Vida Residences",0.11,>90 m²,>10 tỷ,10.4114,107.1362
"Khánh Hòa, Nha Trang, Shophouse, nhà phố thương mại tại Vinhomes Pearl Bay",80.0,6.0,33.0,Không xác định,Không xác định,6.0,7.0,Đã có sổ,Không xác định,15.6,30,Khánh Hòa,Nha Trang,"Shophouse, nhà phố thương mại tại Vinhomes Pearl Bay",0.2,70-90 m²,>10 tỷ,12.2388,109.1967
"Khánh Hòa, Nha Trang, Shophouse, nhà phố thương mại tại Vinhomes Pearl Bay",86.0,6.0,20.0,Không xác định,Không xác định,6.0,7.0,Đã có sổ,Cơ bản,9.4,30,Khánh Hòa,Nha Trang,"Shophouse, nhà phố thương mại tại Vinhomes Pearl Bay",0.11,70-90 m²,8-10 tỷ,12.2388,109.1967
"Hà Nội, Long Biên, Shophouse, nhà phố thương mại tại Berriver Jardin Long Biên",103.0,28.0,40.0,Không xác định,Không xác định,3.0,2.0,Đã có sổ,Không xác định,6.18,30,Hà Nội,Long Biên,"Shophouse, nhà phố thương mại tại Berriver Jardin Long Biên",0.06,>90 m²,6-8 tỷ,21.0285,105.8542
"Hà Nội, Hoàng Mai, Shophouse, nhà phố thương mại tại Galia Hanoi",60.0,6.0,40.0,Tây - Nam,Tây - Bắc,3.0,2.0,Đã có sổ,Không xác định,11.6,30,Hà Nội,Hoàng Mai,"Shophouse, nhà phố thương mại tại Galia Hanoi",0.19,50-70 m²,>10 tỷ,21.0285,105.8542
"Hồ Chí Minh, Tân Phú, Shophouse, nhà phố thương mại tại Celadon City",554.0,16.5,10.0,Không xác định,Không xác định,3.0,2.0,Không xác định,Cơ bản,48.51,30,Hồ Chí Minh,Tân Phú,"Shophouse, nhà phố thương mại tại Celadon City",0.09,>90 m²,>10 tỷ,10.7769,106.7009
"Nghệ An, Vinh, Shophouse, nhà phố thương mại tại Casa Bonita",108.0,6.0,10.0,Không xác định,Không xác định,3.0,2.0,Không xác định,Không xác định,3.82,30,Nghệ An,Vinh,"Shophouse, nhà phố thương mại tại Casa Bonita",0.04,>90 m²,<4 tỷ,19.2342,104.892
"Đồng Nai, Biên Hòa, Shophouse, nhà phố thương mại tại Aqua City",117.0,6.0,45.0,Đông,Đông,4.0,5.0,Hợp đồng mua bán,Không xác định,11.4,30,Đồng Nai,Biên Hòa,"Shophouse, nhà phố thương mại tại Aqua City",0.1,>90 m²,>10 tỷ,10.9454,106.8248
"Bắc Ninh, Từ Sơn, Shophouse, nhà phố thương mại tại Centa Riverside",120.0,6.0,16.0,Nam,Không xác định,4.0,4.0,Đã có sổ,Không xác định,7.8,23,Bắc Ninh,Từ Sơn,"Shophouse, nhà phố thương mại tại Centa Riverside",0.06,>90 m²,6-8 tỷ,21.1861,106.0763
"Hà Nội, Nam Từ Liêm, Shophouse, nhà phố thương mại tại Central Lakeside",90.0,5.0,17.5,Đông - Bắc,Tây - Nam,5.0,6.0,Hợp đồng mua bán,Không xác định,14.17,29,Hà Nội,Nam Từ Liêm,"Shophouse, nhà phố thương mại tại Central Lakeside",0.16,70-90 m²,>10 tỷ,21.0285,105.8542
"Bà Rịa Vũng Tàu, Vũng Tàu, Shophouse, nhà phố thương mại tại Blanca City",175.0,10.0,15.0,Không xác định,Không xác định,3.0,3.0,Đã có sổ,Cơ bản,30.9,29,Bà Rịa Vũng Tàu,Vũng Tàu,"Shophouse, nhà phố thương mại tại Blanca City",0.18,>90 m²,>10 tỷ,10.4114,107.1362
"Cần Thơ, Cái Răng, Shophouse, nhà phố thương mại tại Nam Long II Central Lake",108.0,6.0,47.0,Tây - Nam,Tây - Nam,3.0,4.0,Hợp đồng mua bán,Cơ bản,8.88,29,Cần Thơ,Cái Răng,"Shophouse, nhà phố thương mại tại Nam Long II Central Lake",0.08,>90 m²,8-10 tỷ,10.0452,105.7469
"Hà Nội, Thường Tín, Shophouse, nhà phố thương mại tại Him Lam Thường Tín",81.0,6.0,11.0,Nam,Không xác định,3.0,2.0,Đã có sổ,Không xác định,5.83,29,Hà Nội,Thường Tín,"Shophouse, nhà phố thương mại tại Him Lam Thường Tín",0.07,70-90 m²,4-6 tỷ,21.0285,105.8542
"Thừa Thiên Huế, Phú Lộc, Shophouse, nhà phố thương mại tại Phố chợ Lăng Cô",132.6,4.0,13.0,Nam,Nam,4.0,3.0,Đã có sổ,Không xác định,1.75,29,Thừa Thiên Huế,Phú Lộc,"Shophouse, nhà phố thương mại tại Phố chợ Lăng Cô",0.01,>90 m²,<4 tỷ,16.4637,107.5909
"Bình Dương, Thuận An, Shophouse, nhà phố thương mại tại Opal Skyline",57.9,6.0,10.0,Không xác định,Không xác định,1.0,1.0,Đã có sổ,Cơ bản,3.85,29,Bình Dương,Thuận An,"Shophouse, nhà phố thương mại tại Opal Skyline",0.07,50-70 m²,<4 tỷ,11.1604,106.6508
"Hà Nội, Hoàng Mai, Shophouse, nhà phố thương mại tại Bea Sky",309.0,6.0,10.0,Không xác định,Không xác định,3.0,2.0,Hợp đồng mua bán,Cơ bản,0.09,29,Hà Nội,Hoàng Mai,"Shophouse, nhà phố thương mại tại Bea Sky",0.0,>90 m²,<4 tỷ,21.0285,105.8542
"Hưng Yên, Văn Giang, Shophouse, nhà phố thương mại tại Vinhomes Ocean Park 2",80.0,5.0,20.0,Không xác định,Không xác định,3.0,2.0,Đã có sổ,Không xác định,10.9,29,Hưng Yên,Văn Giang,"Shophouse, nhà phố thương mại tại Vinhomes Ocean Park 2",0.14,70-90 m²,>10 tỷ,20.6464,106.0511
"Hà Nội, Hoài Đức, Shophouse, nhà phố thương mại tại Geleximco Lê Trọng Tấn - Hoài Đức",120.0,5.0,40.0,Đông - Bắc,Đông - Bắc,8.0,5.0,Đã có sổ,Không xác định,36.0,29,Hà Nội,Hoài Đức,"Shophouse, nhà phố thương mại tại Geleximco Lê Trọng Tấn - Hoài Đức",0.3,>90 m²,>10 tỷ,21.0285,105.8542
"Hải Phòng, Dương Kinh, Shophouse, nhà phố thương mại tại Vinhomes Golden City",105.0,8.0,20.0,Không xác định,Không xác định,3.0,2.0,Không xác định,Không xác định,8.0,25,Hải Phòng,Dương Kinh,"Shophouse, nhà phố thương mại tại Vinhomes Golden City",0.08,>90 m²,6-8 tỷ,20.8449,106.6881
"Hồ Chí Minh, Tân Phú, Shophouse, nhà phố thương mại tại Diamond Alnata",535.0,15.0,61.0,Không xác định,Không xác định,5.0,5.0,Không xác định,Đầy đủ,48.0,30,Hồ Chí Minh,Tân Phú,"Shophouse, nhà phố thương mại tại Diamond Alnata",0.09,>90 m²,>10 tỷ,10.7769,106.7009
"Hồ Chí Minh, Tân Phú, Shophouse, nhà phố thương mại tại Celadon City",288.0,6.0,10.0,Nam,Không xác định,3.0,2.0,Không xác định,Không xác định,30.27,30,Hồ Chí Minh,Tân Phú,"Shophouse, nhà phố thương mại tại Celadon City",0.11,>90 m²,>10 tỷ,10.7769,106.7009
"Hà Nội, Đan Phượng, Shophouse, nhà phố thương mại tại Noble Palace Tây Thăng Long",62.5,5.0,10.5,Đông - Nam,Đông - Nam,5.0,5.0,Hợp đồng mua bán,Cơ bản,13.5,22,Hà Nội,Đan Phượng,"Shophouse, nhà phố thương mại tại Noble Palace Tây Thăng Long",0.22,50-70 m²,>10 tỷ,21.0285,105.8542
"Hưng Yên, Văn Giang, Shophouse, nhà phố thương mại tại Vinhomes Ocean Park 3",102.0,7.0,20.0,Đông - Bắc,Không xác định,3.0,2.0,Đã có sổ,Không xác định,27.6,25,Hưng Yên,Văn Giang,"Shophouse, nhà phố thương mại tại Vinhomes Ocean Park 3",0.27,>90 m²,>10 tỷ,20.6464,106.0511
"Hà Nam, Phủ Lý, Shophouse, nhà phố thương mại tại Sun Urban City",57.7,6.0,10.0,Không xác định,Không xác định,3.0,2.0,Đã có sổ,Không xác định,3.0,27,Hà Nam,Phủ Lý,"Shophouse, nhà phố thương mại tại Sun Urban City",0.05,50-70 m²,<4 tỷ,20.5453,105.9126
"Quảng Ninh, Vân Đồn, Shophouse, nhà phố thương mại tại Sonasea Vân Đồn Harbor City",100.0,5.0,10.0,Tây,Nam,7.0,8.0,Hợp đồng mua bán,Không xác định,7.0,30,Quảng Ninh,Vân Đồn,"Shophouse, nhà phố thương mại tại Sonasea Vân Đồn Harbor City",0.07,>90 m²,6-8 tỷ,21.0069,107.2925
"Hà Nội, Long Biên, Shophouse, nhà phố thương mại tại Berriver Jardin Long Biên",80.0,6.0,10.0,Không xác định,Không xác định,2.0,2.0,Đã có sổ,Cơ bản,4.2,30,Hà Nội,Long Biên,"Shophouse, nhà phố thương mại tại Berriver Jardin Long Biên",0.05,70-90 m²,4-6 tỷ,21.0285,105.8542
"Hà Nội, Long Biên, Shophouse, nhà phố thương mại tại Berriver Jardin Long Biên",185.0,28.0,40.0,Không xác định,Không xác định,3.0,2.0,Đã có sổ,Không xác định,0.15,30,Hà Nội,Long Biên,"Shophouse, nhà phố thương mại tại Berriver Jardin Long Biên",0.0,>90 m²,<4 tỷ,21.0285,105.8542
"Hà Nội, Đông Anh, Shophouse, nhà phố thương mại tại Vinhomes Global Gate",82.5,6.0,40.0,Không xác định,Không xác định,6.0,7.0,Đã có sổ,Cơ bản,14.0,30,Hà Nội,Đông Anh,"Shophouse, nhà phố thương mại tại Vinhomes Global Gate",0.17,70-90 m²,>10 tỷ,21.0285,105.8542
"Bắc Ninh, Từ Sơn, Shophouse, nhà phố thương mại tại Centa Riverside",100.0,5.0,16.0,Không xác định,Không xác định,4.0,4.0,Đã có sổ,Không xác định,7.0,25,Bắc Ninh,Từ Sơn,"Shophouse, nhà phố thương mại tại Centa Riverside",0.07,>90 m²,6-8 tỷ,21.1861,106.0763
"Hà Nội, Nam Từ Liêm, Shophouse, nhà phố thương mại tại Hateco Apollo",214.0,6.0,10.0,Đông - Nam,Không xác định,3.0,2.0,Đã có sổ,Không xác định,0.07,8,Hà Nội,Nam Từ Liêm,"Shophouse, nhà phố thương mại tại Hateco Apollo",0.0,>90 m²,<4 tỷ,21.0285,105.8542
"Quảng Ninh, Móng Cái, Đất nền dự án tại ASC Móng Cái",120.0,6.0,10.5,Không xác định,Không xác định,3.0,2.0,Đã có sổ,Không xác định,0.02,2,Quảng Ninh,Móng Cái,Đất nền dự án tại ASC Móng Cái,0.0,>90 m²,<4 tỷ,21.0069,107.2925
"Quảng Ninh, Hạ Long, Đất nền dự án tại Monaco Hạ Long",660.0,20.0,10.0,Đông - Nam,Không xác định,3.0,2.0,Hợp đồng mua bán,Không xác định,0.03,2,Quảng Ninh,Hạ Long,Đất nền dự án tại Monaco Hạ Long,0.0,>90 m²,<4 tỷ,21.0069,107.2925
"Lạng Sơn, Hữu Lũng, Đất nền dự án tại đường Quốc lộ 1A",101.9,5.0,7.0,Đông - Nam,Không xác định,3.0,2.0,Đã có sổ,Không xác định,2.6,2,Lạng Sơn,Hữu Lũng,Đất nền dự án tại đường Quốc lộ 1A,0.03,>90 m²,<4 tỷ,21.8537,106.761
"Quảng Ninh, Hạ Long, Đất nền dự án tại Pearl Villas",486.0,15.0,10.0,Bắc,Không xác định,3.0,2.0,Đã có sổ,Không xác định,0.08,2,Quảng Ninh,Hạ Long,Đất nền dự án tại Pearl Villas,0.0,>90 m²,<4 tỷ,21.0069,107.2925
"Cần Thơ, Cái Răng, Đất nền dự án tại Khu dân cư Phú An",400.0,16.0,10.0,Tây - Nam,Không xác định,3.0,2.0,Đã có sổ,Không xác định,8.0,1,Cần Thơ,Cái Răng,Đất nền dự án tại Khu dân cư Phú An,0.02,>90 m²,6-8 tỷ,10.0452,105.7469
"Hà Tĩnh, Đức Thọ, Đất nền dự án tại ROX Living Đức Thọ",180.0,6.0,10.0,Không xác định,Không xác định,3.0,2.0,Đã có sổ,Không xác định,18.86,1,Hà Tĩnh,Đức Thọ,Đất nền dự án tại ROX Living Đức Thọ,0.1,>90 m²,>10 tỷ,18.3428,105.9056
"Hà Nam, Phủ Lý, Đất nền dự án tại Khu đô thị bờ đông sông Đáy",81.0,5.0,16.0,Tây,Không xác định,3.0,2.0,Đã có sổ,Không xác định,3.0,1,Hà Nam,Phủ Lý,Đất nền dự án tại Khu đô thị bờ đông sông Đáy,0.04,70-90 m²,<4 tỷ,20.5453,105.9126
"Hà Tĩnh, Đức Thọ, Đất nền dự án tại ROX Living Đức Thọ",120.0,6.0,10.0,Không xác định,Không xác định,3.0,2.0,Đã có sổ,Không xác định,12.57,1,Hà Tĩnh,Đức Thọ,Đất nền dự án tại ROX Living Đức Thọ,0.1,>90 m²,>10 tỷ,18.3428,105.9056
"Hải Dương, Hải Dương, Đất nền dự án tại Phú Quý Golden Land",300.0,12.0,15.5,Tây - Nam,Không xác định,3.0,2.0,Đã có sổ,Không xác định,0.04,1,Hải Dương,Hải Dương,Đất nền dự án tại Phú Quý Golden Land,0.0,>90 m²,<4 tỷ,20.9374,106.3146
"Hải Dương, Hải Dương, Đất nền dự án tại Phú Quý Golden Land",85.5,4.5,15.5,Đông - Bắc,Không xác định,3.0,2.0,Đã có sổ,Không xác định,0.04,1,Hải Dương,Hải Dương,Đất nền dự án tại Phú Quý Golden Land,0.0,70-90 m²,<4 tỷ,20.9374,106.3146
"Hải Dương, Hải Dương, Đất nền dự án tại Phú Quý Golden Land",85.5,4.5,15.5,Tây - Bắc,Không xác định,3.0,2.0,Đã có sổ,Không xác định,0.05,1,Hải Dương,Hải Dương,Đất nền dự án tại Phú Quý Golden Land,0.0,70-90 m²,<4 tỷ,20.9374,106.3146
"Hà Nam, Phủ Lý, Đất nền dự án tại Khu đô thị bờ đông sông Đáy",75.0,5.0,16.0,Tây,Không xác định,3.0,2.0,Đã có sổ,Không xác định,2.75,1,Hà Nam,Phủ Lý,Đất nền dự án tại Khu đô thị bờ đông sông Đáy,0.04,70-90 m²,<4 tỷ,20.5453,105.9126
"Thái Nguyên, Sông Công, Đất nền dự án tại Kosy Sông Công",100.0,5.0,20.0,Đông - Nam,Không xác định,3.0,2.0,Hợp đồng mua bán,Không xác định,1.34,8,Thái Nguyên,Sông Công,Đất nền dự án tại Kosy Sông Công,0.01,>90 m²,<4 tỷ,21.5928,105.8442
"Long An, Cần Đước, Đất nền dự án tại Nam Phong Eco Town",88.0,7.0,20.0,Bắc,Không xác định,3.0,2.0,Đã có sổ,Không xác định,1.15,8,Long An,Cần Đước,Đất nền dự án tại Nam Phong Eco Town,0.01,70-90 m²,<4 tỷ,10.536,106.4099
"Long An, Cần Đước, Đất nền dự án tại Nam Phong Eco Town",88.0,4.0,8.0,Không xác định,Không xác định,3.0,2.0,Đã có sổ,Không xác định,0.68,8,Long An,Cần Đước,Đất nền dự án tại Nam Phong Eco Town,0.01,70-90 m²,<4 tỷ,10.536,106.4099
"Thái Nguyên, Thái Nguyên, Đất nền dự án tại Kosy Gia Sàng",110.0,5.0,36.0,Không xác định,Không xác định,3.0,2.0,Không xác định,Không xác định,2.64,1,Thái Nguyên,Thái Nguyên,Đất nền dự án tại Kosy Gia Sàng,0.02,>90 m²,<4 tỷ,21.5928,105.8442
"Thái Nguyên, Phổ Yên, Đất nền dự án tại Phổ Yên City Rise",75.0,6.0,10.0,Không xác định,Không xác định,3.0,2.0,Đã có sổ,Không xác định,1.9,1,Thái Nguyên,Phổ Yên,Đất nền dự án tại Phổ Yên City Rise,0.03,70-90 m²,<4 tỷ,21.5928,105.8442
"Quảng Ninh, Vân Đồn, Đất nền dự án tại Khu đô thị Phương Đông",87.5,5.0,32.0,Tây - Bắc,Không xác định,3.0,2.0,Đã có sổ,Không xác định,0.04,6,Quảng Ninh,Vân Đồn,Đất nền dự án tại Khu đô thị Phương Đông,0.0,70-90 m²,<4 tỷ,21.0069,107.2925
"Quảng Ninh, Vân Đồn, Đất nền dự án tại Khu đô thị Thống Nhất Vân Đồn",94.0,5.0,7.5,Đông - Bắc,Không xác định,3.0,2.0,Đã có sổ,Không xác định,0.04,6,Quảng Ninh,Vân Đồn,Đất nền dự án tại Khu đô thị Thống Nhất Vân Đồn,0.0,>90 m²,<4 tỷ,21.0069,107.2925
"Hà Nội, Phú Xuyên, Đất nền dự án tại KĐT Inoha City Phú Xuyên",90.0,6.0,10.0,Không xác định,Không xác định,3.0,2.0,Không xác định,Không xác định,2.25,5,Hà Nội,Phú Xuyên,Đất nền dự án tại KĐT Inoha City Phú Xuyên,0.02,70-90 m²,<4 tỷ,21.0285,105.8542
"Hòa Bình, Lương Sơn, Đất nền dự án tại Phương Đông Green Valley",114.0,6.0,24.0,Tây,Không xác định,3.0,2.0,Đã có sổ,Không xác định,1.95,5,Hòa Bình,Lương Sơn,Đất nền dự án tại Phương Đông Green Valley,0.02,>90 m²,<4 tỷ,20.8133,105.3383
"Quảng Ninh, Uông Bí, Đất nền dự án tại Khu đô thị Licogi 18.1",100.0,5.0,24.0,Không xác định,Không xác định,3.0,2.0,Đã có sổ,Không xác định,2.4,5,Quảng Ninh,Uông Bí,Đất nền dự án tại Khu đô thị Licogi 18.1,0.02,>90 m²,<4 tỷ,21.0069,107.2925
"Long An, Đức Hòa, Đất nền dự án tại Khu đô thị Daresco",100.0,5.0,16.0,Đông - Nam,Không xác định,3.0,2.0,Đã có sổ,Không xác định,0.01,2,Long An,Đức Hòa,Đất nền dự án tại Khu đô thị Daresco,0.0,>90 m²,<4 tỷ,10.536,106.4099
"Quảng Nam, Điện Bàn, Đất nền dự án tại Khu đô thị số 4",171.5,7.0,7.5,Nam,Không xác định,3.0,2.0,Đã có sổ,Không xác định,3.57,4,Quảng Nam,Điện Bàn,Đất nền dự án tại Khu đô thị số 4,0.02,>90 m²,<4 tỷ,15.5667,108.4833
"Bắc Ninh, Yên Phong, Đất nền dự án tại Yên Phong Gateway",115.0,5.0,14.0,Không xác định,Không xác định,3.0,2.0,Đã có sổ,Không xác định,3.55,4,Bắc Ninh,Yên Phong,Đất nền dự án tại Yên Phong Gateway,0.03,>90 m²,<4 tỷ,21.1861,106.0763
"Hồ Chí Minh, Quận 12, Đất nền dự án tại Hà Đô Riverside",93.0,15.0,12.0,Không xác định,Không xác định,3.0,2.0,Hợp đồng mua bán,Không xác định,5.01,4,Hồ Chí Minh,Quận 12,Đất nền dự án tại Hà Đô Riverside,0.05,>90 m²,4-6 tỷ,10.7769,106.7009
"Vĩnh Phúc, Phúc Yên, Đất nền dự án tại Khu đô thị mới Xuân Hòa",133.0,5.0,13.0,Không xác định,Không xác định,3.0,2.0,Đã có sổ,Không xác định,0.03,4,Vĩnh Phúc,Phúc Yên,Đất nền dự án tại Khu đô thị mới Xuân Hòa,0.0,>90 m²,<4 tỷ,21.3083,105.6042
"Bắc Giang, Hiệp Hòa, Đất nền dự án tại Thường Thắng Central Park",107.0,5.0,10.0,Không xác định,Không xác định,3.0,2.0,Không xác định,Không xác định,0.76,12,Bắc Giang,Hiệp Hòa,Đất nền dự án tại Thường Thắng Central Park,0.01,>90 m²,<4 tỷ,21.2731,106.1946
"Bình Định, Vân Canh, Đất nền dự án tại Becamex VSIP Bình Định",150.0,6.0,10.0,Không xác định,Không xác định,3.0,2.0,Không xác định,Không xác định,0.01,1,Bình Định,Vân Canh,Đất nền dự án tại Becamex VSIP Bình Định,0.0,>90 m²,<4 tỷ,13.782,109.2194
"Phú Thọ, Thanh Sơn, Đất nền dự án tại Thanh Sơn Riverside",114.0,6.0,10.0,Nam,Không xác định,3.0,2.0,Đã có sổ,Không xác định,1.65,11,Phú Thọ,Thanh Sơn,Đất nền dự án tại Thanh Sơn Riverside,0.01,>90 m²,<4 tỷ,21.3167,105.2167
"An Giang, Châu Thành, Đất nền dự án tại An Châu Central",83.5,5.5,6.0,Đông - Nam,Không xác định,3.0,2.0,Đã có sổ,Không xác định,2.2,11,An Giang,Châu Thành,Đất nền dự án tại An Châu Central,0.03,70-90 m²,<4 tỷ,10.3759,105.4185
"Long An, Thủ Thừa, Đất nền dự án tại Agora City",108.0,6.0,10.0,Không xác định,Không xác định,3.0,2.0,Đã có sổ,Không xác định,0.02,11,Long An,Thủ Thừa,Đất nền dự án tại Agora City,0.0,>90 m²,<4 tỷ,10.536,106.4099
"Bình Dương, Tân Uyên, Đất nền dự án tại Tân Uyên Central Point",67.5,4.5,6.0,Đông,Không xác định,3.0,2.0,Đã có sổ,Không xác định,1.3,11,Bình Dương,Tân Uyên,Đất nền dự án tại Tân Uyên Central Point,0.02,50-70 m²,<4 tỷ,11.1604,106.6508
"Thái Nguyên, Phú Bình, Đất nền dự án tại Kha Sơn Green Home",100.0,5.0,15.0,Đông - Bắc,Không xác định,3.0,2.0,Đã có sổ,Không xác định,0.09,11,Thái Nguyên,Phú Bình,Đất nền dự án tại Kha Sơn Green Home,0.0,>90 m²,<4 tỷ,21.5928,105.8442
"Hải Dương, Kinh Môn, Đất nền dự án tại Phú Thứ Park Hill",90.0,5.0,5.0,Đông,Không xác định,3.0,2.0,Đã có sổ,Không xác định,2.0,10,Hải Dương,Kinh Môn,Đất nền dự án tại Phú Thứ Park Hill,0.02,70-90 m²,<4 tỷ,20.9374,106.3146
"Hưng Yên, Yên Mỹ, Đất nền dự án tại Phố Nối House",80.0,5.0,15.5,Nam,Không xác định,3.0,2.0,Đã có sổ,Không xác định,2.55,10,Hưng Yên,Yên Mỹ,Đất nền dự án tại Phố Nối House,0.03,70-90 m²,<4 tỷ,20.6464,106.0511
"Long An, Đức Hòa, Đất nền dự án tại Cát Tường Phú Sinh Eco City",48.0,4.0,18.0,Bắc,Không xác định,3.0,2.0,Đã có sổ,Không xác định,0.85,10,Long An,Đức Hòa,Đất nền dự án tại Cát Tường Phú Sinh Eco City,0.02,30-50 m²,<4 tỷ,10.536,106.4099
"Hưng Yên, Yên Mỹ, Đất nền dự án tại Phố Nối House",60.0,5.0,12.0,Không xác định,Không xác định,3.0,2.0,Đã có sổ,Không xác định,3.8,10,Hưng Yên,Yên Mỹ,Đất nền dự án tại Phố Nối House,0.06,50-70 m²,<4 tỷ,20.6464,106.0511
"Quảng Ninh, Quảng Yên, Đất nền dự án tại Quảng Yên Centro",85.0,5.0,10.0,Nam,Không xác định,3.0,2.0,Đã có sổ,Không xác định,0.04,10,Quảng Ninh,Quảng Yên,Đất nền dự án tại Quảng Yên Centro,0.0,70-90 m²,<4 tỷ,21.0069,107.2925
"Đà Nẵng, Ngũ Hành Sơn, Đất nền dự án tại Khu đô thị Nam Cầu Tuyên Sơn",190.0,6.0,10.0,Không xác định,Không xác định,3.0,2.0,Đã có sổ,Không xác định,17.2,9,Đà Nẵng,Ngũ Hành Sơn,Đất nền dự án tại Khu đô thị Nam Cầu Tuyên Sơn,0.09,>90 m²,>10 tỷ,16.0544,108.2022
"Hồ Chí Minh, Quận 2, Đất nền dự án tại Khu dân cư Thế kỉ 21",411.0,16.5,20.0,Không xác định,Không xác định,3.0,2.0,Đã có sổ,Không xác định,0.29,9,Hồ Chí Minh,Quận 2,Đất nền dự án tại Khu dân cư Thế kỉ 21,0.0,>90 m²,<4 tỷ,10.7769,106.7009
"Hồ Chí Minh, Quận 2, Đất nền dự án tại Khu dân cư Thạnh Mỹ Lợi",110.0,5.0,40.0,Không xác định,Không xác định,3.0,2.0,Đã có sổ,Không xác định,0.27,9,Hồ Chí Minh,Quận 2,Đất nền dự án tại Khu dân cư Thạnh Mỹ Lợi,0.0,>90 m²,<4 tỷ,10.7769,106.7009
"Hồ Chí Minh, Quận 2, Đất nền dự án tại Khu dân cư Thạnh Mỹ Lợi",160.0,6.0,10.0,Không xác định,Không xác định,3.0,2.0,Không xác định,Không xác định,0.22,9,Hồ Chí Minh,Quận 2,Đất nền dự án tại Khu dân cư Thạnh Mỹ Lợi,0.0,>90 m²,<4 tỷ,10.7769,106.7009
"Hồ Chí Minh, Quận 2, Đất nền dự án tại Khu dân cư Thạnh Mỹ Lợi",351.0,13.5,12.0,Không xác định,Không xác định,3.0,2.0,Hợp đồng mua bán,Không xác định,0.17,9,Hồ Chí Minh,Quận 2,Đất nền dự án tại Khu dân cư Thạnh Mỹ Lợi,0.0,>90 m²,<4 tỷ,10.7769,106.7009
"Hồ Chí Minh, Quận 2, Đất nền dự án tại Khu Dân cư Thủ Thiêm Villa",184.0,8.0,12.0,Không xác định,Không xác định,3.0,2.0,Hợp đồng mua bán,Không xác định,0.14,9,Hồ Chí Minh,Quận 2,Đất nền dự án tại Khu Dân cư Thủ Thiêm Villa,0.0,>90 m²,<4 tỷ,10.7769,106.7009
"Kiên Giang, Hà Tiên, Đất nền dự án tại Khu đô thị mới Hà Tiên",562.7,22.5,10.0,Không xác định,Không xác định,3.0,2.0,Đã có sổ,Không xác định,12.0,8,Kiên Giang,Hà Tiên,Đất nền dự án tại Khu đô thị mới Hà Tiên,0.02,>90 m²,>10 tỷ,10.0125,105.0809
"Thái Nguyên, Sông Công, Đất nền dự án tại Kosy Sông Công",100.0,5.0,13.5,Tây - Bắc,Không xác định,3.0,2.0,Không xác định,Không xác định,0.75,8,Thái Nguyên,Sông Công,Đất nền dự án tại Kosy Sông Công,0.01,>90 m²,<4 tỷ,21.5928,105.8442
"Vĩnh Phúc, Vĩnh Yên, Đất nền dự án tại Khu đô thị mới Nam Vĩnh Yên",347.0,13.0,19.0,Không xác định,Không xác định,3.0,2.0,Hợp đồng mua bán,Không xác định,9.55,5,Vĩnh Phúc,Vĩnh Yên,Đất nền dự án tại Khu đô thị mới Nam Vĩnh Yên,0.03,>90 m²,8-10 tỷ,21.3083,105.6042
"Thái Nguyên, Phổ Yên, Đất nền dự án tại Tân Phú City",88.5,5.0,17.0,Không xác định,Không xác định,3.0,2.0,Đã có sổ,Không xác định,2.5,17,Thái Nguyên,Phổ Yên,Đất nền dự án tại Tân Phú City,0.03,70-90 m²,<4 tỷ,21.5928,105.8442
"Thái Nguyên, Phú Bình, Đất nền dự án tại Tùng Linh Peaceful",100.0,6.0,10.0,Không xác định,Không xác định,3.0,2.0,Không xác định,Không xác định,0.09,17,Thái Nguyên,Phú Bình,Đất nền dự án tại Tùng Linh Peaceful,0.0,>90 m²,<4 tỷ,21.5928,105.8442
"Bắc Ninh, Từ Sơn, Đất nền dự án tại Khu đô thị mới Phù Khê",100.0,5.0,16.0,Không xác định,Không xác định,3.0,2.0,Đã có sổ,Không xác định,5.5,17,Bắc Ninh,Từ Sơn,Đất nền dự án tại Khu đô thị mới Phù Khê,0.06,>90 m²,4-6 tỷ,21.1861,106.0763
"Hồ Chí Minh, Thủ Đức, Đất nền dự án tại đường Liên Phường",334.0,18.0,14.0,Bắc,Không xác định,3.0,2.0,Đã có sổ,Không xác định,0.06,17,Hồ Chí Minh,Thủ Đức,Đất nền dự án tại đường Liên Phường,0.0,>90 m²,<4 tỷ,10.7769,106.7009
"Long An, Đức Hòa, Đất nền dự án tại Khu công nghiệp Thái Hòa",105.0,30.0,30.0,Tây,Không xác định,3.0,2.0,Đã có sổ,Không xác định,1.2,17,Long An,Đức Hòa,Đất nền dự án tại Khu công nghiệp Thái Hòa,0.01,>90 m²,<4 tỷ,10.536,106.4099
"Hồ Chí Minh, Quận 2, Đất nền dự án tại Khu dân cư Thạnh Mỹ Lợi",80.4,5.0,13.0,Tây - Bắc,Không xác định,3.0,2.0,Đã có sổ,Không xác định,16.0,17,Hồ Chí Minh,Quận 2,Đất nền dự án tại Khu dân cư Thạnh Mỹ Lợi,0.2,70-90 m²,>10 tỷ,10.7769,106.7009
"Long An, Đức Hòa, Đất nền dự án tại Quốc Linh Diamond City",90.0,6.0,12.0,Đông - Nam,Không xác định,3.0,2.0,Đã có sổ,Không xác định,1.85,16,Long An,Đức Hòa,Đất nền dự án tại Quốc Linh Diamond City,0.02,70-90 m²,<4 tỷ,10.536,106.4099
"Quảng Ninh, Uông Bí, Đất nền dự án tại Khu đô thị Licogi 18.1",100.0,5.0,17.5,Đông - Nam,Không xác định,3.0,2.0,Đã có sổ,Không xác định,0.02,16,Quảng Ninh,Uông Bí,Đất nền dự án tại Khu đô thị Licogi 18.1,0.0,>90 m²,<4 tỷ,21.0069,107.2925
"Sóc Trăng, Sóc Trăng, Đất nền dự án tại Vạn Phát Velora",100.8,6.0,12.0,Không xác định,Không xác định,3.0,2.0,Đã có sổ,Không xác định,0.89,16,Sóc Trăng,Sóc Trăng,Đất nền dự án tại Vạn Phát Velora,0.01,>90 m²,<4 tỷ,9.6033,105.98
"Phú Yên, Sông Cầu, Đất nền dự án tại Sông Cầu Riverside",375.0,15.0,10.0,Không xác định,Không xác định,3.0,2.0,Đã có sổ,Không xác định,6.0,15,Phú Yên,Sông Cầu,Đất nền dự án tại Sông Cầu Riverside,0.02,>90 m²,4-6 tỷ,13.0882,109.3087
"Hòa Bình, Lương Sơn, Đất nền dự án tại Riverview Lương Sơn",84.9,5.4,10.0,Không xác định,Không xác định,3.0,2.0,Đã có sổ,Không xác định,1.0,15,Hòa Bình,Lương Sơn,Đất nền dự án tại Riverview Lương Sơn,0.01,70-90 m²,<4 tỷ,20.8133,105.3383
"Bình Dương, Phú Giáo, Đất nền dự án tại Khu đô thị Bắc Sài Gòn",70.0,6.0,54.0,Không xác định,Không xác định,3.0,2.0,Đã có sổ,Không xác định,1.14,15,Bình Dương,Phú Giáo,Đất nền dự án tại Khu đô thị Bắc Sài Gòn,0.02,50-70 m²,<4 tỷ,11.1604,106.6508
"Quảng Ninh, Quảng Yên, Đất nền dự án tại Quảng Yên Centro",85.0,6.0,10.0,Không xác định,Không xác định,3.0,2.0,Không xác định,Không xác định,0.03,15,Quảng Ninh,Quảng Yên,Đất nền dự án tại Quảng Yên Centro,0.0,70-90 m²,<4 tỷ,21.0069,107.2925
"Thái Bình, Tiền Hải, Đất nền dự án tại Tiền Hải Center City",100.0,5.0,13.0,Đông - Nam,Không xác định,3.0,2.0,Đã có sổ,Không xác định,0.03,15,Thái Bình,Tiền Hải,Đất nền dự án tại Tiền Hải Center City,0.0,>90 m²,<4 tỷ,20.4464,106.3364
"Long An, Bến Lức, Đất nền dự án tại The Solia",87.0,6.0,30.0,Nam,Không xác định,3.0,2.0,Đã có sổ,Không xác định,2.0,13,Long An,Bến Lức,Đất nền dự án tại The Solia,0.02,70-90 m²,<4 tỷ,10.536,106.4099
"Đà Nẵng, Liên Chiểu, Đất nền dự án tại Golden Hills City",125.0,5.0,7.5,Tây - Bắc,Không xác định,3.0,2.0,Đã có sổ,Không xác định,4.35,12,Đà Nẵng,Liên Chiểu,Đất nền dự án tại Golden Hills City,0.03,>90 m²,4-6 tỷ,16.0544,108.2022
"Bà Rịa Vũng Tàu, Bà Rịa, Đất nền dự án tại Thành Đô River Park",252.0,6.0,12.0,Đông - Bắc,Không xác định,3.0,2.0,Đã có sổ,Không xác định,3.3,12,Bà Rịa Vũng Tàu,Bà Rịa,Đất nền dự án tại Thành Đô River Park,0.01,>90 m²,<4 tỷ,10.4114,107.1362
"Long An, Cần Đước, Đất nền dự án tại Tân Lân Residence",81.0,6.0,10.0,Không xác định,Không xác định,3.0,2.0,Không xác định,Không xác định,1.0,12,Long An,Cần Đước,Đất nền dự án tại Tân Lân Residence,0.01,70-90 m²,<4 tỷ,10.536,106.4099
"Kiên Giang, Phú Quốc, Đất nền dự án tại Sonasea Villas & Resort",2365.0,59.4,12.0,Tây,Không xác định,3.0,2.0,Hợp đồng mua bán,Không xác định,43.0,12,Kiên Giang,Phú Quốc,Đất nền dự án tại Sonasea Villas & Resort,0.02,>90 m²,>10 tỷ,10.0125,105.0809
"Thái Nguyên, Phú Bình, Đất nền dự án tại Kha Sơn Green Home",100.0,5.0,15.5,Không xác định,Không xác định,3.0,2.0,Hợp đồng mua bán,Không xác định,0.02,22,Thái Nguyên,Phú Bình,Đất nền dự án tại Kha Sơn Green Home,0.0,>90 m²,<4 tỷ,21.5928,105.8442
"Thái Nguyên, Phú Bình, Đất nền dự án tại Kha Sơn Green Home",100.0,5.0,20.0,Không xác định,Không xác định,3.0,2.0,Đã có sổ,Không xác định,0.02,22,Thái Nguyên,Phú Bình,Đất nền dự án tại Kha Sơn Green Home,0.0,>90 m²,<4 tỷ,21.5928,105.8442
"Bình Định, Vân Canh, Đất nền dự án tại Becamex VSIP Bình Định",200.0,16.0,10.0,Đông - Nam,Không xác định,3.0,2.0,Đã có sổ,Không xác định,0.01,22,Bình Định,Vân Canh,Đất nền dự án tại Becamex VSIP Bình Định,0.0,>90 m²,<4 tỷ,13.782,109.2194
"Bắc Giang, Việt Yên, Đất nền dự án tại Khu đô thị Đình Trám Sen Hồ",85.0,6.0,10.0,Không xác định,Không xác định,3.0,2.0,Không xác định,Không xác định,2.0,22,Bắc Giang,Việt Yên,Đất nền dự án tại Khu đô thị Đình Trám Sen Hồ,0.02,70-90 m²,<4 tỷ,21.2731,106.1946
"Quảng Ninh, Đông Triều, Đất nền dự án tại Khu đô thị mới Kim Sơn",300.0,15.0,7.5,Nam,Không xác định,3.0,2.0,Đã có sổ,Không xác định,0.03,22,Quảng Ninh,Đông Triều,Đất nền dự án tại Khu đô thị mới Kim Sơn,0.0,>90 m²,<4 tỷ,21.0069,107.2925
"Hà Nam, Kim Bảng, Đất nền dự án tại Khu đô thị Đại Cương",90.0,6.0,10.0,Không xác định,Không xác định,3.0,2.0,Đã có sổ,Không xác định,0.05,16,Hà Nam,Kim Bảng,Đất nền dự án tại Khu đô thị Đại Cương,0.0,70-90 m²,<4 tỷ,20.5453,105.9126
"Quảng Ninh, Vân Đồn, Đất nền dự án tại Khu đô thị Thống Nhất Vân Đồn",66.0,5.0,7.5,Đông - Bắc,Không xác định,3.0,2.0,Đã có sổ,Không xác định,0.04,21,Quảng Ninh,Vân Đồn,Đất nền dự án tại Khu đô thị Thống Nhất Vân Đồn,0.0,50-70 m²,<4 tỷ,21.0069,107.2925
"Bắc Ninh, Từ Sơn, Đất nền dự án tại Khu đô thị mới Nam Từ Sơn",170.0,6.0,10.0,Không xác định,Không xác định,3.0,2.0,Hợp đồng mua bán,Không xác định,14.06,19,Bắc Ninh,Từ Sơn,Đất nền dự án tại Khu đô thị mới Nam Từ Sơn,0.08,>90 m²,>10 tỷ,21.1861,106.0763
"Bắc Giang, Bắc Giang, Đất nền dự án tại Hyde Park Bắc Giang",83.0,6.0,21.0,Không xác định,Không xác định,3.0,2.0,Không xác định,Không xác định,0.04,21,Bắc Giang,Bắc Giang,Đất nền dự án tại Hyde Park Bắc Giang,0.0,70-90 m²,<4 tỷ,21.2731,106.1946
"Đà Nẵng, Ngũ Hành Sơn, Đất nền dự án tại Khu đô thị Hòa Quý",101.0,5.0,34.0,Không xác định,Không xác định,3.0,2.0,Đã có sổ,Không xác định,4.7,21,Đà Nẵng,Ngũ Hành Sơn,Đất nền dự án tại Khu đô thị Hòa Quý,0.05,>90 m²,4-6 tỷ,16.0544,108.2022
"Hải Dương, Hải Dương, Đất nền dự án tại Licogi 18 Riverside",85.0,6.0,16.0,Nam,Không xác định,3.0,2.0,Đã có sổ,Không xác định,2.5,7,Hải Dương,Hải Dương,Đất nền dự án tại Licogi 18 Riverside,0.03,70-90 m²,<4 tỷ,20.9374,106.3146
"Hà Nam, Kim Bảng, Đất nền dự án tại Khu đô thị Đại Cương",136.0,8.0,17.0,Nam,Không xác định,3.0,2.0,Đã có sổ,Không xác định,0.04,19,Hà Nam,Kim Bảng,Đất nền dự án tại Khu đô thị Đại Cương,0.0,>90 m²,<4 tỷ,20.5453,105.9126
"Phú Thọ, Phú Thọ, Đất nền dự án tại Đất Việt Green Park",80.0,5.0,36.0,Không xác định,Không xác định,3.0,2.0,Đã có sổ,Không xác định,0.02,19,Phú Thọ,Phú Thọ,Đất nền dự án tại Đất Việt Green Park,0.0,70-90 m²,<4 tỷ,21.3167,105.2167
"Hải Dương, Thanh Miện, Đất nền dự án tại Khu đô thị Hà Phương",85.5,4.5,13.5,Nam,Không xác định,3.0,2.0,Đã có sổ,Không xác định,2.02,18,Hải Dương,Thanh Miện,Đất nền dự án tại Khu đô thị Hà Phương,0.02,70-90 m²,<4 tỷ,20.9374,106.3146
"Bắc Giang, Việt Yên, Đất nền dự án tại đường 295B",90.0,5.0,10.0,Không xác định,Không xác định,3.0,2.0,Đã có sổ,Không xác định,6.4,18,Bắc Giang,Việt Yên,Đất nền dự án tại đường 295B,0.07,70-90 m²,6-8 tỷ,21.2731,106.1946
"Long An, Thủ Thừa, Đất nền dự án tại Agora City",108.0,6.0,10.0,Không xác định,Không xác định,3.0,2.0,Đã có sổ,Không xác định,2.1,18,Long An,Thủ Thừa,Đất nền dự án tại Agora City,0.02,>90 m²,<4 tỷ,10.536,106.4099
"Bắc Giang, Việt Yên, Đất nền dự án tại Khu đô thị Tây Bắc Ninh Khánh",90.0,6.0,10.0,Không xác định,Không xác định,3.0,2.0,Đã có sổ,Không xác định,6.5,18,Bắc Giang,Việt Yên,Đất nền dự án tại Khu đô thị Tây Bắc Ninh Khánh,0.07,70-90 m²,6-8 tỷ,21.2731,106.1946
"Long An, Cần Đước, Đất nền dự án tại Tân Lân Residence",290.0,7.0,10.0,Không xác định,Không xác định,3.0,2.0,Không xác định,Không xác định,10.0,18,Long An,Cần Đước,Đất nền dự án tại Tân Lân Residence,0.03,>90 m²,8-10 tỷ,10.536,106.4099
"Hà Nội, Mê Linh, Đất nền dự án tại Khu đô thị Cienco 5 Mê Linh",100.0,5.0,18.5,Không xác định,Không xác định,3.0,2.0,Không xác định,Không xác định,4.63,18,Hà Nội,Mê Linh,Đất nền dự án tại Khu đô thị Cienco 5 Mê Linh,0.05,>90 m²,4-6 tỷ,21.0285,105.8542
"Quảng Nam, Điện Bàn, Đất nền dự án tại Ngọc Dương Riverside",100.0,6.0,10.0,Không xác định,Không xác định,3.0,2.0,Không xác định,Không xác định,2.4,18,Quảng Nam,Điện Bàn,Đất nền dự án tại Ngọc Dương Riverside,0.02,>90 m²,<4 tỷ,15.5667,108.4833
"Hưng Yên, Mỹ Hào, Đất nền dự án tại Khu nhà ở Phú Gia",75.0,5.0,10.0,Không xác định,Không xác định,3.0,2.0,Hợp đồng mua bán,Không xác định,0.07,23,Hưng Yên,Mỹ Hào,Đất nền dự án tại Khu nhà ở Phú Gia,0.0,70-90 m²,<4 tỷ,20.6464,106.0511
"Long An, Bến Lức, Đất nền dự án tại Dragon Eden",130.0,6.0,10.0,Đông - Nam,Không xác định,3.0,2.0,Đã có sổ,Không xác định,0.03,17,Long An,Bến Lức,Đất nền dự án tại Dragon Eden,0.0,>90 m²,<4 tỷ,10.536,106.4099
"Đà Nẵng, Cẩm Lệ, Đất nền dự án tại KĐT Hòa Xuân mở rộng",200.0,10.0,7.5,Tây - Nam,Không xác định,3.0,2.0,Đã có sổ,Không xác định,13.6,23,Đà Nẵng,Cẩm Lệ,Đất nền dự án tại KĐT Hòa Xuân mở rộng,0.07,>90 m²,>10 tỷ,16.0544,108.2022
"Quảng Ninh, Hạ Long, Đất nền dự án tại Biệt thự đồi Thủy Sản",216.0,6.0,10.0,Không xác định,Không xác định,3.0,2.0,Đã có sổ,Không xác định,0.02,23,Quảng Ninh,Hạ Long,Đất nền dự án tại Biệt thự đồi Thủy Sản,0.0,>90 m²,<4 tỷ,21.0069,107.2925
"Bắc Giang, Bắc Giang, Đất nền dự án tại Khu đô thị Dĩnh Trì",90.0,6.0,10.0,Không xác định,Không xác định,3.0,2.0,Không xác định,Không xác định,4.5,23,Bắc Giang,Bắc Giang,Đất nền dự án tại Khu đô thị Dĩnh Trì,0.05,70-90 m²,4-6 tỷ,21.2731,106.1946
"Hồ Chí Minh, Quận 9, Đất nền dự án tại Hưng Phú 1",90.0,5.0,12.0,Không xác định,Không xác định,3.0,2.0,Không xác định,Không xác định,8.5,23,Hồ Chí Minh,Quận 9,Đất nền dự án tại Hưng Phú 1,0.09,70-90 m²,8-10 tỷ,10.7769,106.7009
"Hồ Chí Minh, Quận 9, Đất nền dự án tại Hưng Phú 2",200.0,10.0,15.0,Không xác định,Không xác định,3.0,2.0,Không xác định,Không xác định,0.09,23,Hồ Chí Minh,Quận 9,Đất nền dự án tại Hưng Phú 2,0.0,>90 m²,<4 tỷ,10.7769,106.7009
"Hồ Chí Minh, Quận 9, Đất nền dự án tại KDC Phú Nhuận - Phước Long B",252.0,14.0,12.0,Không xác định,Không xác định,3.0,2.0,Đã có sổ,Không xác định,0.07,23,Hồ Chí Minh,Quận 9,Đất nền dự án tại KDC Phú Nhuận - Phước Long B,0.0,>90 m²,<4 tỷ,10.7769,106.7009
"Thanh Hóa, Thanh Hóa, Đất nền dự án tại Heragon City",70.0,5.0,15.0,Tây - Bắc,Không xác định,3.0,2.0,Đã có sổ,Không xác định,3.7,23,Thanh Hóa,Thanh Hóa,Đất nền dự án tại Heragon City,0.05,50-70 m²,<4 tỷ,19.8067,105.7852
"Hải Dương, Chí Linh, Đất nền dự án tại Nam Thắng Residence",80.0,5.0,7.5,Đông - Bắc,Không xác định,3.0,2.0,Đã có sổ,Không xác định,1.3,23,Hải Dương,Chí Linh,Đất nền dự án tại Nam Thắng Residence,0.02,70-90 m²,<4 tỷ,20.9374,106.3146
"Hòa Bình, Lương Sơn, Đất nền dự án tại Dream Garden City",150.0,6.0,10.0,Đông - Nam,Không xác định,3.0,2.0,Đã có sổ,Không xác định,0.02,23,Hòa Bình,Lương Sơn,Đất nền dự án tại Dream Garden City,0.0,>90 m²,<4 tỷ,20.8133,105.3383
"Bình Dương, Thuận An, Đất nền dự án tại Khu dân cư Vĩnh Phú II",240.0,12.0,18.0,Tây - Bắc,Không xác định,3.0,2.0,Đã có sổ,Không xác định,13.3,23,Bình Dương,Thuận An,Đất nền dự án tại Khu dân cư Vĩnh Phú II,0.06,>90 m²,>10 tỷ,11.1604,106.6508
"Hồ Chí Minh, Quận 9, Đất nền dự án tại Diamond Island quận 9",96.0,30.0,30.0,Tây - Bắc,Không xác định,3.0,2.0,Đã có sổ,Không xác định,5.8,23,Hồ Chí Minh,Quận 9,Đất nền dự án tại Diamond Island quận 9,0.06,>90 m²,4-6 tỷ,10.7769,106.7009
"Quảng Ninh, Hạ Long, Đất nền dự án tại Khu đô thị Cao Xanh-Hà Khánh",375.0,15.0,21.0,Đông - Nam,Không xác định,3.0,2.0,Đã có sổ,Không xác định,0.04,23,Quảng Ninh,Hạ Long,Đất nền dự án tại Khu đô thị Cao Xanh-Hà Khánh,0.0,>90 m²,<4 tỷ,21.0069,107.2925
"Thái Nguyên, Phổ Yên, Đất nền dự án tại Phổ Yên City Rise",84.0,6.0,15.0,Đông - Nam,Không xác định,3.0,2.0,Đã có sổ,Không xác định,1.3,22,Thái Nguyên,Phổ Yên,Đất nền dự án tại Phổ Yên City Rise,0.02,70-90 m²,<4 tỷ,21.5928,105.8442
"Thái Nguyên, Phú Bình, Đất nền dự án tại Kha Sơn Green Home",120.0,6.0,10.0,Không xác định,Không xác định,3.0,2.0,Không xác định,Không xác định,0.02,22,Thái Nguyên,Phú Bình,Đất nền dự án tại Kha Sơn Green Home,0.0,>90 m²,<4 tỷ,21.5928,105.8442
"Thanh Hóa, Bỉm Sơn, Đất nền dự án tại TNR Stars Bỉm Sơn",180.0,10.0,7.0,Tây - Nam,Không xác định,3.0,2.0,Đã có sổ,Không xác định,0.03,22,Thanh Hóa,Bỉm Sơn,Đất nền dự án tại TNR Stars Bỉm Sơn,0.0,>90 m²,<4 tỷ,19.8067,105.7852
"Quảng Ninh, Vân Đồn, Đất nền dự án tại Khu đô thị Phương Đông",87.5,5.0,7.5,Tây - Bắc,Không xác định,3.0,2.0,Đã có sổ,Không xác định,0.03,22,Quảng Ninh,Vân Đồn,Đất nền dự án tại Khu đô thị Phương Đông,0.0,70-90 m²,<4 tỷ,21.0069,107.2925
"Thái Nguyên, Sông Công, Đất nền dự án tại Danko Avenue",96.0,6.0,15.0,Tây,Không xác định,3.0,2.0,Đã có sổ,Không xác định,0.91,22,Thái Nguyên,Sông Công,Đất nền dự án tại Danko Avenue,0.01,>90 m²,<4 tỷ,21.5928,105.8442
"Thái Nguyên, Phú Bình, Đất nền dự án tại Kha Sơn Green Home",100.0,6.0,10.0,Không xác định,Không xác định,3.0,2.0,Không xác định,Không xác định,0.02,22,Thái Nguyên,Phú Bình,Đất nền dự án tại Kha Sơn Green Home,0.0,>90 m²,<4 tỷ,21.5928,105.8442
"Thái Nguyên, Đại Từ, Đất nền dự án tại Vạn Phú Shophouse Đại Từ",100.0,5.0,36.0,Tây - Bắc,Không xác định,3.0,2.0,Đã có sổ,Không xác định,0.02,24,Thái Nguyên,Đại Từ,Đất nền dự án tại Vạn Phú Shophouse Đại Từ,0.0,>90 m²,<4 tỷ,21.5928,105.8442
"Bình Thuận, Phan Thiết, Đất nền dự án tại Queen Pearl",260.0,17.0,15.0,Không xác định,Không xác định,3.0,2.0,Đã có sổ,Không xác định,0.01,23,Bình Thuận,Phan Thiết,Đất nền dự án tại Queen Pearl,0.0,>90 m²,<4 tỷ,11.0904,108.0722
"Bắc Ninh, Yên Phong, Đất nền dự án tại An Bình Vọng Đông",100.0,5.0,14.5,Đông - Nam,Không xác định,3.0,2.0,Đã có sổ,Không xác định,3.65,23,Bắc Ninh,Yên Phong,Đất nền dự án tại An Bình Vọng Đông,0.04,>90 m²,<4 tỷ,21.1861,106.0763
"Quảng Ninh, Hạ Long, Đất nền dự án tại La Emera Hạ Long",93.0,6.0,10.0,Không xác định,Không xác định,3.0,2.0,Đã có sổ,Không xác định,4.9,23,Quảng Ninh,Hạ Long,Đất nền dự án tại La Emera Hạ Long,0.05,>90 m²,4-6 tỷ,21.0069,107.2925
"Thái Nguyên, Phổ Yên, Đất nền dự án tại Khu đô thị Yên Bình Thái Nguyên",75.0,5.0,13.0,Đông - Bắc,Không xác định,3.0,2.0,Đã có sổ,Không xác định,0.03,23,Thái Nguyên,Phổ Yên,Đất nền dự án tại Khu đô thị Yên Bình Thái Nguyên,0.0,70-90 m²,<4 tỷ,21.5928,105.8442
"Đồng Nai, Long Thành, Đất nền dự án tại STC Long Thành",100.0,5.0,10.0,Không xác định,Không xác định,3.0,2.0,Đã có sổ,Không xác định,2.98,23,Đồng Nai,Long Thành,Đất nền dự án tại STC Long Thành,0.03,>90 m²,<4 tỷ,10.9454,106.8248
"Đồng Nai, Nhơn Trạch, Đất nền dự án tại Long Tân City",177.0,6.0,13.0,Không xác định,Không xác định,3.0,2.0,Đã có sổ,Không xác định,0.01,23,Đồng Nai,Nhơn Trạch,Đất nền dự án tại Long Tân City,0.0,>90 m²,<4 tỷ,10.9454,106.8248
"Đồng Nai, Nhơn Trạch, Đất nền dự án tại Long Tân City",177.0,6.0,10.0,Nam,Không xác định,3.0,2.0,Đã có sổ,Không xác định,0.02,23,Đồng Nai,Nhơn Trạch,Đất nền dự án tại Long Tân City,0.0,>90 m²,<4 tỷ,10.9454,106.8248
"Đồng Nai, Nhơn Trạch, Đất nền dự án tại Long Tân City",177.0,6.0,10.0,Không xác định,Không xác định,3.0,2.0,Không xác định,Không xác định,4.78,23,Đồng Nai,Nhơn Trạch,Đất nền dự án tại Long Tân City,0.03,>90 m²,4-6 tỷ,10.9454,106.8248
"Bình Dương, Dĩ An, Đất nền dự án tại Khu dân cư Phú Hồng Thịnh 6",78.6,6.0,10.0,Tây - Nam,Không xác định,3.0,2.0,Đã có sổ,Không xác định,5.55,23,Bình Dương,Dĩ An,Đất nền dự án tại Khu dân cư Phú Hồng Thịnh 6,0.07,70-90 m²,4-6 tỷ,11.1604,106.6508
"Long An, Đức Hòa, Đất nền dự án tại Khu dân cư Tân Đô",167.0,6.0,10.0,Không xác định,Không xác định,3.0,2.0,Đã có sổ,Không xác định,3.3,23,Long An,Đức Hòa,Đất nền dự án tại Khu dân cư Tân Đô,0.02,>90 m²,<4 tỷ,10.536,106.4099
"Bình Định, Tuy Phước, Đất nền dự án tại Quy Nhơn Iconic",80.0,5.0,16.0,Đông - Bắc,Không xác định,3.0,2.0,Đã có sổ,Không xác định,1.8,21,Bình Định,Tuy Phước,Đất nền dự án tại Quy Nhơn Iconic,0.02,70-90 m²,<4 tỷ,13.782,109.2194
"Bắc Giang, Lạng Giang, Đất nền dự án tại Khu đô thị Rùa Vàng City",75.0,5.0,16.0,Không xác định,Không xác định,3.0,2.0,Đã có sổ,Không xác định,2.0,23,Bắc Giang,Lạng Giang,Đất nền dự án tại Khu đô thị Rùa Vàng City,0.03,70-90 m²,<4 tỷ,21.2731,106.1946
"Bắc Giang, Yên Dũng, Đất nền dự án tại Khu dân cư Nam Tiến",90.0,5.0,16.0,Không xác định,Không xác định,3.0,2.0,Đã có sổ,Không xác định,2.7,23,Bắc Giang,Yên Dũng,Đất nền dự án tại Khu dân cư Nam Tiến,0.03,70-90 m²,<4 tỷ,21.2731,106.1946
"Đà Nẵng, Ngũ Hành Sơn, Đất nền dự án tại Khu đô thị Nam Cầu Tuyên Sơn",200.0,10.0,7.5,Nam,Không xác định,3.0,2.0,Đã có sổ,Không xác định,34.9,23,Đà Nẵng,Ngũ Hành Sơn,Đất nền dự án tại Khu đô thị Nam Cầu Tuyên Sơn,0.17,>90 m²,>10 tỷ,16.0544,108.2022
"Bắc Giang, Lạng Giang, Đất nền dự án tại Thái Đào Residence",120.0,6.0,16.0,Không xác định,Không xác định,3.0,2.0,Đã có sổ,Không xác định,4.3,23,Bắc Giang,Lạng Giang,Đất nền dự án tại Thái Đào Residence,0.04,>90 m²,4-6 tỷ,21.2731,106.1946
"Bắc Giang, Bắc Giang, Đất nền dự án tại Mỹ Độ Vista City Bắc Giang",80.0,5.0,17.0,Không xác định,Không xác định,3.0,2.0,Đã có sổ,Không xác định,3.1,23,Bắc Giang,Bắc Giang,Đất nền dự án tại Mỹ Độ Vista City Bắc Giang,0.04,70-90 m²,<4 tỷ,21.2731,106.1946
"Hồ Chí Minh, Quận 2, Đất nền dự án tại Khu dân cư Đông Thủ Thiêm",215.0,11.0,12.0,Đông - Bắc,Không xác định,3.0,2.0,Hợp đồng mua bán,Không xác định,0.1,23,Hồ Chí Minh,Quận 2,Đất nền dự án tại Khu dân cư Đông Thủ Thiêm,0.0,>90 m²,<4 tỷ,10.7769,106.7009
"Hồ Chí Minh, Quận 2, Đất nền dự án tại Khu dân cư Đông Thủ Thiêm",120.0,6.0,12.0,Đông - Nam,Không xác định,3.0,2.0,Hợp đồng mua bán,Không xác định,13.4,23,Hồ Chí Minh,Quận 2,Đất nền dự án tại Khu dân cư Đông Thủ Thiêm,0.11,>90 m²,>10 tỷ,10.7769,106.7009
"Bắc Giang, Lạng Giang, Đất nền dự án tại Khu đô thị số 1 Xuân Hương",90.0,6.0,10.0,Không xác định,Không xác định,3.0,2.0,Đã có sổ,Không xác định,2.5,23,Bắc Giang,Lạng Giang,Đất nền dự án tại Khu đô thị số 1 Xuân Hương,0.03,70-90 m²,<4 tỷ,21.2731,106.1946
"Quảng Ninh, Hạ Long, Đất nền dự án tại Khu đô thị Vựng Đâng (Cienco 5 Hạ Long)",300.0,12.0,16.0,Tây - Bắc,Không xác định,3.0,2.0,Đã có sổ,Không xác định,0.06,24,Quảng Ninh,Hạ Long,Đất nền dự án tại Khu đô thị Vựng Đâng (Cienco 5 Hạ Long),0.0,>90 m²,<4 tỷ,21.0069,107.2925
"Thái Nguyên, Phổ Yên, Đất nền dự án tại KĐT Đại Phong",90.0,6.0,11.0,Nam,Không xác định,3.0,2.0,Đã có sổ,Không xác định,3.4,22,Thái Nguyên,Phổ Yên,Đất nền dự án tại KĐT Đại Phong,0.04,70-90 m²,<4 tỷ,21.5928,105.8442
"Phú Thọ, Phú Thọ, Đất nền dự án tại Đất Việt Green Park",100.0,5.0,36.0,Nam,Không xác định,3.0,2.0,Đã có sổ,Không xác định,0.02,22,Phú Thọ,Phú Thọ,Đất nền dự án tại Đất Việt Green Park,0.0,>90 m²,<4 tỷ,21.3167,105.2167
"Thái Nguyên, Phổ Yên, Đất nền dự án tại Khu đô thị Yên Bình Thái Nguyên",135.0,6.5,10.0,Nam,Không xác định,3.0,2.0,Đã có sổ,Không xác định,3.4,22,Thái Nguyên,Phổ Yên,Đất nền dự án tại Khu đô thị Yên Bình Thái Nguyên,0.03,>90 m²,<4 tỷ,21.5928,105.8442
"Đà Nẵng, Ngũ Hành Sơn, Đất nền dự án tại FPT City Đà Nẵng",108.0,6.0,7.5,Tây - Bắc,Không xác định,3.0,2.0,Đã có sổ,Không xác định,7.7,24,Đà Nẵng,Ngũ Hành Sơn,Đất nền dự án tại FPT City Đà Nẵng,0.07,>90 m²,6-8 tỷ,16.0544,108.2022
"Thanh Hóa, Thanh Hóa, Đất nền dự án tại Heragon City",84.0,6.0,20.5,Đông - Nam,Không xác định,3.0,2.0,Đã có sổ,Không xác định,4.3,24,Thanh Hóa,Thanh Hóa,Đất nền dự án tại Heragon City,0.05,70-90 m²,4-6 tỷ,19.8067,105.7852
"Thanh Hóa, Thanh Hóa, Đất nền dự án tại Heragon City",80.0,5.0,20.0,Đông - Bắc,Không xác định,3.0,2.0,Đã có sổ,Không xác định,3.9,24,Thanh Hóa,Thanh Hóa,Đất nền dự án tại Heragon City,0.05,70-90 m²,<4 tỷ,19.8067,105.7852
"Khánh Hòa, Cam Lâm, Đất nền dự án tại Golden Bay",126.0,6.0,10.0,Tây - Bắc,Không xác định,3.0,2.0,Hợp đồng mua bán,Không xác định,2.52,24,Khánh Hòa,Cam Lâm,Đất nền dự án tại Golden Bay,0.02,>90 m²,<4 tỷ,12.2388,109.1967
"Hồ Chí Minh, Quận 9, Đất nền dự án tại Khu dân cư Tân Cảng Phú Hữu",70.0,6.0,10.0,Không xác định,Không xác định,3.0,2.0,Đã có sổ,Không xác định,3.75,24,Hồ Chí Minh,Quận 9,Đất nền dự án tại Khu dân cư Tân Cảng Phú Hữu,0.05,50-70 m²,<4 tỷ,10.7769,106.7009
"Long An, Tân An, Đất nền dự án tại Khu đô thị ven sông Vàm Cỏ",240.0,48.0,50.0,Đông - Nam,Không xác định,3.0,2.0,Đã có sổ,Không xác định,9.5,24,Long An,Tân An,Đất nền dự án tại Khu đô thị ven sông Vàm Cỏ,0.04,>90 m²,8-10 tỷ,10.536,106.4099
"Hồ Chí Minh, Quận 7, Đất nền dự án tại Q7 Saigon Riverside",92.5,5.0,6.0,Nam,Không xác định,3.0,2.0,Hợp đồng mua bán,Không xác định,8.5,24,Hồ Chí Minh,Quận 7,Đất nền dự án tại Q7 Saigon Riverside,0.09,>90 m²,8-10 tỷ,10.7769,106.7009
"Long An, Tân An, Đất nền dự án tại Khu đô thị Lợi Bình Nhơn",100.0,5.0,20.0,Không xác định,Không xác định,3.0,2.0,Đã có sổ,Không xác định,1.19,24,Long An,Tân An,Đất nền dự án tại Khu đô thị Lợi Bình Nhơn,0.01,>90 m²,<4 tỷ,10.536,106.4099
"Quảng Ngãi, Quảng Ngãi, Đất nền dự án tại Khu đô thị Phú An Khang",225.0,5.0,17.5,Đông,Không xác định,3.0,2.0,Đã có sổ,Không xác định,0.01,24,Quảng Ngãi,Quảng Ngãi,Đất nền dự án tại Khu đô thị Phú An Khang,0.0,>90 m²,<4 tỷ,15.1205,108.7923
"Bình Định, Vân Canh, Đất nền dự án tại Becamex VSIP Bình Định",200.0,5.0,16.0,Không xác định,Không xác định,3.0,2.0,Đã có sổ,Không xác định,0.01,24,Bình Định,Vân Canh,Đất nền dự án tại Becamex VSIP Bình Định,0.0,>90 m²,<4 tỷ,13.782,109.2194
"Đồng Nai, Long Thành, Đất nền dự án tại Sala Garden",48.0,6.0,10.0,Không xác định,Không xác định,3.0,2.0,Không xác định,Không xác định,1.25,24,Đồng Nai,Long Thành,Đất nền dự án tại Sala Garden,0.03,30-50 m²,<4 tỷ,10.9454,106.8248
"Long An, Bến Lức, Đất nền dự án tại Thanh Yến Residence",90.0,5.0,15.0,Không xác định,Không xác định,3.0,2.0,Đã có sổ,Không xác định,1.25,24,Long An,Bến Lức,Đất nền dự án tại Thanh Yến Residence,0.01,70-90 m²,<4 tỷ,10.536,106.4099
"Quảng Ngãi, Quảng Ngãi, Đất nền dự án tại Khu đô thị Ngọc Bảo Viên",120.0,8.0,16.5,Nam,Không xác định,3.0,2.0,Đã có sổ,Không xác định,0.04,24,Quảng Ngãi,Quảng Ngãi,Đất nền dự án tại Khu đô thị Ngọc Bảo Viên,0.0,>90 m²,<4 tỷ,15.1205,108.7923
"Hồ Chí Minh, Quận 9, Đất nền dự án tại Hưng Phú 2",200.0,10.0,15.0,Không xác định,Không xác định,3.0,2.0,Đã có sổ,Không xác định,0.08,24,Hồ Chí Minh,Quận 9,Đất nền dự án tại Hưng Phú 2,0.0,>90 m²,<4 tỷ,10.7769,106.7009
"Hồ Chí Minh, Bình Chánh, Đất nền dự án tại Dương Hồng Garden House",100.0,6.0,10.0,Không xác định,Không xác định,3.0,2.0,Đã có sổ,Không xác định,0.07,24,Hồ Chí Minh,Bình Chánh,Đất nền dự án tại Dương Hồng Garden House,0.0,>90 m²,<4 tỷ,10.7769,106.7009
"Hải Dương, Chí Linh, Đất nền dự án tại Khu đô thị Chí Linh Palm City",140.0,8.0,13.0,Bắc,Không xác định,3.0,2.0,Hợp đồng mua bán,Không xác định,2.5,24,Hải Dương,Chí Linh,Đất nền dự án tại Khu đô thị Chí Linh Palm City,0.02,>90 m²,<4 tỷ,20.9374,106.3146
"Đồng Nai, Long Thành, Đất nền dự án tại STC Long Thành",100.0,6.0,15.0,Không xác định,Không xác định,3.0,2.0,Đã có sổ,Không xác định,1.74,25,Đồng Nai,Long Thành,Đất nền dự án tại STC Long Thành,0.02,>90 m²,<4 tỷ,10.9454,106.8248
"Hồ Chí Minh, Bình Chánh, Đất nền dự án tại Khu dân cư Hải Yến",100.0,5.0,12.0,Tây - Nam,Không xác định,3.0,2.0,Hợp đồng mua bán,Không xác định,1.7,25,Hồ Chí Minh,Bình Chánh,Đất nền dự án tại Khu dân cư Hải Yến,0.02,>90 m²,<4 tỷ,10.7769,106.7009
"Quảng Ninh, Vân Đồn, Đất nền dự án tại Khu đô thị Phương Đông",300.0,15.0,7.5,Tây - Bắc,Không xác định,3.0,2.0,Đã có sổ,Không xác định,0.02,25,Quảng Ninh,Vân Đồn,Đất nền dự án tại Khu đô thị Phương Đông,0.0,>90 m²,<4 tỷ,21.0069,107.2925
"Hồ Chí Minh, Thủ Đức, Đất nền dự án tại Khu đô thị Vạn Phúc City",100.0,6.0,10.0,Không xác định,Không xác định,3.0,2.0,Đã có sổ,Không xác định,0.13,25,Hồ Chí Minh,Thủ Đức,Đất nền dự án tại Khu đô thị Vạn Phúc City,0.0,>90 m²,<4 tỷ,10.7769,106.7009
"Bình Dương, Dĩ An, Đất nền dự án tại Khu đô thị Bình Nguyên",100.0,5.0,10.0,Đông - Bắc,Không xác định,3.0,2.0,Đã có sổ,Không xác định,6.0,25,Bình Dương,Dĩ An,Đất nền dự án tại Khu đô thị Bình Nguyên,0.06,>90 m²,4-6 tỷ,11.1604,106.6508
"Long An, Cần Giuộc, Đất nền dự án tại Hiệp Phước Premia",80.0,6.0,10.0,Đông,Không xác định,3.0,2.0,Đã có sổ,Không xác định,1.7,25,Long An,Cần Giuộc,Đất nền dự án tại Hiệp Phước Premia,0.02,70-90 m²,<4 tỷ,10.536,106.4099
"Hồ Chí Minh, Quận 9, Đất nền dự án tại Khu dân cư Gia Hòa",154.0,12.0,12.0,Không xác định,Không xác định,3.0,2.0,Đã có sổ,Không xác định,17.0,25,Hồ Chí Minh,Quận 9,Đất nền dự án tại Khu dân cư Gia Hòa,0.11,>90 m²,>10 tỷ,10.7769,106.7009
"Đà Nẵng, Ngũ Hành Sơn, Đất nền dự án tại FPT City Đà Nẵng",96.0,6.0,7.5,Bắc,Không xác định,3.0,2.0,Đã có sổ,Không xác định,5.38,25,Đà Nẵng,Ngũ Hành Sơn,Đất nền dự án tại FPT City Đà Nẵng,0.06,>90 m²,4-6 tỷ,16.0544,108.2022
"Ninh Thuận, Phan Rang - Tháp Chàm, Đất nền dự án tại MK Central City",163.0,12.7,12.0,Không xác định,Không xác định,3.0,2.0,Không xác định,Không xác định,5.5,25,Ninh Thuận,Phan Rang - Tháp Chàm,Đất nền dự án tại MK Central City,0.03,>90 m²,4-6 tỷ,11.5653,108.9882
"Khánh Hòa, Cam Ranh, Đất nền dự án tại Para Grus",120.0,6.0,10.0,Không xác định,Không xác định,3.0,2.0,Đã có sổ,Không xác định,0.01,24,Khánh Hòa,Cam Ranh,Đất nền dự án tại Para Grus,0.0,>90 m²,<4 tỷ,12.2388,109.1967
"Hải Phòng, Hải An, Đất nền dự án tại Vườn Hồng",131.25,7.5,12.0,Bắc,Không xác định,3.0,2.0,Đã có sổ,Không xác định,0.06,24,Hải Phòng,Hải An,Đất nền dự án tại Vườn Hồng,0.0,>90 m²,<4 tỷ,20.8449,106.6881
"Hồ Chí Minh, Quận 9, Đất nền dự án tại Khu dân cư Gia Hòa",140.0,12.0,12.0,Không xác định,Không xác định,3.0,2.0,Đã có sổ,Không xác định,16.0,24,Hồ Chí Minh,Quận 9,Đất nền dự án tại Khu dân cư Gia Hòa,0.11,>90 m²,>10 tỷ,10.7769,106.7009
"Long An, Tân An, Đất nền dự án tại Khu đô thị Lợi Bình Nhơn",480.0,6.0,20.0,Tây - Nam,Không xác định,3.0,2.0,Đã có sổ,Không xác định,11.0,24,Long An,Tân An,Đất nền dự án tại Khu đô thị Lợi Bình Nhơn,0.02,>90 m²,>10 tỷ,10.536,106.4099
"Đồng Nai, Long Thành, Đất nền dự án tại Sala Garden",9.6,6.0,10.0,Không xác định,Không xác định,3.0,2.0,Không xác định,Không xác định,0.15,24,Đồng Nai,Long Thành,Đất nền dự án tại Sala Garden,0.02,<30 m²,<4 tỷ,10.9454,106.8248
"Đồng Nai, Long Thành, Đất nền dự án tại Sala Garden",4.8,6.0,6.0,Không xác định,Không xác định,3.0,2.0,Hợp đồng mua bán,Không xác định,0.08,24,Đồng Nai,Long Thành,Đất nền dự án tại Sala Garden,0.02,<30 m²,<4 tỷ,10.9454,106.8248
"Cần Thơ, Bình Thủy, Đất nền dự án tại Stella Mega City",189.0,9.0,25.0,Đông - Bắc,Không xác định,3.0,2.0,Đã có sổ,Không xác định,4.6,24,Cần Thơ,Bình Thủy,Đất nền dự án tại Stella Mega City,0.02,>90 m²,4-6 tỷ,10.0452,105.7469
"Đồng Nai, Long Thành, Đất nền dự án tại Sala Garden",48.0,3.0,6.0,Không xác định,Không xác định,3.0,2.0,Hợp đồng mua bán,Không xác định,1.3,24,Đồng Nai,Long Thành,Đất nền dự án tại Sala Garden,0.03,30-50 m²,<4 tỷ,10.9454,106.8248
"Thái Bình, Tiền Hải, Đất nền dự án tại Tiền Hải Center City",100.0,5.0,10.0,Không xác định,Không xác định,3.0,2.0,Đã có sổ,Không xác định,3.28,24,Thái Bình,Tiền Hải,Đất nền dự án tại Tiền Hải Center City,0.03,>90 m²,<4 tỷ,20.4464,106.3364
"Hồ Chí Minh, Quận 9, Đất nền dự án tại Khu dân cư Đại học Bách khoa",182.0,7.0,12.0,Bắc,Không xác định,3.0,2.0,Đã có sổ,Không xác định,12.39,24,Hồ Chí Minh,Quận 9,Đất nền dự án tại Khu dân cư Đại học Bách khoa,0.07,>90 m²,>10 tỷ,10.7769,106.7009
"Thừa Thiên Huế, Phú Lộc, Đất nền dự án tại Phố chợ Lăng Cô",100.0,5.0,12.0,Đông - Nam,Không xác định,3.0,2.0,Đã có sổ,Không xác định,3.1,24,Thừa Thiên Huế,Phú Lộc,Đất nền dự án tại Phố chợ Lăng Cô,0.03,>90 m²,<4 tỷ,16.4637,107.5909
"Đồng Nai, Long Thành, Đất nền dự án tại Khu dân cư An Thuận",93.0,5.0,17.0,Nam,Không xác định,3.0,2.0,Đã có sổ,Không xác định,1.62,26,Đồng Nai,Long Thành,Đất nền dự án tại Khu dân cư An Thuận,0.02,>90 m²,<4 tỷ,10.9454,106.8248
"Hưng Yên, Yên Mỹ, Đất nền dự án tại Phố Nối House",75.0,5.0,13.0,Đông,Không xác định,3.0,2.0,Đã có sổ,Không xác định,3.31,26,Hưng Yên,Yên Mỹ,Đất nền dự án tại Phố Nối House,0.04,70-90 m²,<4 tỷ,20.6464,106.0511
"Long An, Đức Hòa, Đất nền dự án tại Cát Tường Phú Sinh Eco City",176.2,6.0,10.0,Không xác định,Không xác định,3.0,2.0,Đã có sổ,Không xác định,2.6,26,Long An,Đức Hòa,Đất nền dự án tại Cát Tường Phú Sinh Eco City,0.01,>90 m²,<4 tỷ,10.536,106.4099
"Long An, Bến Lức, Đất nền dự án tại King Hill Residences",90.0,6.0,10.0,Không xác định,Không xác định,3.0,2.0,Đã có sổ,Không xác định,1.75,26,Long An,Bến Lức,Đất nền dự án tại King Hill Residences,0.02,70-90 m²,<4 tỷ,10.536,106.4099
"Bình Thuận, Phan Thiết, Đất nền dự án tại Queen Pearl",256.2,17.0,15.0,Không xác định,Không xác định,3.0,2.0,Đã có sổ,Không xác định,0.01,26,Bình Thuận,Phan Thiết,Đất nền dự án tại Queen Pearl,0.0,>90 m²,<4 tỷ,11.0904,108.0722
"Đà Nẵng, Cẩm Lệ, Đất nền dự án tại Euro Village 2",438.0,20.0,7.5,Đông - Nam,Không xác định,3.0,2.0,Đã có sổ,Không xác định,0.09,25,Đà Nẵng,Cẩm Lệ,Đất nền dự án tại Euro Village 2,0.0,>90 m²,<4 tỷ,16.0544,108.2022
"Đà Nẵng, Cẩm Lệ, Đất nền dự án tại Euro Village 2",416.0,16.0,6.0,Tây - Bắc,Không xác định,3.0,2.0,Đã có sổ,Không xác định,0.11,25,Đà Nẵng,Cẩm Lệ,Đất nền dự án tại Euro Village 2,0.0,>90 m²,<4 tỷ,16.0544,108.2022
"Đồng Nai, Vĩnh Cửu, Đất nền dự án tại Lavender City",100.0,6.0,10.0,Không xác định,Không xác định,3.0,2.0,Đã có sổ,Không xác định,1.56,25,Đồng Nai,Vĩnh Cửu,Đất nền dự án tại Lavender City,0.02,>90 m²,<4 tỷ,10.9454,106.8248
"Bình Dương, Bến Cát, Đất nền dự án tại Khu nhà ở Thới Hòa U&I",80.0,6.0,10.0,Không xác định,Không xác định,3.0,2.0,Đã có sổ,Không xác định,0.8,25,Bình Dương,Bến Cát,Đất nền dự án tại Khu nhà ở Thới Hòa U&I,0.01,70-90 m²,<4 tỷ,11.1604,106.6508
"Quảng Ninh, Vân Đồn, Đất nền dự án tại Khu đô thị Vương Long",236.0,10.0,10.0,Không xác định,Không xác định,3.0,2.0,Đã có sổ,Không xác định,0.03,25,Quảng Ninh,Vân Đồn,Đất nền dự án tại Khu đô thị Vương Long,0.0,>90 m²,<4 tỷ,21.0069,107.2925
"Quảng Ninh, Vân Đồn, Đất nền dự án tại Khu đô thị Ao Tiên Vân Đồn",360.0,15.0,10.0,Không xác định,Không xác định,3.0,2.0,Đã có sổ,Không xác định,0.04,25,Quảng Ninh,Vân Đồn,Đất nền dự án tại Khu đô thị Ao Tiên Vân Đồn,0.0,>90 m²,<4 tỷ,21.0069,107.2925
"Hồ Chí Minh, Nhà Bè, Đất nền dự án tại Đào Sư Tích Residence",95.0,5.0,13.0,Đông,Không xác định,3.0,2.0,Đã có sổ,Không xác định,7.1,24,Hồ Chí Minh,Nhà Bè,Đất nền dự án tại Đào Sư Tích Residence,0.07,>90 m²,6-8 tỷ,10.7769,106.7009
"Long An, Thủ Thừa, Đất nền dự án tại Garden Riverside",100.0,5.0,15.0,Nam,Không xác định,3.0,2.0,Đã có sổ,Không xác định,1.4,25,Long An,Thủ Thừa,Đất nền dự án tại Garden Riverside,0.01,>90 m²,<4 tỷ,10.536,106.4099
"Hòa Bình, Hòa Bình, Đất nền dự án tại Aqua Garden",120.0,6.0,10.0,Đông - Nam,Không xác định,3.0,2.0,Đã có sổ,Không xác định,0.02,25,Hòa Bình,Hòa Bình,Đất nền dự án tại Aqua Garden,0.0,>90 m²,<4 tỷ,20.8133,105.3383
"Bà Rịa Vũng Tàu, Phú Mỹ, Đất nền dự án tại Phú Mỹ Center Point",97.1,5.0,11.0,Đông - Nam,Không xác định,3.0,2.0,Đã có sổ,Không xác định,2.9,25,Bà Rịa Vũng Tàu,Phú Mỹ,Đất nền dự án tại Phú Mỹ Center Point,0.03,>90 m²,<4 tỷ,10.4114,107.1362
"Đồng Nai, Trảng Bom, Đất nền dự án tại Khu đô thị Gold Hill",91.3,5.0,10.0,Không xác định,Không xác định,3.0,2.0,Đã có sổ,Không xác định,1.95,25,Đồng Nai,Trảng Bom,Đất nền dự án tại Khu đô thị Gold Hill,0.02,>90 m²,<4 tỷ,10.9454,106.8248
"Hồ Chí Minh, Quận 2, Đất nền dự án tại đường Số 100",105.0,6.0,12.0,Tây - Bắc,Không xác định,3.0,2.0,Đã có sổ,Không xác định,14.2,25,Hồ Chí Minh,Quận 2,Đất nền dự án tại đường Số 100,0.14,>90 m²,>10 tỷ,10.7769,106.7009
"Khánh Hòa, Nha Trang, Đất nền dự án tại Khu đô thị biển An Viên",295.5,25.5,13.5,Đông - Bắc,Không xác định,3.0,2.0,Đã có sổ,Không xác định,0.12,25,Khánh Hòa,Nha Trang,Đất nền dự án tại Khu đô thị biển An Viên,0.0,>90 m²,<4 tỷ,12.2388,109.1967
"Đà Nẵng, Liên Chiểu, Đất nền dự án tại Golden Hills City",125.0,5.0,7.5,Đông - Nam,Không xác định,3.0,2.0,Không xác định,Không xác định,8.31,25,Đà Nẵng,Liên Chiểu,Đất nền dự án tại Golden Hills City,0.07,>90 m²,8-10 tỷ,16.0544,108.2022
"Hồ Chí Minh, Quận 9, Đất nền dự án tại Kikyo Residence",162.0,9.0,12.0,Bắc,Không xác định,3.0,2.0,Đã có sổ,Không xác định,0.09,25,Hồ Chí Minh,Quận 9,Đất nền dự án tại Kikyo Residence,0.0,>90 m²,<4 tỷ,10.7769,106.7009
"Hà Nội, Mê Linh, Đất nền dự án tại Khu đô thị Minh Giang Đầm Và",250.0,7.1,13.0,Nam,Không xác định,3.0,2.0,Hợp đồng mua bán,Không xác định,11.58,26,Hà Nội,Mê Linh,Đất nền dự án tại Khu đô thị Minh Giang Đầm Và,0.05,>90 m²,>10 tỷ,21.0285,105.8542
"Hà Nội, Mê Linh, Đất nền dự án tại Khu đô thị Cienco 5 Mê Linh",300.0,15.0,18.5,Đông,Không xác định,3.0,2.0,Đã có sổ,Không xác định,13.9,26,Hà Nội,Mê Linh,Đất nền dự án tại Khu đô thị Cienco 5 Mê Linh,0.05,>90 m²,>10 tỷ,21.0285,105.8542
"Hà Nội, Mê Linh, Đất nền dự án tại Khu đô thị Minh Giang Đầm Và",110.0,7.1,11.0,Nam,Không xác định,3.0,2.0,Hợp đồng mua bán,Không xác định,5.1,26,Hà Nội,Mê Linh,Đất nền dự án tại Khu đô thị Minh Giang Đầm Và,0.05,>90 m²,4-6 tỷ,21.0285,105.8542
"Hà Nội, Mê Linh, Đất nền dự án tại xã Tiền Phong",180.0,12.8,13.0,Đông,Không xác định,3.0,2.0,Hợp đồng mua bán,Không xác định,8.34,26,Hà Nội,Mê Linh,Đất nền dự án tại xã Tiền Phong,0.05,>90 m²,8-10 tỷ,21.0285,105.8542
"Hà Nam, Thanh Liêm, Đất nền dự án tại Tân Thanh Elite City",270.0,13.5,15.0,Nam,Không xác định,3.0,2.0,Đã có sổ,Không xác định,0.02,23,Hà Nam,Thanh Liêm,Đất nền dự án tại Tân Thanh Elite City,0.0,>90 m²,<4 tỷ,20.5453,105.9126
"Hà Nội, Mê Linh, Đất nền dự án tại Khu đô thị Cienco 5 Mê Linh",100.0,5.0,24.0,Bắc,Không xác định,3.0,2.0,Đã có sổ,Không xác định,4.63,26,Hà Nội,Mê Linh,Đất nền dự án tại Khu đô thị Cienco 5 Mê Linh,0.05,>90 m²,4-6 tỷ,21.0285,105.8542
"Hà Nội, Mê Linh, Đất nền dự án tại Khu đô thị Cienco 5 Mê Linh",300.0,15.0,15.5,Tây,Không xác định,3.0,2.0,Đã có sổ,Không xác định,13.9,26,Hà Nội,Mê Linh,Đất nền dự án tại Khu đô thị Cienco 5 Mê Linh,0.05,>90 m²,>10 tỷ,21.0285,105.8542
"Hà Nội, Mê Linh, Đất nền dự án tại Khu đô thị Cienco 5 Mê Linh",100.0,6.0,24.0,Không xác định,Không xác định,3.0,2.0,Đã có sổ,Không xác định,4.63,26,Hà Nội,Mê Linh,Đất nền dự án tại Khu đô thị Cienco 5 Mê Linh,0.05,>90 m²,4-6 tỷ,21.0285,105.8542
"Hà Nội, Mê Linh, Đất nền dự án tại Khu đô thị Minh Giang Đầm Và",110.0,7.1,13.0,Bắc,Không xác định,3.0,2.0,Hợp đồng mua bán,Không xác định,5.1,26,Hà Nội,Mê Linh,Đất nền dự án tại Khu đô thị Minh Giang Đầm Và,0.05,>90 m²,4-6 tỷ,21.0285,105.8542
"Hà Nội, Mê Linh, Đất nền dự án tại Khu đô thị Cienco 5 Mê Linh",100.0,5.0,24.0,Nam,Không xác định,3.0,2.0,Đã có sổ,Không xác định,4.63,26,Hà Nội,Mê Linh,Đất nền dự án tại Khu đô thị Cienco 5 Mê Linh,0.05,>90 m²,4-6 tỷ,21.0285,105.8542
"Hà Nội, Mê Linh, Đất nền dự án tại Khu đô thị Minh Giang Đầm Và",110.0,7.2,27.0,Bắc,Không xác định,3.0,2.0,Không xác định,Không xác định,5.1,26,Hà Nội,Mê Linh,Đất nền dự án tại Khu đô thị Minh Giang Đầm Và,0.05,>90 m²,4-6 tỷ,21.0285,105.8542
"Hà Nội, Mê Linh, Đất nền dự án tại Khu đô thị Cienco 5 Mê Linh",360.0,15.0,15.5,Nam,Không xác định,3.0,2.0,Đã có sổ,Không xác định,16.67,26,Hà Nội,Mê Linh,Đất nền dự án tại Khu đô thị Cienco 5 Mê Linh,0.05,>90 m²,>10 tỷ,21.0285,105.8542
"Quảng Ninh, Vân Đồn, Đất nền dự án tại Khu đô thị Phương Đông",87.5,5.0,10.0,Đông - Nam,Không xác định,3.0,2.0,Không xác định,Không xác định,1.92,26,Quảng Ninh,Vân Đồn,Đất nền dự án tại Khu đô thị Phương Đông,0.02,70-90 m²,<4 tỷ,21.0069,107.2925
"Lâm Đồng, Lâm Hà, Đất nền dự án tại Khu đô thị mới Đinh Văn",289.0,17.0,28.0,Đông - Bắc,Không xác định,3.0,2.0,Đã có sổ,Không xác định,0.02,26,Lâm Đồng,Lâm Hà,Đất nền dự án tại Khu đô thị mới Đinh Văn,0.0,>90 m²,<4 tỷ,11.9404,108.4583
"Long An, Tân An, Đất nền dự án tại Khu đô thị ven sông Vàm Cỏ",90.0,5.0,50.0,Tây - Bắc,Không xác định,3.0,2.0,Đã có sổ,Không xác định,6.7,26,Long An,Tân An,Đất nền dự án tại Khu đô thị ven sông Vàm Cỏ,0.07,70-90 m²,6-8 tỷ,10.536,106.4099
"Quảng Ninh, Hạ Long, Đất nền dự án tại Noble Palace Hạ Long",80.0,5.0,13.0,Đông - Nam,Không xác định,3.0,2.0,Đã có sổ,Không xác định,2.8,26,Quảng Ninh,Hạ Long,Đất nền dự án tại Noble Palace Hạ Long,0.03,70-90 m²,<4 tỷ,21.0069,107.2925
"Hồ Chí Minh, Quận 2, Đất nền dự án tại Khu dân cư Nam Rạch Chiếc",100.0,5.0,16.0,Tây,Không xác định,3.0,2.0,Đã có sổ,Không xác định,21.5,5,Hồ Chí Minh,Quận 2,Đất nền dự án tại Khu dân cư Nam Rạch Chiếc,0.22,>90 m²,>10 tỷ,10.7769,106.7009
"Thanh Hóa, Hoằng Hóa, Đất nền dự án tại Đô thị 35 Biển Hải Tiến - Thanh Hóa",108.2,9.0,7.0,Nam,Không xác định,3.0,2.0,Đã có sổ,Không xác định,0.98,26,Thanh Hóa,Hoằng Hóa,Đất nền dự án tại Đô thị 35 Biển Hải Tiến - Thanh Hóa,0.01,>90 m²,<4 tỷ,19.8067,105.7852
"Đà Nẵng, Ngũ Hành Sơn, Đất nền dự án tại FPT City Đà Nẵng",111.0,6.0,7.5,Bắc,Không xác định,3.0,2.0,Đã có sổ,Không xác định,5.9,22,Đà Nẵng,Ngũ Hành Sơn,Đất nền dự án tại FPT City Đà Nẵng,0.05,>90 m²,4-6 tỷ,16.0544,108.2022
"Đà Nẵng, Ngũ Hành Sơn, Đất nền dự án tại FPT City Đà Nẵng",101.0,6.0,7.5,Đông,Không xác định,3.0,2.0,Đã có sổ,Không xác định,5.2,24,Đà Nẵng,Ngũ Hành Sơn,Đất nền dự án tại FPT City Đà Nẵng,0.05,>90 m²,4-6 tỷ,16.0544,108.2022
"Hồ Chí Minh, Bình Chánh, Đất nền dự án tại Khu định cư An Phú Tây",100.0,6.0,10.0,Không xác định,Không xác định,3.0,2.0,Đã có sổ,Không xác định,5.0,27,Hồ Chí Minh,Bình Chánh,Đất nền dự án tại Khu định cư An Phú Tây,0.05,>90 m²,4-6 tỷ,10.7769,106.7009
"Hải Dương, Hải Dương, Đất nền dự án tại Phú Quý Golden Land",150.0,10.0,7.5,Không xác định,Không xác định,3.0,2.0,Đã có sổ,Không xác định,5.15,27,Hải Dương,Hải Dương,Đất nền dự án tại Phú Quý Golden Land,0.03,>90 m²,4-6 tỷ,20.9374,106.3146
"Đồng Nai, Long Thành, Đất nền dự án tại Sala Garden",4.8,6.0,10.0,Đông,Không xác định,3.0,2.0,Hợp đồng mua bán,Không xác định,0.07,27,Đồng Nai,Long Thành,Đất nền dự án tại Sala Garden,0.01,<30 m²,<4 tỷ,10.9454,106.8248
"Hồ Chí Minh, Quận 9, Đất nền dự án tại Khu dân cư Sở Văn Hóa Thông Tin",133.8,6.0,10.0,Tây - Bắc,Không xác định,3.0,2.0,Đã có sổ,Không xác định,0.08,27,Hồ Chí Minh,Quận 9,Đất nền dự án tại Khu dân cư Sở Văn Hóa Thông Tin,0.0,>90 m²,<4 tỷ,10.7769,106.7009
"Hồ Chí Minh, Quận 9, Đất nền dự án tại Khu dân cư Đại học Bách khoa",182.0,7.0,12.0,Nam,Không xác định,3.0,2.0,Đã có sổ,Không xác định,0.07,27,Hồ Chí Minh,Quận 9,Đất nền dự án tại Khu dân cư Đại học Bách khoa,0.0,>90 m²,<4 tỷ,10.7769,106.7009
"Bình Dương, Dĩ An, Đất nền dự án tại Khu đô thị Bình Nguyên",300.0,15.0,16.0,Nam,Không xác định,3.0,2.0,Đã có sổ,Không xác định,13.7,26,Bình Dương,Dĩ An,Đất nền dự án tại Khu đô thị Bình Nguyên,0.05,>90 m²,>10 tỷ,11.1604,106.6508
"Hải Phòng, Thủy Nguyên, Đất nền dự án tại Khu đô thị Bắc Sông Cấm",60.0,4.0,7.0,Bắc,Không xác định,3.0,2.0,Đã có sổ,Không xác định,3.1,27,Hải Phòng,Thủy Nguyên,Đất nền dự án tại Khu đô thị Bắc Sông Cấm,0.05,50-70 m²,<4 tỷ,20.8449,106.6881
"Long An, Thủ Thừa, Đất nền dự án tại Agora City",108.0,6.0,10.0,Không xác định,Không xác định,3.0,2.0,Đã có sổ,Không xác định,2.07,27,Long An,Thủ Thừa,Đất nền dự án tại Agora City,0.02,>90 m²,<4 tỷ,10.536,106.4099
"Bình Dương, Bàu Bàng, Đất nền dự án tại Nam An Bàu Bàng",64.0,4.0,12.0,Nam,Không xác định,3.0,2.0,Đã có sổ,Không xác định,0.85,27,Bình Dương,Bàu Bàng,Đất nền dự án tại Nam An Bàu Bàng,0.01,50-70 m²,<4 tỷ,11.1604,106.6508
"Bình Định, Quy Nhơn, Đất nền dự án tại Khu đô thị mới Nhơn Hội New City",80.0,5.0,11.0,Đông,Không xác định,3.0,2.0,Đã có sổ,Không xác định,1.3,27,Bình Định,Quy Nhơn,Đất nền dự án tại Khu đô thị mới Nhơn Hội New City,0.02,70-90 m²,<4 tỷ,13.782,109.2194
"Hải Phòng, An Dương, Đất nền dự án tại Seoul Ecohome",120.0,6.0,17.0,Đông - Nam,Không xác định,3.0,2.0,Đã có sổ,Không xác định,0.03,27,Hải Phòng,An Dương,Đất nền dự án tại Seoul Ecohome,0.0,>90 m²,<4 tỷ,20.8449,106.6881
"Bắc Ninh, Từ Sơn, Đất nền dự án tại Khu đô thị mới Nam Từ Sơn",120.0,6.0,10.0,Không xác định,Không xác định,3.0,2.0,Hợp đồng mua bán,Không xác định,9.93,19,Bắc Ninh,Từ Sơn,Đất nền dự án tại Khu đô thị mới Nam Từ Sơn,0.08,>90 m²,8-10 tỷ,21.1861,106.0763
"Đồng Nai, Vĩnh Cửu, Đất nền dự án tại Tân Triều Riverside",85.6,8.0,32.0,Tây - Nam,Không xác định,3.0,2.0,Đã có sổ,Không xác định,1.45,29,Đồng Nai,Vĩnh Cửu,Đất nền dự án tại Tân Triều Riverside,0.02,70-90 m²,<4 tỷ,10.9454,106.8248
"Thanh Hóa, Thanh Hóa, Đất nền dự án tại Heragon City",60.0,5.0,17.5,Đông - Nam,Không xác định,3.0,2.0,Đã có sổ,Không xác định,3.3,28,Thanh Hóa,Thanh Hóa,Đất nền dự án tại Heragon City,0.06,50-70 m²,<4 tỷ,19.8067,105.7852
"Thanh Hóa, Thanh Hóa, Đất nền dự án tại Heragon City",70.0,5.0,20.5,Không xác định,Không xác định,3.0,2.0,Không xác định,Không xác định,4.0,28,Thanh Hóa,Thanh Hóa,Đất nền dự án tại Heragon City,0.06,50-70 m²,<4 tỷ,19.8067,105.7852
"Thanh Hóa, Thanh Hóa, Đất nền dự án tại Heragon City",70.0,5.0,15.0,Tây - Bắc,Không xác định,3.0,2.0,Đã có sổ,Không xác định,3.7,28,Thanh Hóa,Thanh Hóa,Đất nền dự án tại Heragon City,0.05,50-70 m²,<4 tỷ,19.8067,105.7852
"Bình Dương, Thuận An, Đất nền dự án tại Khu dân cư Vĩnh Phú I",161.6,6.0,10.0,Không xác định,Không xác định,3.0,2.0,Đã có sổ,Không xác định,9.5,28,Bình Dương,Thuận An,Đất nền dự án tại Khu dân cư Vĩnh Phú I,0.06,>90 m²,8-10 tỷ,11.1604,106.6508
"Bình Dương, Thuận An, Đất nền dự án tại Central Garden Bình Dương",113.0,5.0,12.0,Không xác định,Không xác định,3.0,2.0,Đã có sổ,Không xác định,4.7,28,Bình Dương,Thuận An,Đất nền dự án tại Central Garden Bình Dương,0.04,>90 m²,4-6 tỷ,11.1604,106.6508
"Long An, Cần Đước, Đất nền dự án tại Tân Lân Residence",105.0,6.0,10.0,Không xác định,Không xác định,3.0,2.0,Đã có sổ,Không xác định,1.3,28,Long An,Cần Đước,Đất nền dự án tại Tân Lân Residence,0.01,>90 m²,<4 tỷ,10.536,106.4099
"Bình Dương, Dĩ An, Đất nền dự án tại Khu nhà ở Phú Mỹ Hiệp",60.0,4.0,15.0,Bắc,Không xác định,3.0,2.0,Đã có sổ,Không xác định,3.5,28,Bình Dương,Dĩ An,Đất nền dự án tại Khu nhà ở Phú Mỹ Hiệp,0.06,50-70 m²,<4 tỷ,11.1604,106.6508
"Đồng Nai, Vĩnh Cửu, Đất nền dự án tại Khu dân cư Thạnh Phú",82.0,8.0,8.0,Đông,Không xác định,3.0,2.0,Đã có sổ,Không xác định,1.12,28,Đồng Nai,Vĩnh Cửu,Đất nền dự án tại Khu dân cư Thạnh Phú,0.01,70-90 m²,<4 tỷ,10.9454,106.8248
"Đà Nẵng, Cẩm Lệ, Đất nền dự án tại Euro Village 2",669.9,27.0,7.5,Tây - Nam,Không xác định,3.0,2.0,Đã có sổ,Không xác định,41.46,28,Đà Nẵng,Cẩm Lệ,Đất nền dự án tại Euro Village 2,0.06,>90 m²,>10 tỷ,16.0544,108.2022
"Hưng Yên, Văn Giang, Đất nền dự án tại Dragon Park Văn Giang",99.0,7.0,13.5,Đông - Nam,Không xác định,3.0,2.0,Đã có sổ,Không xác định,10.62,28,Hưng Yên,Văn Giang,Đất nền dự án tại Dragon Park Văn Giang,0.11,>90 m²,>10 tỷ,20.6464,106.0511
"Thái Nguyên, Phổ Yên, Đất nền dự án tại Khu đô thị Yên Bình Thái Nguyên",100.0,5.0,15.0,Đông - Nam,Không xác định,3.0,2.0,Đã có sổ,Không xác định,1.54,27,Thái Nguyên,Phổ Yên,Đất nền dự án tại Khu đô thị Yên Bình Thái Nguyên,0.02,>90 m²,<4 tỷ,21.5928,105.8442
"Đà Nẵng, Liên Chiểu, Đất nền dự án tại Lakeside Palace",235.0,6.0,7.5,Tây - Nam,Không xác định,3.0,2.0,Không xác định,Không xác định,13.2,27,Đà Nẵng,Liên Chiểu,Đất nền dự án tại Lakeside Palace,0.06,>90 m²,>10 tỷ,16.0544,108.2022
"Đà Nẵng, Liên Chiểu, Đất nền dự án tại Golden Hills City",250.0,6.0,10.5,Đông - Nam,Không xác định,3.0,2.0,Không xác định,Không xác định,8.7,27,Đà Nẵng,Liên Chiểu,Đất nền dự án tại Golden Hills City,0.03,>90 m²,8-10 tỷ,16.0544,108.2022
"Bình Định, Quy Nhơn, Đất nền dự án tại Khu đô thị mới Nhơn Hội New City",80.9,5.0,13.0,Tây - Nam,Không xác định,3.0,2.0,Đã có sổ,Không xác định,0.02,27,Bình Định,Quy Nhơn,Đất nền dự án tại Khu đô thị mới Nhơn Hội New City,0.0,70-90 m²,<4 tỷ,13.782,109.2194
"Long An, Tân An, Đất nền dự án tại Khu đô thị ven sông Vàm Cỏ",100.0,5.0,27.0,Không xác định,Không xác định,3.0,2.0,Đã có sổ,Không xác định,2.15,27,Long An,Tân An,Đất nền dự án tại Khu đô thị ven sông Vàm Cỏ,0.02,>90 m²,<4 tỷ,10.536,106.4099
"Hồ Chí Minh, Quận 9, Đất nền dự án tại phường Phú Hữu",160.0,8.0,12.0,Đông - Bắc,Không xác định,3.0,2.0,Đã có sổ,Không xác định,0.06,27,Hồ Chí Minh,Quận 9,Đất nền dự án tại phường Phú Hữu,0.0,>90 m²,<4 tỷ,10.7769,106.7009
"Đà Nẵng, Sơn Trà, Đất nền dự án tại Làng Châu Âu (Euro Village)",255.0,10.5,7.5,Đông - Bắc,Không xác định,3.0,2.0,Đã có sổ,Không xác định,60.0,27,Đà Nẵng,Sơn Trà,Đất nền dự án tại Làng Châu Âu (Euro Village),0.24,>90 m²,>10 tỷ,16.0544,108.2022
"Long An, Cần Giuộc, Đất nền dự án tại Five Star Eco City",110.0,6.0,10.0,Đông - Nam,Không xác định,3.0,2.0,Đã có sổ,Không xác định,4.0,27,Long An,Cần Giuộc,Đất nền dự án tại Five Star Eco City,0.04,>90 m²,<4 tỷ,10.536,106.4099
"Hồ Chí Minh, Quận 9, Đất nền dự án tại Tăng Long River View",148.9,10.0,20.0,Không xác định,Không xác định,3.0,2.0,Đã có sổ,Không xác định,7.15,29,Hồ Chí Minh,Quận 9,Đất nền dự án tại Tăng Long River View,0.05,>90 m²,6-8 tỷ,10.7769,106.7009
"Hà Nam, Phủ Lý, Đất nền dự án tại Khu đô thị bờ đông sông Đáy",81.0,5.0,10.0,Đông,Không xác định,3.0,2.0,Không xác định,Không xác định,2.85,29,Hà Nam,Phủ Lý,Đất nền dự án tại Khu đô thị bờ đông sông Đáy,0.04,70-90 m²,<4 tỷ,20.5453,105.9126
"Đồng Nai, Long Thành, Đất nền dự án tại Sala Garden",4.8,6.0,10.0,Không xác định,Không xác định,3.0,2.0,Không xác định,Không xác định,0.07,24,Đồng Nai,Long Thành,Đất nền dự án tại Sala Garden,0.01,<30 m²,<4 tỷ,10.9454,106.8248
"Quảng Ngãi, Quảng Ngãi, Đất nền dự án tại Khu đô thị HUD - Phú Mỹ",330.0,15.0,12.0,Đông - Bắc,Không xác định,3.0,2.0,Đã có sổ,Không xác định,4.9,23,Quảng Ngãi,Quảng Ngãi,Đất nền dự án tại Khu đô thị HUD - Phú Mỹ,0.01,>90 m²,4-6 tỷ,15.1205,108.7923
"Quảng Ngãi, Quảng Ngãi, Đất nền dự án tại Khu đô thị HUD - Phú Mỹ",125.0,5.0,13.5,Bắc,Không xác định,3.0,2.0,Đã có sổ,Không xác định,1.65,29,Quảng Ngãi,Quảng Ngãi,Đất nền dự án tại Khu đô thị HUD - Phú Mỹ,0.01,>90 m²,<4 tỷ,15.1205,108.7923
"Khánh Hòa, Cam Lâm, Đất nền dự án tại MHDI Cam Ranh",197.5,6.0,10.0,Không xác định,Không xác định,3.0,2.0,Đã có sổ,Không xác định,0.04,29,Khánh Hòa,Cam Lâm,Đất nền dự án tại MHDI Cam Ranh,0.0,>90 m²,<4 tỷ,12.2388,109.1967
"Hồ Chí Minh, Quận 9, Đất nền dự án tại Centana City Điền Phúc Thành",65.0,5.4,12.0,Không xác định,Không xác định,3.0,2.0,Đã có sổ,Không xác định,4.7,29,Hồ Chí Minh,Quận 9,Đất nền dự án tại Centana City Điền Phúc Thành,0.07,50-70 m²,4-6 tỷ,10.7769,106.7009
"Long An, Đức Hòa, Đất nền dự án tại Dragon Pearl",90.0,6.0,10.0,Không xác định,Không xác định,3.0,2.0,Đã có sổ,Không xác định,1.8,29,Long An,Đức Hòa,Đất nền dự án tại Dragon Pearl,0.02,70-90 m²,<4 tỷ,10.536,106.4099
"Đà Nẵng, Ngũ Hành Sơn, Đất nền dự án tại Khu đô thị Nam Hòa Xuân",100.0,5.0,7.5,Tây - Bắc,Không xác định,3.0,2.0,Đã có sổ,Không xác định,5.45,29,Đà Nẵng,Ngũ Hành Sơn,Đất nền dự án tại Khu đô thị Nam Hòa Xuân,0.05,>90 m²,4-6 tỷ,16.0544,108.2022
"Đà Nẵng, Ngũ Hành Sơn, Đất nền dự án tại Khu đô thị Nam Hòa Xuân",110.0,6.0,7.5,Không xác định,Không xác định,3.0,2.0,Đã có sổ,Không xác định,5.4,29,Đà Nẵng,Ngũ Hành Sơn,Đất nền dự án tại Khu đô thị Nam Hòa Xuân,0.05,>90 m²,4-6 tỷ,16.0544,108.2022
"Hà Nội, Mê Linh, Đất nền dự án tại Khu đô thị Minh Giang Đầm Và",453.8,6.0,10.0,Không xác định,Không xác định,3.0,2.0,Không xác định,Không xác định,12.5,29,Hà Nội,Mê Linh,Đất nền dự án tại Khu đô thị Minh Giang Đầm Và,0.03,>90 m²,>10 tỷ,21.0285,105.8542
"Hòa Bình, Hòa Bình, Đất nền dự án tại Khu đô thị Kỳ Sơn",90.0,5.0,13.0,Đông - Nam,Không xác định,3.0,2.0,Đã có sổ,Không xác định,1.6,29,Hòa Bình,Hòa Bình,Đất nền dự án tại Khu đô thị Kỳ Sơn,0.02,70-90 m²,<4 tỷ,20.8133,105.3383
"Thanh Hóa, Thanh Hóa, Đất nền dự án tại Khu đô thị Paris Elysor",70.0,5.0,17.5,Đông - Nam,Không xác định,3.0,2.0,Đã có sổ,Không xác định,0.04,29,Thanh Hóa,Thanh Hóa,Đất nền dự án tại Khu đô thị Paris Elysor,0.0,50-70 m²,<4 tỷ,19.8067,105.7852
"Long An, Đức Hòa, Đất nền dự án tại Ora Park by Dragon Pearl",80.0,6.0,20.0,Không xác định,Không xác định,3.0,2.0,Đã có sổ,Không xác định,1.35,29,Long An,Đức Hòa,Đất nền dự án tại Ora Park by Dragon Pearl,0.02,70-90 m²,<4 tỷ,10.536,106.4099
"Hưng Yên, Yên Mỹ, Đất nền dự án tại New City Phố Nối",102.0,6.0,17.5,Tây,Không xác định,3.0,2.0,Không xác định,Không xác định,0.02,29,Hưng Yên,Yên Mỹ,Đất nền dự án tại New City Phố Nối,0.0,>90 m²,<4 tỷ,20.6464,106.0511
"Long An, Cần Giuộc, Đất nền dự án tại Saigon Riverpark",100.0,5.0,12.0,Nam,Không xác định,3.0,2.0,Đã có sổ,Không xác định,3.15,29,Long An,Cần Giuộc,Đất nền dự án tại Saigon Riverpark,0.03,>90 m²,<4 tỷ,10.536,106.4099
"Long An, Cần Giuộc, Đất nền dự án tại Saigon Riverpark",100.0,5.0,12.0,Nam,Không xác định,3.0,2.0,Đã có sổ,Không xác định,3.1,29,Long An,Cần Giuộc,Đất nền dự án tại Saigon Riverpark,0.03,>90 m²,<4 tỷ,10.536,106.4099
"Long An, Cần Giuộc, Đất nền dự án tại Saigon Riverpark",100.0,5.0,12.0,Bắc,Không xác định,3.0,2.0,Đã có sổ,Không xác định,2.95,29,Long An,Cần Giuộc,Đất nền dự án tại Saigon Riverpark,0.03,>90 m²,<4 tỷ,10.536,106.4099
"Hồ Chí Minh, Quận 7, Đất nền dự án tại Khu dân cư Ven Sông Sadeco",90.0,6.0,10.0,Không xác định,Không xác định,3.0,2.0,Đã có sổ,Không xác định,15.0,29,Hồ Chí Minh,Quận 7,Đất nền dự án tại Khu dân cư Ven Sông Sadeco,0.17,70-90 m²,>10 tỷ,10.7769,106.7009
"Long An, Bến Lức, Đất nền dự án tại Dragon Eden",90.0,6.0,60.0,Tây - Bắc,Không xác định,3.0,2.0,Đã có sổ,Không xác định,2.5,29,Long An,Bến Lức,Đất nền dự án tại Dragon Eden,0.03,70-90 m²,<4 tỷ,10.536,106.4099
"Hải Dương, Hải Dương, Đất nền dự án tại Licogi 18 Riverside",97.5,6.0,10.0,Nam,Không xác định,3.0,2.0,Không xác định,Không xác định,0.04,30,Hải Dương,Hải Dương,Đất nền dự án tại Licogi 18 Riverside,0.0,>90 m²,<4 tỷ,20.9374,106.3146
"Hồ Chí Minh, Quận 2, Đất nền dự án tại Dự án Huy Hoàng",160.0,12.0,10.0,Tây - Nam,Không xác định,3.0,2.0,Đã có sổ,Không xác định,0.26,30,Hồ Chí Minh,Quận 2,Đất nền dự án tại Dự án Huy Hoàng,0.0,>90 m²,<4 tỷ,10.7769,106.7009
"Hồ Chí Minh, Cần Giờ, Đất nền dự án tại Vinhomes Green Paradise",200.0,8.0,40.0,Đông - Nam,Không xác định,3.0,2.0,Đã có sổ,Không xác định,11.0,30,Hồ Chí Minh,Cần Giờ,Đất nền dự án tại Vinhomes Green Paradise,0.06,>90 m²,>10 tỷ,10.7769,106.7009
"Long An, Cần Giuộc, Đất nền dự án tại Five Star Eco City",225.0,6.0,10.0,Không xác định,Không xác định,3.0,2.0,Đã có sổ,Không xác định,4.25,30,Long An,Cần Giuộc,Đất nền dự án tại Five Star Eco City,0.02,>90 m²,4-6 tỷ,10.536,106.4099
"Long An, Cần Giuộc, Đất nền dự án tại The Sol City",100.0,6.0,10.0,Không xác định,Không xác định,3.0,2.0,Không xác định,Không xác định,3.55,30,Long An,Cần Giuộc,Đất nền dự án tại The Sol City,0.04,>90 m²,<4 tỷ,10.536,106.4099
"Long An, Cần Giuộc, Đất nền dự án tại The Sol City",100.0,22.0,10.0,Không xác định,Không xác định,3.0,2.0,Đã có sổ,Không xác định,2.9,30,Long An,Cần Giuộc,Đất nền dự án tại The Sol City,0.03,>90 m²,<4 tỷ,10.536,106.4099
"Long An, Cần Giuộc, Đất nền dự án tại Five Star Eco City",127.5,6.0,10.0,Không xác định,Không xác định,3.0,2.0,Đã có sổ,Không xác định,4.7,30,Long An,Cần Giuộc,Đất nền dự án tại Five Star Eco City,0.04,>90 m²,4-6 tỷ,10.536,106.4099
"Long An, Cần Giuộc, Đất nền dự án tại Five Star Eco City",127.5,6.0,10.0,Không xác định,Không xác định,3.0,2.0,Đã có sổ,Không xác định,3.25,30,Long An,Cần Giuộc,Đất nền dự án tại Five Star Eco City,0.03,>90 m²,<4 tỷ,10.536,106.4099
"Long An, Cần Giuộc, Đất nền dự án tại Five Star Eco City",121.0,5.5,10.0,Không xác định,Không xác định,3.0,2.0,Đã có sổ,Không xác định,3.65,30,Long An,Cần Giuộc,Đất nền dự án tại Five Star Eco City,0.03,>90 m²,<4 tỷ,10.536,106.4099
"Long An, Cần Giuộc, Đất nền dự án tại Five Star Eco City",105.0,6.0,10.0,Không xác định,Không xác định,3.0,2.0,Đã có sổ,Không xác định,3.7,30,Long An,Cần Giuộc,Đất nền dự án tại Five Star Eco City,0.04,>90 m²,<4 tỷ,10.536,106.4099
"Quảng Bình, Đồng Hới, Đất nền dự án tại Nhật Lệ Riverside",325.0,16.0,10.0,Không xác định,Không xác định,3.0,2.0,Đã có sổ,Không xác định,8.0,30,Quảng Bình,Đồng Hới,Đất nền dự án tại Nhật Lệ Riverside,0.02,>90 m²,6-8 tỷ,17.469,106.6227
"Hà Nội, Mê Linh, Đất nền dự án tại Khu đô thị Cienco 5 Mê Linh",290.0,15.0,18.5,Đông,Không xác định,3.0,2.0,Đã có sổ,Không xác định,13.43,30,Hà Nội,Mê Linh,Đất nền dự án tại Khu đô thị Cienco 5 Mê Linh,0.05,>90 m²,>10 tỷ,21.0285,105.8542
"Bắc Ninh, Yên Phong, Đất nền dự án tại Khu đô thị Đồng Riệc",75.0,5.0,15.0,Nam,Không xác định,3.0,2.0,Đã có sổ,Không xác định,0.06,30,Bắc Ninh,Yên Phong,Đất nền dự án tại Khu đô thị Đồng Riệc,0.0,70-90 m²,<4 tỷ,21.1861,106.0763
"Đồng Nai, Vĩnh Cửu, Đất nền dự án tại Khu dân cư Thạnh Phú",80.0,5.0,6.0,Đông,Không xác định,3.0,2.0,Đã có sổ,Không xác định,1.35,29,Đồng Nai,Vĩnh Cửu,Đất nền dự án tại Khu dân cư Thạnh Phú,0.02,70-90 m²,<4 tỷ,10.9454,106.8248
"Hồ Chí Minh, Bình Chánh, Đất nền dự án tại Khang Điền Bình Chánh",160.0,20.0,20.0,Đông - Nam,Không xác định,3.0,2.0,Hợp đồng mua bán,Không xác định,0.08,29,Hồ Chí Minh,Bình Chánh,Đất nền dự án tại Khang Điền Bình Chánh,0.0,>90 m²,<4 tỷ,10.7769,106.7009
"Hồ Chí Minh, Bình Chánh, Đất nền dự án tại Khang Điền Bình Chánh",200.0,52.0,52.0,Tây,Không xác định,3.0,2.0,Hợp đồng mua bán,Không xác định,0.1,29,Hồ Chí Minh,Bình Chánh,Đất nền dự án tại Khang Điền Bình Chánh,0.0,>90 m²,<4 tỷ,10.7769,106.7009
"Trà Vinh, Trà Vinh, Đất nền dự án tại TNR Amaluna Trà Vinh",65.0,5.0,24.0,Đông - Nam,Không xác định,3.0,2.0,Đã có sổ,Không xác định,1.3,27,Trà Vinh,Trà Vinh,Đất nền dự án tại TNR Amaluna Trà Vinh,0.02,50-70 m²,<4 tỷ,9.9347,106.3453
"Bà Rịa Vũng Tàu, Bà Rịa, Đất nền dự án tại phố 56",100.0,6.0,10.0,Không xác định,Không xác định,3.0,2.0,Đã có sổ,Không xác định,1.0,29,Bà Rịa Vũng Tàu,Bà Rịa,Đất nền dự án tại phố 56,0.01,>90 m²,<4 tỷ,10.4114,107.1362
"Bà Rịa Vũng Tàu, Bà Rịa, Đất nền dự án tại đường Hương lộ 2",100.0,6.0,10.0,Không xác định,Không xác định,3.0,2.0,Đã có sổ,Không xác định,0.01,29,Bà Rịa Vũng Tàu,Bà Rịa,Đất nền dự án tại đường Hương lộ 2,0.0,>90 m²,<4 tỷ,10.4114,107.1362
"Bà Rịa Vũng Tàu, Bà Rịa, Đất nền dự án tại phố 56",100.0,6.0,12.0,Không xác định,Không xác định,3.0,2.0,Đã có sổ,Không xác định,0.01,29,Bà Rịa Vũng Tàu,Bà Rịa,Đất nền dự án tại phố 56,0.0,>90 m²,<4 tỷ,10.4114,107.1362
"Thanh Hóa, Thanh Hóa, Bán đất tại phường Đông Vệ",2800.0,6.0,10.0,Không xác định,Không xác định,3.0,2.0,Đã có sổ,Không xác định,25.0,1,Thanh Hóa,Thanh Hóa,Bán đất tại phường Đông Vệ,0.01,>90 m²,>10 tỷ,19.8067,105.7852
"Đà Nẵng, Ngũ Hành Sơn, Bán đất tại đường Đồng Khoa",478.0,6.0,7.5,Đông - Bắc,Không xác định,3.0,2.0,Đã có sổ,Không xác định,27.0,1,Đà Nẵng,Ngũ Hành Sơn,Bán đất tại đường Đồng Khoa,0.06,>90 m²,>10 tỷ,16.0544,108.2022
"Hồ Chí Minh, Bình Chánh, Bán đất tại đường Giao thông hào",630.0,8.0,3.0,Không xác định,Không xác định,3.0,2.0,Đã có sổ,Không xác định,4.8,1,Hồ Chí Minh,Bình Chánh,Bán đất tại đường Giao thông hào,0.01,>90 m²,4-6 tỷ,10.7769,106.7009
"Hồ Chí Minh, Cần Giờ, Bán đất tại đường Lương Văn Nho",5000.0,40.0,10.0,Nam,Không xác định,3.0,2.0,Đã có sổ,Không xác định,80.0,1,Hồ Chí Minh,Cần Giờ,Bán đất tại đường Lương Văn Nho,0.02,>90 m²,>10 tỷ,10.7769,106.7009
"Hồ Chí Minh, Bình Chánh, Bán đất tại xã Lê Minh Xuân",2930.0,30.0,5.0,Không xác định,Không xác định,3.0,2.0,Đã có sổ,Không xác định,0.0,1,Hồ Chí Minh,Bình Chánh,Bán đất tại xã Lê Minh Xuân,0.0,>90 m²,<4 tỷ,10.7769,106.7009
"Vĩnh Long, Tam Bình, Bán đất tại xã Ngãi Tứ",2261.7,6.0,10.0,Không xác định,Không xác định,3.0,2.0,Đã có sổ,Không xác định,0.4,1,Vĩnh Long,Tam Bình,Bán đất tại xã Ngãi Tứ,0.0,>90 m²,<4 tỷ,10.2537,105.9722
"Khánh Hòa, Khánh Vĩnh, Bán đất tại xã Khánh Phú",1150.0,7.0,5.0,Đông,Không xác định,3.0,2.0,Đã có sổ,Không xác định,0.4,1,Khánh Hòa,Khánh Vĩnh,Bán đất tại xã Khánh Phú,0.0,>90 m²,<4 tỷ,12.2388,109.1967
"Hồ Chí Minh, Gò Vấp, Bán đất tại đường Dương Quảng Hàm",713.0,13.0,32.0,Không xác định,Không xác định,3.0,2.0,Không xác định,Không xác định,72.0,2,Hồ Chí Minh,Gò Vấp,Bán đất tại đường Dương Quảng Hàm,0.1,>90 m²,>10 tỷ,10.7769,106.7009
"Hồ Chí Minh, Củ Chi, Bán đất tại xã An Phú",800.0,28.89,10.0,Không xác định,Không xác định,3.0,2.0,Đã có sổ,Không xác định,4.2,2,Hồ Chí Minh,Củ Chi,Bán đất tại xã An Phú,0.01,>90 m²,4-6 tỷ,10.7769,106.7009
"Cà Mau, Thới Bình, Bán đất tại đường Xuyên Á",233.0,10.0,16.0,Đông - Bắc,Không xác định,3.0,2.0,Đã có sổ,Không xác định,1.6,2,Cà Mau,Thới Bình,Bán đất tại đường Xuyên Á,0.01,>90 m²,<4 tỷ,9.1769,105.15
"Yên Bái, Trấn Yên, Bán đất tại xã Vân Hội",1005.0,20.0,10.0,Không xác định,Không xác định,3.0,2.0,Đã có sổ,Không xác định,0.0,2,Yên Bái,Trấn Yên,Bán đất tại xã Vân Hội,0.0,>90 m²,<4 tỷ,21.7167,104.8833
"Đồng Nai, Thống Nhất, Bán đất tại đường ĐT 769",95.0,5.0,8.0,Không xác định,Không xác định,3.0,2.0,Đã có sổ,Không xác định,1.05,2,Đồng Nai,Thống Nhất,Bán đất tại đường ĐT 769,0.01,>90 m²,<4 tỷ,10.9454,106.8248
"Bắc Giang, Tân Yên, Bán đất tại xã Lam Cốt",544.0,15.0,4.0,Không xác định,Không xác định,3.0,2.0,Đã có sổ,Không xác định,1.85,3,Bắc Giang,Tân Yên,Bán đất tại xã Lam Cốt,0.0,>90 m²,<4 tỷ,21.2731,106.1946
"Hà Nội, Đông Anh, Bán đất tại xã Mai Lâm",432.0,15.6,10.0,Không xác định,Không xác định,3.0,2.0,Đã có sổ,Không xác định,47.5,3,Hà Nội,Đông Anh,Bán đất tại xã Mai Lâm,0.11,>90 m²,>10 tỷ,21.0285,105.8542
"Đà Nẵng, Hải Châu, Bán đất tại đường Đầm Rong 2",258.0,7.1,10.0,Không xác định,Không xác định,3.0,2.0,Đã có sổ,Không xác định,15.0,3,Đà Nẵng,Hải Châu,Bán đất tại đường Đầm Rong 2,0.06,>90 m²,>10 tỷ,16.0544,108.2022
"Hà Nội, Quốc Oai, Bán đất tại xã Cộng Hòa",545.0,26.0,10.0,Đông - Nam,Không xác định,3.0,2.0,Đã có sổ,Không xác định,0.04,3,Hà Nội,Quốc Oai,Bán đất tại xã Cộng Hòa,0.0,>90 m²,<4 tỷ,21.0285,105.8542
"Đắk Lắk, Buôn Hồ, Bán đất tại phường An Lạc",729.0,28.0,12.0,Không xác định,Không xác định,3.0,2.0,Đã có sổ,Không xác định,10.0,3,Đắk Lắk,Buôn Hồ,Bán đất tại phường An Lạc,0.01,>90 m²,8-10 tỷ,12.6667,108.05
"Đồng Nai, Thống Nhất, Bán đất tại xã Hưng Lộc",112.0,6.0,10.0,Không xác định,Không xác định,3.0,2.0,Đã có sổ,Không xác định,1.1,4,Đồng Nai,Thống Nhất,Bán đất tại xã Hưng Lộc,0.01,>90 m²,<4 tỷ,10.9454,106.8248
"Hà Nội, Sơn Tây, Bán đất tại đường Tỉnh Lộ 87A",80.0,4.0,10.0,Nam,Không xác định,3.0,2.0,Đã có sổ,Không xác định,4.9,4,Hà Nội,Sơn Tây,Bán đất tại đường Tỉnh Lộ 87A,0.06,70-90 m²,4-6 tỷ,21.0285,105.8542
"Tây Ninh, Bến Cầu, Bán đất tại xã An Thạnh",58127.0,6.0,10.0,Không xác định,Không xác định,3.0,2.0,Không xác định,Không xác định,5436.78,4,Tây Ninh,Bến Cầu,Bán đất tại xã An Thạnh,0.09,>90 m²,>10 tỷ,11.3601,106.1098
"Bình Dương, Dĩ An, Bán đất tại đường Bùi Thị Xuân",188.2,6.0,20.0,Không xác định,Không xác định,3.0,2.0,Đã có sổ,Không xác định,3.5,4,Bình Dương,Dĩ An,Bán đất tại đường Bùi Thị Xuân,0.02,>90 m²,<4 tỷ,11.1604,106.6508
"Khánh Hòa, Ninh Hòa, Bán đất tại xã Ninh Sơn",251.0,8.6,3.5,Không xác định,Không xác định,3.0,2.0,Không xác định,Không xác định,1.2,4,Khánh Hòa,Ninh Hòa,Bán đất tại xã Ninh Sơn,0.0,>90 m²,<4 tỷ,12.2388,109.1967
"Ninh Thuận, Thuận Nam, Bán đất tại xã Nhị Hà",214.0,7.0,4.0,Không xác định,Không xác định,3.0,2.0,Đã có sổ,Không xác định,0.43,4,Ninh Thuận,Thuận Nam,Bán đất tại xã Nhị Hà,0.0,>90 m²,<4 tỷ,11.5653,108.9882
"Hồ Chí Minh, Cần Giờ, Bán đất tại đường Trần Quang Đạo",124.0,6.0,2.0,Không xác định,Không xác định,3.0,2.0,Đã có sổ,Không xác định,1.88,5,Hồ Chí Minh,Cần Giờ,Bán đất tại đường Trần Quang Đạo,0.02,>90 m²,<4 tỷ,10.7769,106.7009
"Đồng Nai, Biên Hòa, Bán đất tại đường Đỗ Văn Thi",2281.0,6.0,10.0,Không xác định,Không xác định,3.0,2.0,Đã có sổ,Không xác định,16.0,5,Đồng Nai,Biên Hòa,Bán đất tại đường Đỗ Văn Thi,0.01,>90 m²,>10 tỷ,10.9454,106.8248
"Hà Nam, Phủ Lý, Bán đất tại đường Võ Văn Tần",50.0,6.0,5.0,Đông - Bắc,Không xác định,3.0,2.0,Đã có sổ,Không xác định,1.48,5,Hà Nam,Phủ Lý,Bán đất tại đường Võ Văn Tần,0.03,30-50 m²,<4 tỷ,20.5453,105.9126
"Đắk Lắk, Krông Pắc, Bán đất tại xã Ea Knuec",1276.4,6.0,4.0,Không xác định,Không xác định,3.0,2.0,Đã có sổ,Không xác định,2.0,5,Đắk Lắk,Krông Pắc,Bán đất tại xã Ea Knuec,0.0,>90 m²,<4 tỷ,12.6667,108.05
"Đồng Nai, Biên Hòa, Bán đất tại phường Long Bình Tân",132.0,4.0,10.0,Không xác định,Không xác định,3.0,2.0,Đã có sổ,Không xác định,6.07,5,Đồng Nai,Biên Hòa,Bán đất tại phường Long Bình Tân,0.05,>90 m²,6-8 tỷ,10.9454,106.8248
"Khánh Hòa, Ninh Hòa, Bán đất tại xã Ninh Quang",118.4,5.0,8.0,Đông - Nam,Không xác định,3.0,2.0,Đã có sổ,Không xác định,0.45,5,Khánh Hòa,Ninh Hòa,Bán đất tại xã Ninh Quang,0.0,>90 m²,<4 tỷ,12.2388,109.1967
"Khánh Hòa, Ninh Hòa, Bán đất tại xã Ninh Quang",157.6,6.0,4.0,Tây - Bắc,Không xác định,3.0,2.0,Đã có sổ,Không xác định,0.46,4,Khánh Hòa,Ninh Hòa,Bán đất tại xã Ninh Quang,0.0,>90 m²,<4 tỷ,12.2388,109.1967
"Long An, Đức Huệ, Bán đất tại đường Tỉnh lộ 816",1000.0,20.0,12.0,Không xác định,Không xác định,3.0,2.0,Đã có sổ,Không xác định,4.1,6,Long An,Đức Huệ,Bán đất tại đường Tỉnh lộ 816,0.0,>90 m²,4-6 tỷ,10.536,106.4099
"Nghệ An, Nam Đàn, Bán đất tại xã Kim Liên",1292.7,19.65,5.0,Không xác định,Không xác định,3.0,2.0,Đã có sổ,Không xác định,3.3,6,Nghệ An,Nam Đàn,Bán đất tại xã Kim Liên,0.0,>90 m²,<4 tỷ,19.2342,104.892
"Kon Tum, Kon Plông, Bán đất tại xã Đắk Long",310.0,10.0,10.0,Không xác định,Không xác định,3.0,2.0,Đã có sổ,Không xác định,7.5,6,Kon Tum,Kon Plông,Bán đất tại xã Đắk Long,0.02,>90 m²,6-8 tỷ,14.35,108.0
"Lâm Đồng, Đà Lạt, Bán đất tại đường Lý Tự Trọng",480.0,15.0,8.0,Không xác định,Không xác định,3.0,2.0,Đã có sổ,Không xác định,60.0,6,Lâm Đồng,Đà Lạt,Bán đất tại đường Lý Tự Trọng,0.12,>90 m²,>10 tỷ,11.9404,108.4583
"Đồng Nai, Long Thành, Bán đất tại xã Long Phước",655.0,16.7,8.0,Đông - Bắc,Không xác định,3.0,2.0,Đã có sổ,Không xác định,17.5,5,Đồng Nai,Long Thành,Bán đất tại xã Long Phước,0.03,>90 m²,>10 tỷ,10.9454,106.8248
"Đồng Nai, Long Thành, Bán đất tại đường Bưng Cơ",917.3,324.2,4.0,Tây,Không xác định,3.0,2.0,Đã có sổ,Không xác định,7.5,5,Đồng Nai,Long Thành,Bán đất tại đường Bưng Cơ,0.01,>90 m²,6-8 tỷ,10.9454,106.8248
"Bà Rịa Vũng Tàu, Phú Mỹ, Bán đất tại đường Hắc Dịch",540.0,10.0,5.0,Bắc,Không xác định,3.0,2.0,Đã có sổ,Không xác định,2.5,5,Bà Rịa Vũng Tàu,Phú Mỹ,Bán đất tại đường Hắc Dịch,0.0,>90 m²,<4 tỷ,10.4114,107.1362
"Long An, Bến Lức, Bán đất tại xã Tân Bửu",108.0,4.5,5.0,Tây,Không xác định,3.0,2.0,Đã có sổ,Không xác định,1.4,5,Long An,Bến Lức,Bán đất tại xã Tân Bửu,0.01,>90 m²,<4 tỷ,10.536,106.4099
"Quảng Nam, Thăng Bình, Bán đất tại đường Võ Chí Công",1366.8,68.0,5.0,Không xác định,Không xác định,3.0,2.0,Đã có sổ,Không xác định,0.0,5,Quảng Nam,Thăng Bình,Bán đất tại đường Võ Chí Công,0.0,>90 m²,<4 tỷ,15.5667,108.4833
"Hồ Chí Minh, Bình Chánh, Bán đất tại đường Lương Ngang",1000.0,21.0,10.0,Tây,Không xác định,3.0,2.0,Đã có sổ,Không xác định,15.0,5,Hồ Chí Minh,Bình Chánh,Bán đất tại đường Lương Ngang,0.02,>90 m²,>10 tỷ,10.7769,106.7009
"Long An, Tân Trụ, Bán đất tại đường Đăng Mỹ",4400.0,50.0,12.0,Bắc,Không xác định,3.0,2.0,Đã có sổ,Không xác định,12.0,5,Long An,Tân Trụ,Bán đất tại đường Đăng Mỹ,0.0,>90 m²,>10 tỷ,10.536,106.4099
"Hồ Chí Minh, Bình Chánh, Bán đất tại đường Thế Lữ",3000.0,6.0,10.0,Không xác định,Không xác định,3.0,2.0,Đã có sổ,Không xác định,45.0,5,Hồ Chí Minh,Bình Chánh,Bán đất tại đường Thế Lữ,0.02,>90 m²,>10 tỷ,10.7769,106.7009
"Bắc Ninh, Gia Bình, Bán đất tại xã Đông Cứu",72.3,6.0,4.0,Không xác định,Không xác định,3.0,2.0,Đã có sổ,Không xác định,1.65,5,Bắc Ninh,Gia Bình,Bán đất tại xã Đông Cứu,0.02,70-90 m²,<4 tỷ,21.1861,106.0763
"Lào Cai, Sa Pa, Bán đất tại đường Cầu Mây",700.0,20.0,6.0,Không xác định,Không xác định,3.0,2.0,Đã có sổ,Không xác định,10.0,5,Lào Cai,Sa Pa,Bán đất tại đường Cầu Mây,0.01,>90 m²,8-10 tỷ,22.4856,103.9707
"Đồng Nai, Định Quán, Bán đất tại xã Phú Ngọc",1405.0,4.7,10.0,Không xác định,Không xác định,3.0,2.0,Đã có sổ,Không xác định,3.4,5,Đồng Nai,Định Quán,Bán đất tại xã Phú Ngọc,0.0,>90 m²,<4 tỷ,10.9454,106.8248
"Đồng Nai, Định Quán, Bán đất tại xã Phú Ngọc",10734.0,62.0,10.0,Không xác định,Không xác định,3.0,2.0,Không xác định,Không xác định,5.5,5,Đồng Nai,Định Quán,Bán đất tại xã Phú Ngọc,0.0,>90 m²,4-6 tỷ,10.9454,106.8248
"Bình Phước, Lộc Ninh, Bán đất tại thị trấn Lộc Ninh",1690.0,6.0,10.0,Nam,Không xác định,3.0,2.0,Đã có sổ,Đầy đủ,6.3,5,Bình Phước,Lộc Ninh,Bán đất tại thị trấn Lộc Ninh,0.0,>90 m²,6-8 tỷ,11.75,106.9167
"Đồng Nai, Xuân Lộc, Bán đất tại xã Xuân Hòa",276.0,7.8,10.0,Không xác định,Không xác định,3.0,2.0,Không xác định,Không xác định,2.5,5,Đồng Nai,Xuân Lộc,Bán đất tại xã Xuân Hòa,0.01,>90 m²,<4 tỷ,10.9454,106.8248
"Bà Rịa Vũng Tàu, Phú Mỹ, Bán đất tại phường Phú Mỹ",4466.0,6.0,8.0,Không xác định,Không xác định,3.0,2.0,Đã có sổ,Không xác định,17.0,5,Bà Rịa Vũng Tàu,Phú Mỹ,Bán đất tại phường Phú Mỹ,0.0,>90 m²,>10 tỷ,10.4114,107.1362
"Bình Định, Tuy Phước, Bán đất tại đường Nguyễn Huệ",760.0,19.0,3.0,Không xác định,Không xác định,3.0,2.0,Đã có sổ,Không xác định,2.0,5,Bình Định,Tuy Phước,Bán đất tại đường Nguyễn Huệ,0.0,>90 m²,<4 tỷ,13.782,109.2194
"Hòa Bình, Tân Lạc, Bán đất tại xã Phú Vinh",1984.6,70.0,10.0,Không xác định,Không xác định,3.0,2.0,Đã có sổ,Không xác định,1.19,8,Hòa Bình,Tân Lạc,Bán đất tại xã Phú Vinh,0.0,>90 m²,<4 tỷ,20.8133,105.3383
"Khánh Hòa, Nha Trang, Bán đất tại đường Biệt Thự",525.0,13.5,20.0,Không xác định,Không xác định,3.0,2.0,Đã có sổ,Không xác định,243.0,8,Khánh Hòa,Nha Trang,Bán đất tại đường Biệt Thự,0.46,>90 m²,>10 tỷ,12.2388,109.1967
"Thừa Thiên Huế, Huế, Bán đất tại đường Nguyễn Khoa Chiêm",400.0,10.0,7.0,Tây - Nam,Không xác định,3.0,2.0,Đã có sổ,Không xác định,0.04,8,Thừa Thiên Huế,Huế,Bán đất tại đường Nguyễn Khoa Chiêm,0.0,>90 m²,<4 tỷ,16.4637,107.5909
"Bà Rịa Vũng Tàu, Xuyên Mộc, Bán đất tại đường Hùng Vương",539.5,10.0,6.0,Tây,Không xác định,3.0,2.0,Đã có sổ,Không xác định,2.5,8,Bà Rịa Vũng Tàu,Xuyên Mộc,Bán đất tại đường Hùng Vương,0.0,>90 m²,<4 tỷ,10.4114,107.1362
"Long An, Thủ Thừa, Bán đất tại xã Mỹ Thạnh",1947.4,24.4,3.0,Không xác định,Không xác định,3.0,2.0,Đã có sổ,Không xác định,1.8,8,Long An,Thủ Thừa,Bán đất tại xã Mỹ Thạnh,0.0,>90 m²,<4 tỷ,10.536,106.4099
"Hải Phòng, Thủy Nguyên, Bán đất tại đường 9C",51.0,5.0,4.0,Đông - Bắc,Không xác định,3.0,2.0,Đã có sổ,Không xác định,0.02,8,Hải Phòng,Thủy Nguyên,Bán đất tại đường 9C,0.0,50-70 m²,<4 tỷ,20.8449,106.6881
"Hải Phòng, An Lão, Bán đất tại xã Thái Sơn",68.9,4.0,5.0,Đông - Bắc,Không xác định,3.0,2.0,Đã có sổ,Không xác định,0.88,7,Hải Phòng,An Lão,Bán đất tại xã Thái Sơn,0.01,50-70 m²,<4 tỷ,20.8449,106.6881
"Bình Dương, Bến Cát, Bán đất tại phường Chánh Phú Hòa",1600.0,42.0,6.0,Tây,Không xác định,3.0,2.0,Đã có sổ,Không xác định,0.0,7,Bình Dương,Bến Cát,Bán đất tại phường Chánh Phú Hòa,0.0,>90 m²,<4 tỷ,11.1604,106.6508
"Bình Dương, Dĩ An, Bán đất tại đường N9",292.0,30.0,10.0,Không xác định,Không xác định,3.0,2.0,Đã có sổ,Không xác định,16.0,7,Bình Dương,Dĩ An,Bán đất tại đường N9,0.05,>90 m²,>10 tỷ,11.1604,106.6508
"Quảng Ninh, Vân Đồn, Bán đất tại đường 58",108.0,6.0,22.0,Tây - Bắc,Không xác định,3.0,2.0,Đã có sổ,Không xác định,0.04,7,Quảng Ninh,Vân Đồn,Bán đất tại đường 58,0.0,>90 m²,<4 tỷ,21.0069,107.2925
"Long An, Bến Lức, Bán đất tại đường Ấp 10",210.0,7.6,5.0,Tây - Bắc,Không xác định,3.0,2.0,Đã có sổ,Không xác định,1.7,6,Long An,Bến Lức,Bán đất tại đường Ấp 10,0.01,>90 m²,<4 tỷ,10.536,106.4099
"Lâm Đồng, Di Linh, Bán đất tại xã Hoà Ninh",136.5,6.0,10.0,Không xác định,Không xác định,3.0,2.0,Đã có sổ,Không xác định,0.73,6,Lâm Đồng,Di Linh,Bán đất tại xã Hoà Ninh,0.01,>90 m²,<4 tỷ,11.9404,108.4583
"Long An, Đức Hòa, Bán đất tại đường Mỹ Hạnh",353.0,20.0,20.0,Không xác định,Không xác định,3.0,2.0,Đã có sổ,Không xác định,5.0,6,Long An,Đức Hòa,Bán đất tại đường Mỹ Hạnh,0.01,>90 m²,4-6 tỷ,10.536,106.4099
"Hồ Chí Minh, Gò Vấp, Bán đất tại đường Quang Trung",214.0,8.0,8.0,Tây - Nam,Không xác định,3.0,2.0,Đã có sổ,Không xác định,24.0,6,Hồ Chí Minh,Gò Vấp,Bán đất tại đường Quang Trung,0.11,>90 m²,>10 tỷ,10.7769,106.7009
"Lâm Đồng, Lâm Hà, Bán đất tại xã Phúc Thọ",6000.0,83.0,5.0,Không xác định,Không xác định,3.0,2.0,Đã có sổ,Không xác định,10.5,6,Lâm Đồng,Lâm Hà,Bán đất tại xã Phúc Thọ,0.0,>90 m²,>10 tỷ,11.9404,108.4583
"Bình Thuận, Hàm Thuận Bắc, Bán đất tại xã Hàm Hiệp",370.0,9.6,3.5,Không xác định,Không xác định,3.0,2.0,Đã có sổ,Không xác định,1.7,6,Bình Thuận,Hàm Thuận Bắc,Bán đất tại xã Hàm Hiệp,0.0,>90 m²,<4 tỷ,11.0904,108.0722
"Ninh Bình, Ninh Bình, Bán đất tại đường Trần Hưng Đạo",119.0,8.0,10.0,Tây - Bắc,Không xác định,3.0,2.0,Đã có sổ,Không xác định,8.0,9,Ninh Bình,Ninh Bình,Bán đất tại đường Trần Hưng Đạo,0.07,>90 m²,6-8 tỷ,20.2506,105.9745
"Long An, Đức Huệ, Bán đất tại xã Bình Hòa Nam",400.0,4.0,8.0,Tây - Nam,Không xác định,3.0,2.0,Đã có sổ,Không xác định,500.0,9,Long An,Đức Huệ,Bán đất tại xã Bình Hòa Nam,1.25,>90 m²,>10 tỷ,10.536,106.4099
"Lào Cai, Sa Pa, Bán đất tại đường Điện Biên Phủ",626.0,6.0,10.0,Không xác định,Không xác định,3.0,2.0,Không xác định,Không xác định,24.5,9,Lào Cai,Sa Pa,Bán đất tại đường Điện Biên Phủ,0.04,>90 m²,>10 tỷ,22.4856,103.9707
"Lào Cai, Sa Pa, Bán đất tại xã Bản Hồ",363.0,6.0,10.0,Không xác định,Không xác định,3.0,2.0,Không xác định,Không xác định,0.69,9,Lào Cai,Sa Pa,Bán đất tại xã Bản Hồ,0.0,>90 m²,<4 tỷ,22.4856,103.9707
"Lào Cai, Sa Pa, Bán đất tại đường Điện Biên Phủ",500.0,16.5,10.0,Không xác định,Không xác định,3.0,2.0,Đã có sổ,Không xác định,12.5,9,Lào Cai,Sa Pa,Bán đất tại đường Điện Biên Phủ,0.02,>90 m²,>10 tỷ,22.4856,103.9707
"Bà Rịa Vũng Tàu, Long Điền, Bán đất tại đường Quy hoạch Số 16",158.0,6.0,5.0,Tây - Nam,Không xác định,3.0,2.0,Đã có sổ,Không xác định,1.59,9,Bà Rịa Vũng Tàu,Long Điền,Bán đất tại đường Quy hoạch Số 16,0.01,>90 m²,<4 tỷ,10.4114,107.1362
"Đồng Nai, Tân Phú, Bán đất tại xã Phú Thanh",4322.0,6.0,3.0,Không xác định,Không xác định,3.0,2.0,Đã có sổ,Không xác định,0.85,9,Đồng Nai,Tân Phú,Bán đất tại xã Phú Thanh,0.0,>90 m²,<4 tỷ,10.9454,106.8248
"Hưng Yên, Văn Giang, Bán đất tại đường 379",198.5,6.0,6.0,Đông,Không xác định,3.0,2.0,Đã có sổ,Không xác định,10.5,3,Hưng Yên,Văn Giang,Bán đất tại đường 379,0.05,>90 m²,>10 tỷ,20.6464,106.0511
"Hồ Chí Minh, Thủ Đức, Bán đất tại đường Phước Thiện",74.0,6.0,8.0,Đông - Nam,Không xác định,3.0,2.0,Đã có sổ,Không xác định,5.5,8,Hồ Chí Minh,Thủ Đức,Bán đất tại đường Phước Thiện,0.07,70-90 m²,4-6 tỷ,10.7769,106.7009
"Hồ Chí Minh, Củ Chi, Bán đất tại đường Bà Thiên",2100.3,30.0,10.0,Không xác định,Không xác định,3.0,2.0,Đã có sổ,Không xác định,10.0,8,Hồ Chí Minh,Củ Chi,Bán đất tại đường Bà Thiên,0.0,>90 m²,8-10 tỷ,10.7769,106.7009
"Đắk Nông, Tuy Đức, Bán đất tại xã Đắk R'Tíh",58000.0,5.0,5.0,Không xác định,Không xác định,3.0,2.0,Đã có sổ,Không xác định,9.28,8,Đắk Nông,Tuy Đức,Bán đất tại xã Đắk R'Tíh,0.0,>90 m²,8-10 tỷ,12.25,107.6833
"Tây Ninh, Trảng Bàng, Bán đất tại xã Hưng Thuận",593.1,10.0,10.0,Không xác định,Không xác định,3.0,2.0,Đã có sổ,Không xác định,2.6,8,Tây Ninh,Trảng Bàng,Bán đất tại xã Hưng Thuận,0.0,>90 m²,<4 tỷ,11.3601,106.1098
"Long An, Kiến Tường, Bán đất tại xã Bình Hiệp",1080.0,36.0,30.0,Không xác định,Không xác định,3.0,2.0,Đã có sổ,Không xác định,2.97,8,Long An,Kiến Tường,Bán đất tại xã Bình Hiệp,0.0,>90 m²,<4 tỷ,10.536,106.4099
"Hồ Chí Minh, Củ Chi, Bán đất tại đường Nguyễn Thị Nà",6738.0,34.0,7.0,Tây - Bắc,Không xác định,3.0,2.0,Đã có sổ,Không xác định,13.5,8,Hồ Chí Minh,Củ Chi,Bán đất tại đường Nguyễn Thị Nà,0.0,>90 m²,>10 tỷ,10.7769,106.7009
"Hà Nội, Mê Linh, Bán đất tại thị trấn Quang Minh",89.5,6.0,10.0,Không xác định,Không xác định,3.0,2.0,Đã có sổ,Không xác định,3.5,8,Hà Nội,Mê Linh,Bán đất tại thị trấn Quang Minh,0.04,70-90 m²,<4 tỷ,21.0285,105.8542
"Nghệ An, Vinh, Bán đất tại đường Trần Bình Trọng",155.2,7.0,9.0,Không xác định,Không xác định,3.0,2.0,Đã có sổ,Không xác định,0.04,8,Nghệ An,Vinh,Bán đất tại đường Trần Bình Trọng,0.0,>90 m²,<4 tỷ,19.2342,104.892
"Tây Ninh, Bến Cầu, Bán đất tại xã Tiên Thuận",4696.0,4.0,7.0,Tây - Nam,Không xác định,3.0,2.0,Đã có sổ,Không xác định,850.0,8,Tây Ninh,Bến Cầu,Bán đất tại xã Tiên Thuận,0.18,>90 m²,>10 tỷ,11.3601,106.1098
"Hà Nội, Quốc Oai, Bán đất tại đường 21",100.0,6.0,10.0,Không xác định,Không xác định,3.0,2.0,Đã có sổ,Không xác định,0.04,5,Hà Nội,Quốc Oai,Bán đất tại đường 21,0.0,>90 m²,<4 tỷ,21.0285,105.8542
"Bình Phước, Đồng Phú, Bán đất tại xã Tân Lập",255.4,10.0,3.0,Tây - Nam,Không xác định,3.0,2.0,Đã có sổ,Không xác định,0.61,8,Bình Phước,Đồng Phú,Bán đất tại xã Tân Lập,0.0,>90 m²,<4 tỷ,11.75,106.9167
"Quảng Ninh, Hải Hà, Bán đất tại xã Cái Chiên",19000.0,6.0,10.0,Không xác định,Không xác định,3.0,2.0,Đã có sổ,Không xác định,0.7,8,Quảng Ninh,Hải Hà,Bán đất tại xã Cái Chiên,0.0,>90 m²,<4 tỷ,21.0069,107.2925
"Tây Ninh, Trảng Bàng, Bán đất tại đường ĐT 782",2746.6,24.0,10.0,Tây - Nam,Không xác định,3.0,2.0,Đã có sổ,Không xác định,0.0,10,Tây Ninh,Trảng Bàng,Bán đất tại đường ĐT 782,0.0,>90 m²,<4 tỷ,11.3601,106.1098
"Long An, Tân Trụ, Bán đất tại đường ĐT 832",900.0,6.0,3.0,Không xác định,Không xác định,3.0,2.0,Đã có sổ,Không xác định,2.0,1,Long An,Tân Trụ,Bán đất tại đường ĐT 832,0.0,>90 m²,<4 tỷ,10.536,106.4099
"Đà Nẵng, Hòa Vang, Bán đất tại đường Quang Châu",213.0,11.5,5.0,Đông - Nam,Không xác định,3.0,2.0,Đã có sổ,Không xác định,3.1,10,Đà Nẵng,Hòa Vang,Bán đất tại đường Quang Châu,0.01,>90 m²,<4 tỷ,16.0544,108.2022
"Gia Lai, Plei Ku, Bán đất tại đường Nguyễn Cư Trinh",110.0,5.0,10.0,Tây - Bắc,Không xác định,3.0,2.0,Đã có sổ,Không xác định,1.6,10,Gia Lai,Plei Ku,Bán đất tại đường Nguyễn Cư Trinh,0.01,>90 m²,<4 tỷ,13.9833,108.0
"Khánh Hòa, Cam Lâm, Bán đất tại xã Cam An Nam",1000.0,15.0,7.0,Tây - Nam,Không xác định,3.0,2.0,Đã có sổ,Không xác định,4.5,12,Khánh Hòa,Cam Lâm,Bán đất tại xã Cam An Nam,0.0,>90 m²,4-6 tỷ,12.2388,109.1967
"Khánh Hòa, Cam Lâm, Bán đất tại xã Cam Phước Tây",1488.0,60.0,7.0,Đông - Nam,Không xác định,3.0,2.0,Đã có sổ,Không xác định,2.6,11,Khánh Hòa,Cam Lâm,Bán đất tại xã Cam Phước Tây,0.0,>90 m²,<4 tỷ,12.2388,109.1967
"Lâm Đồng, Đà Lạt, Bán đất tại đường Quốc Lộ 20",283.0,15.0,10.0,Đông - Nam,Không xác định,3.0,2.0,Đã có sổ,Không xác định,7.0,11,Lâm Đồng,Đà Lạt,Bán đất tại đường Quốc Lộ 20,0.02,>90 m²,6-8 tỷ,11.9404,108.4583
"Thái Nguyên, Phổ Yên, Bán đất tại phường Tiên Phong",450.0,6.0,10.0,Không xác định,Không xác định,3.0,2.0,Không xác định,Không xác định,5.2,11,Thái Nguyên,Phổ Yên,Bán đất tại phường Tiên Phong,0.01,>90 m²,4-6 tỷ,21.5928,105.8442
"Long An, Cần Đước, Bán đất tại đường Nguyễn Trung Trực",184.0,5.0,3.5,Không xác định,Không xác định,3.0,2.0,Đã có sổ,Không xác định,1.15,5,Long An,Cần Đước,Bán đất tại đường Nguyễn Trung Trực,0.01,>90 m²,<4 tỷ,10.536,106.4099
"Bình Thuận, Hàm Thuận Bắc, Bán đất tại đường Hải Thượng Lãn Ông",977.7,6.0,10.0,Tây,Không xác định,3.0,2.0,Đã có sổ,Không xác định,1.2,11,Bình Thuận,Hàm Thuận Bắc,Bán đất tại đường Hải Thượng Lãn Ông,0.0,>90 m²,<4 tỷ,11.0904,108.0722
"Bình Thuận, Hàm Thuận Nam, Bán đất tại đường Quốc lộ 1A",896.0,6.0,10.0,Tây - Nam,Không xác định,3.0,2.0,Đã có sổ,Không xác định,2.69,11,Bình Thuận,Hàm Thuận Nam,Bán đất tại đường Quốc lộ 1A,0.0,>90 m²,<4 tỷ,11.0904,108.0722
"Đồng Nai, Long Khánh, Bán đất tại đường Lê A",6000.0,10.0,5.0,Không xác định,Không xác định,3.0,2.0,Đã có sổ,Không xác định,42.0,11,Đồng Nai,Long Khánh,Bán đất tại đường Lê A,0.01,>90 m²,>10 tỷ,10.9454,106.8248
"Hải Phòng, Thủy Nguyên, Bán đất tại đường Trần Hưng Đạo",84.0,6.0,13.0,Tây - Bắc,Không xác định,3.0,2.0,Đã có sổ,Không xác định,2.9,11,Hải Phòng,Thủy Nguyên,Bán đất tại đường Trần Hưng Đạo,0.03,70-90 m²,<4 tỷ,20.8449,106.6881
"Bắc Ninh, Từ Sơn, Bán đất tại phường Phù Khê",99.0,5.0,10.0,Không xác định,Không xác định,3.0,2.0,Đã có sổ,Không xác định,6.0,10,Bắc Ninh,Từ Sơn,Bán đất tại phường Phù Khê,0.06,>90 m²,4-6 tỷ,21.1861,106.0763
"Khánh Hòa, Cam Lâm, Bán đất tại xã Suối Tân",855.0,10.0,20.0,Không xác định,Không xác định,3.0,2.0,Đã có sổ,Không xác định,0.01,10,Khánh Hòa,Cam Lâm,Bán đất tại xã Suối Tân,0.0,>90 m²,<4 tỷ,12.2388,109.1967
"Khánh Hòa, Cam Lâm, Bán đất tại xã Cam Hải Đông",400.0,6.0,10.0,Không xác định,Không xác định,3.0,2.0,Đã có sổ,Không xác định,0.02,10,Khánh Hòa,Cam Lâm,Bán đất tại xã Cam Hải Đông,0.0,>90 m²,<4 tỷ,12.2388,109.1967
"Tây Ninh, Tây Ninh, Bán đất tại đường Thuyền",250.3,6.0,10.0,Không xác định,Không xác định,3.0,2.0,Đã có sổ,Không xác định,2.34,10,Tây Ninh,Tây Ninh,Bán đất tại đường Thuyền,0.01,>90 m²,<4 tỷ,11.3601,106.1098
"Bắc Ninh, Thuận Thành, Bán đất tại xã Song Liễu",75.6,4.8,10.0,Không xác định,Không xác định,3.0,2.0,Đã có sổ,Không xác định,2.2,10,Bắc Ninh,Thuận Thành,Bán đất tại xã Song Liễu,0.03,70-90 m²,<4 tỷ,21.1861,106.0763
"Hà Nội, Quốc Oai, Bán đất tại đường Hoà Thạch",94.0,4.5,3.5,Đông - Nam,Không xác định,3.0,2.0,Đã có sổ,Không xác định,0.03,10,Hà Nội,Quốc Oai,Bán đất tại đường Hoà Thạch,0.0,>90 m²,<4 tỷ,21.0285,105.8542
"Đồng Nai, Trảng Bom, Bán đất tại đường Hưng Bình 1",1000.0,22.0,10.0,Không xác định,Không xác định,3.0,2.0,Đã có sổ,Không xác định,2.8,10,Đồng Nai,Trảng Bom,Bán đất tại đường Hưng Bình 1,0.0,>90 m²,<4 tỷ,10.9454,106.8248
"Bình Dương, Thuận An, Bán đất tại đường Vĩnh Phú 27",279.8,5.6,5.0,Đông - Nam,Không xác định,3.0,2.0,Đã có sổ,Không xác định,8.0,10,Bình Dương,Thuận An,Bán đất tại đường Vĩnh Phú 27,0.03,>90 m²,6-8 tỷ,11.1604,106.6508
"Hà Nội, Quốc Oai, Bán đất tại xã Đông Yên",100.0,6.0,10.0,Đông - Nam,Không xác định,3.0,2.0,Đã có sổ,Không xác định,3.95,10,Hà Nội,Quốc Oai,Bán đất tại xã Đông Yên,0.04,>90 m²,<4 tỷ,21.0285,105.8542
"Hồ Chí Minh, Quận 9, Bán đất tại phường Trường Thạnh",284.0,6.0,10.0,Không xác định,Không xác định,3.0,2.0,Đã có sổ,Không xác định,10.5,10,Hồ Chí Minh,Quận 9,Bán đất tại phường Trường Thạnh,0.04,>90 m²,>10 tỷ,10.7769,106.7009
"Bắc Ninh, Từ Sơn, Bán đất tại phường Phù Khê",50.0,8.37,3.5,Bắc,Không xác định,3.0,2.0,Đã có sổ,Không xác định,1.8,10,Bắc Ninh,Từ Sơn,Bán đất tại phường Phù Khê,0.04,30-50 m²,<4 tỷ,21.1861,106.0763
"Đồng Nai, Thống Nhất, Bán đất tại xã Bàu Hàm 2",1000.0,6.0,10.0,Không xác định,Không xác định,3.0,2.0,Đã có sổ,Không xác định,1.0,13,Đồng Nai,Thống Nhất,Bán đất tại xã Bàu Hàm 2,0.0,>90 m²,<4 tỷ,10.9454,106.8248
"Hưng Yên, Khoái Châu, Bán đất tại xã Tân Châu",82.6,6.0,7.0,Đông,Không xác định,3.0,2.0,Đã có sổ,Không xác định,2.3,13,Hưng Yên,Khoái Châu,Bán đất tại xã Tân Châu,0.03,70-90 m²,<4 tỷ,20.6464,106.0511
"Bắc Giang, Hiệp Hòa, Bán đất tại xã Hùng Sơn",125.0,8.0,9.0,Không xác định,Không xác định,3.0,2.0,Đã có sổ,Không xác định,1.78,13,Bắc Giang,Hiệp Hòa,Bán đất tại xã Hùng Sơn,0.01,>90 m²,<4 tỷ,21.2731,106.1946
"Hà Nội, Sóc Sơn, Bán đất tại đường Quốc Lộ 2",115.0,5.0,7.0,Không xác định,Không xác định,3.0,2.0,Đã có sổ,Không xác định,0.06,13,Hà Nội,Sóc Sơn,Bán đất tại đường Quốc Lộ 2,0.0,>90 m²,<4 tỷ,21.0285,105.8542
"Bình Dương, Bắc Tân Uyên, Bán đất tại xã Tân Lập",1005.0,25.0,6.0,Không xác định,Không xác định,3.0,2.0,Đã có sổ,Không xác định,4.25,12,Bình Dương,Bắc Tân Uyên,Bán đất tại xã Tân Lập,0.0,>90 m²,4-6 tỷ,11.1604,106.6508
"Đà Nẵng, Hòa Vang, Bán đất tại đường Phan Thêm",100.0,6.0,7.5,Không xác định,Không xác định,3.0,2.0,Đã có sổ,Không xác định,2.75,12,Đà Nẵng,Hòa Vang,Bán đất tại đường Phan Thêm,0.03,>90 m²,<4 tỷ,16.0544,108.2022
"Đà Nẵng, Hòa Vang, Bán đất tại đường ĐT 601",4200.0,6.0,10.0,Không xác định,Không xác định,3.0,2.0,Không xác định,Không xác định,18.0,12,Đà Nẵng,Hòa Vang,Bán đất tại đường ĐT 601,0.0,>90 m²,>10 tỷ,16.0544,108.2022
"Phú Thọ, Yên Lập, Bán đất tại xã Nga Hoàng",2500.0,6.0,10.0,Không xác định,Không xác định,3.0,2.0,Không xác định,Không xác định,1.3,12,Phú Thọ,Yên Lập,Bán đất tại xã Nga Hoàng,0.0,>90 m²,<4 tỷ,21.3167,105.2167
"Vĩnh Phúc, Tam Đảo, Bán đất tại xã Hồ Sơn",1310.0,6.0,10.0,Không xác định,Không xác định,3.0,2.0,Đã có sổ,Không xác định,4.2,12,Vĩnh Phúc,Tam Đảo,Bán đất tại xã Hồ Sơn,0.0,>90 m²,4-6 tỷ,21.3083,105.6042
"Vĩnh Phúc, Tam Đảo, Bán đất tại xã Hồ Sơn",1149.3,6.0,10.0,Không xác định,Không xác định,3.0,2.0,Đã có sổ,Không xác định,4.6,12,Vĩnh Phúc,Tam Đảo,Bán đất tại xã Hồ Sơn,0.0,>90 m²,4-6 tỷ,21.3083,105.6042
"Đồng Nai, Trảng Bom, Bán đất tại đường Hưng Bình 1",1492.4,12.0,5.0,Tây - Bắc,Không xác định,3.0,2.0,Đã có sổ,Không xác định,2.1,12,Đồng Nai,Trảng Bom,Bán đất tại đường Hưng Bình 1,0.0,>90 m²,<4 tỷ,10.9454,106.8248
"Hải Phòng, Hải An, Bán đất tại đường Ngô Gia Tự",196.0,12.6,3.0,Không xác định,Không xác định,3.0,2.0,Đã có sổ,Không xác định,11.8,12,Hải Phòng,Hải An,Bán đất tại đường Ngô Gia Tự,0.06,>90 m²,>10 tỷ,20.8449,106.6881
"Bà Rịa Vũng Tàu, Châu Đức, Bán đất tại xã Quảng Thành",200.4,6.0,10.0,Không xác định,Không xác định,3.0,2.0,Đã có sổ,Không xác định,0.36,12,Bà Rịa Vũng Tàu,Châu Đức,Bán đất tại xã Quảng Thành,0.0,>90 m²,<4 tỷ,10.4114,107.1362
"Đồng Nai, Long Thành, Bán đất tại xã Long Phước",303.0,6.0,10.0,Không xác định,Không xác định,3.0,2.0,Đã có sổ,Không xác định,4.5,12,Đồng Nai,Long Thành,Bán đất tại xã Long Phước,0.01,>90 m²,4-6 tỷ,10.9454,106.8248
"Đồng Nai, Long Thành, Bán đất tại xã Bình An",595.5,6.0,10.0,Không xác định,Không xác định,3.0,2.0,Không xác định,Không xác định,5.6,12,Đồng Nai,Long Thành,Bán đất tại xã Bình An,0.01,>90 m²,4-6 tỷ,10.9454,106.8248
"Đồng Nai, Long Thành, Bán đất tại xã Long Phước",147.0,6.0,10.0,Không xác định,Không xác định,3.0,2.0,Đã có sổ,Không xác định,1.5,12,Đồng Nai,Long Thành,Bán đất tại xã Long Phước,0.01,>90 m²,<4 tỷ,10.9454,106.8248
"Bình Dương, Thuận An, Bán đất tại đường Thuận Giao 33",1737.8,21.0,4.3,Đông - Bắc,Không xác định,3.0,2.0,Đã có sổ,Không xác định,0.02,12,Bình Dương,Thuận An,Bán đất tại đường Thuận Giao 33,0.0,>90 m²,<4 tỷ,11.1604,106.6508
"Bình Thuận, La Gi, Bán đất tại phường Tân An",714.9,12.0,10.0,Đông - Bắc,Không xác định,3.0,2.0,Đã có sổ,Không xác định,5.5,12,Bình Thuận,La Gi,Bán đất tại phường Tân An,0.01,>90 m²,4-6 tỷ,11.0904,108.0722
"Hồ Chí Minh, Thủ Đức, Bán đất tại đường Linh Đông",6200.0,70.0,10.0,Không xác định,Không xác định,3.0,2.0,Đã có sổ,Không xác định,0.01,12,Hồ Chí Minh,Thủ Đức,Bán đất tại đường Linh Đông,0.0,>90 m²,<4 tỷ,10.7769,106.7009
"Hải Phòng, Đồ Sơn, Bán đất tại đường 403",58.5,6.0,10.0,Không xác định,Không xác định,3.0,2.0,Đã có sổ,Không xác định,1.68,15,Hải Phòng,Đồ Sơn,Bán đất tại đường 403,0.03,50-70 m²,<4 tỷ,20.8449,106.6881
"Hà Nội, Mê Linh, Bán đất tại xã Văn Khê",120.0,6.0,3.5,Không xác định,Không xác định,3.0,2.0,Đã có sổ,Không xác định,0.05,15,Hà Nội,Mê Linh,Bán đất tại xã Văn Khê,0.0,>90 m²,<4 tỷ,21.0285,105.8542
"Đồng Nai, Nhơn Trạch, Bán đất tại phố Tôn Đức Thắng",984.0,20.0,4.0,Đông - Nam,Không xác định,3.0,2.0,Đã có sổ,Không xác định,6.7,15,Đồng Nai,Nhơn Trạch,Bán đất tại phố Tôn Đức Thắng,0.01,>90 m²,6-8 tỷ,10.9454,106.8248
"Tây Ninh, Tân Châu, Bán đất tại xã Tân Phú",4307.2,6.0,10.0,Không xác định,Không xác định,3.0,2.0,Không xác định,Không xác định,5.6,15,Tây Ninh,Tân Châu,Bán đất tại xã Tân Phú,0.0,>90 m²,4-6 tỷ,11.3601,106.1098
"Lào Cai, Sa Pa, Bán đất tại xã Tả Van",3000.0,6.0,10.0,Không xác định,Không xác định,3.0,2.0,Không xác định,Không xác định,0.0,15,Lào Cai,Sa Pa,Bán đất tại xã Tả Van,0.0,>90 m²,<4 tỷ,22.4856,103.9707
"Bình Thuận, Hàm Tân, Bán đất tại đường Quốc Lộ 55B",650.0,25.0,10.0,Đông,Không xác định,3.0,2.0,Đã có sổ,Không xác định,2.6,15,Bình Thuận,Hàm Tân,Bán đất tại đường Quốc Lộ 55B,0.0,>90 m²,<4 tỷ,11.0904,108.0722
"Hà Nội, Cầu Giấy, Bán đất tại phố Trung Kính",86.0,6.0,10.0,Không xác định,Không xác định,3.0,2.0,Không xác định,Không xác định,33.0,8,Hà Nội,Cầu Giấy,Bán đất tại phố Trung Kính,0.38,70-90 m²,>10 tỷ,21.0285,105.8542
"Thanh Hóa, Nghi Sơn, Bán đất tại xã Nghi Sơn",258.0,8.8,10.5,Đông - Bắc,Không xác định,3.0,2.0,Đã có sổ,Không xác định,16.8,14,Thanh Hóa,Nghi Sơn,Bán đất tại xã Nghi Sơn,0.07,>90 m²,>10 tỷ,19.8067,105.7852
"Hồ Chí Minh, Củ Chi, Bán đất tại đường Nguyễn Thị Trong",94.0,8.0,20.0,Đông - Bắc,Không xác định,3.0,2.0,Đã có sổ,Không xác định,2.05,14,Hồ Chí Minh,Củ Chi,Bán đất tại đường Nguyễn Thị Trong,0.02,>90 m²,<4 tỷ,10.7769,106.7009
"Hà Nội, Bắc Từ Liêm, Bán đất tại đường Phạm Văn Đồng",32.0,10.0,50.0,Không xác định,Không xác định,3.0,2.0,Đã có sổ,Không xác định,11.5,14,Hà Nội,Bắc Từ Liêm,Bán đất tại đường Phạm Văn Đồng,0.36,30-50 m²,>10 tỷ,21.0285,105.8542
"Hà Nội, Hoài Đức, Bán đất tại xã Đức Giang",44.3,4.0,2.3,Đông - Nam,Không xác định,3.0,2.0,Đã có sổ,Không xác định,4.5,14,Hà Nội,Hoài Đức,Bán đất tại xã Đức Giang,0.1,30-50 m²,4-6 tỷ,21.0285,105.8542
"Ninh Bình, Hoa Lư, Bán đất tại đường Xuân Thành",246.0,11.0,6.0,Không xác định,Không xác định,3.0,2.0,Đã có sổ,Không xác định,23.0,14,Ninh Bình,Hoa Lư,Bán đất tại đường Xuân Thành,0.09,>90 m²,>10 tỷ,20.2506,105.9745
"Long An, Đức Huệ, Bán đất tại phố Tỉnh lộ 838",198.0,5.0,10.0,Không xác định,Không xác định,3.0,2.0,Đã có sổ,Không xác định,0.5,6,Long An,Đức Huệ,Bán đất tại phố Tỉnh lộ 838,0.0,>90 m²,<4 tỷ,10.536,106.4099
"Hà Nội, Sơn Tây, Bán đất tại xã Cổ Đông",104.92,6.54,7.0,Đông - Nam,Không xác định,3.0,2.0,Đã có sổ,Không xác định,3.35,13,Hà Nội,Sơn Tây,Bán đất tại xã Cổ Đông,0.03,>90 m²,<4 tỷ,21.0285,105.8542
"Thái Nguyên, Thái Nguyên, Bán đất tại đường Phố Hương",110.0,4.8,8.0,Tây,Không xác định,3.0,2.0,Đã có sổ,Không xác định,2.8,13,Thái Nguyên,Thái Nguyên,Bán đất tại đường Phố Hương,0.03,>90 m²,<4 tỷ,21.5928,105.8442
"Hà Nội, Gia Lâm, Bán đất tại đường Đa Tốn",82.6,4.5,3.0,Tây - Nam,Không xác định,3.0,2.0,Đã có sổ,Không xác định,6.8,13,Hà Nội,Gia Lâm,Bán đất tại đường Đa Tốn,0.08,70-90 m²,6-8 tỷ,21.0285,105.8542
"Hà Nội, Gia Lâm, Bán đất tại đường Đa Tốn",54.0,7.0,3.5,Tây - Nam,Không xác định,3.0,2.0,Đã có sổ,Không xác định,6.8,13,Hà Nội,Gia Lâm,Bán đất tại đường Đa Tốn,0.13,50-70 m²,6-8 tỷ,21.0285,105.8542
"Hồ Chí Minh, Củ Chi, Bán đất tại đường Cây Gõ",1603.3,6.0,12.0,Tây,Không xác định,3.0,2.0,Đã có sổ,Không xác định,6.5,16,Hồ Chí Minh,Củ Chi,Bán đất tại đường Cây Gõ,0.0,>90 m²,6-8 tỷ,10.7769,106.7009
"Hà Nam, Phủ Lý, Bán đất tại xã Liêm Chung",96.6,4.4,7.0,Đông - Bắc,Không xác định,3.0,2.0,Đã có sổ,Không xác định,0.04,16,Hà Nam,Phủ Lý,Bán đất tại xã Liêm Chung,0.0,>90 m²,<4 tỷ,20.5453,105.9126
"Quảng Ninh, Hải Hà, Bán đất tại xã Cái Chiên",750.0,20.0,10.0,Không xác định,Không xác định,3.0,2.0,Đã có sổ,Không xác định,2.9,16,Quảng Ninh,Hải Hà,Bán đất tại xã Cái Chiên,0.0,>90 m²,<4 tỷ,21.0069,107.2925
"Hà Nội, Mê Linh, Bán đất tại xã Đại Thịnh",320.0,9.0,5.0,Không xác định,Không xác định,3.0,2.0,Đã có sổ,Không xác định,0.04,16,Hà Nội,Mê Linh,Bán đất tại xã Đại Thịnh,0.0,>90 m²,<4 tỷ,21.0285,105.8542
"Hà Nội, Mê Linh, Bán đất tại xã Thanh Lâm",79.1,4.0,3.0,Không xác định,Không xác định,3.0,2.0,Đã có sổ,Không xác định,0.04,16,Hà Nội,Mê Linh,Bán đất tại xã Thanh Lâm,0.0,70-90 m²,<4 tỷ,21.0285,105.8542
"Hà Nội, Chương Mỹ, Bán đất tại xã Lam Điền",4224.0,124.37,8.5,Nam,Không xác định,3.0,2.0,Đã có sổ,Không xác định,20.2,16,Hà Nội,Chương Mỹ,Bán đất tại xã Lam Điền,0.0,>90 m²,>10 tỷ,21.0285,105.8542
"Hà Nội, Chương Mỹ, Bán đất tại đường Xuân Mai",82.0,6.0,10.0,Không xác định,Không xác định,3.0,2.0,Đã có sổ,Không xác định,1.95,17,Hà Nội,Chương Mỹ,Bán đất tại đường Xuân Mai,0.02,70-90 m²,<4 tỷ,21.0285,105.8542
"Đồng Nai, Xuân Lộc, Bán đất tại xã Xuân Tâm",4556.0,64.0,4.0,Không xác định,Không xác định,3.0,2.0,Đã có sổ,Không xác định,1.4,17,Đồng Nai,Xuân Lộc,Bán đất tại xã Xuân Tâm,0.0,>90 m²,<4 tỷ,10.9454,106.8248
"Bình Dương, Dầu Tiếng, Bán đất tại đường ĐT 749B",137.6,5.0,6.0,Đông - Nam,Không xác định,3.0,2.0,Đã có sổ,Không xác định,0.55,11,Bình Dương,Dầu Tiếng,Bán đất tại đường ĐT 749B,0.0,>90 m²,<4 tỷ,11.1604,106.6508
"Bình Dương, Dầu Tiếng, Bán đất tại đường ĐT 749B",390.3,5.63,6.0,Đông,Không xác định,3.0,2.0,Đã có sổ,Không xác định,0.63,11,Bình Dương,Dầu Tiếng,Bán đất tại đường ĐT 749B,0.0,>90 m²,<4 tỷ,11.1604,106.6508
"Hồ Chí Minh, Bình Tân, Bán đất tại đường Số 1",70.0,6.0,10.0,Không xác định,Không xác định,3.0,2.0,Không xác định,Không xác định,3.7,17,Hồ Chí Minh,Bình Tân,Bán đất tại đường Số 1,0.05,50-70 m²,<4 tỷ,10.7769,106.7009
"Hồ Chí Minh, Tân Bình, Bán đất tại đường Trường Chinh",138.0,6.0,6.0,Không xác định,Không xác định,3.0,2.0,Đã có sổ,Không xác định,12.8,10,Hồ Chí Minh,Tân Bình,Bán đất tại đường Trường Chinh,0.09,>90 m²,>10 tỷ,10.7769,106.7009
"Đắk Lắk, M'Đrăk, Bán đất tại đường Trường Sơn Đông",16014.0,232.0,10.0,Không xác định,Không xác định,3.0,2.0,Không xác định,Không xác định,10.5,17,Đắk Lắk,M'đrăk,Bán đất tại đường Trường Sơn Đông,0.0,>90 m²,>10 tỷ,12.6667,108.05
"Lâm Đồng, Đà Lạt, Bán đất tại xã Xuân Thọ",248.0,6.0,3.0,Không xác định,Không xác định,3.0,2.0,Đã có sổ,Không xác định,0.95,17,Lâm Đồng,Đà Lạt,Bán đất tại xã Xuân Thọ,0.0,>90 m²,<4 tỷ,11.9404,108.4583
"Đắk Lắk, Krông Buk, Bán đất tại xã Cư Né",30000.0,32.0,10.0,Không xác định,Không xác định,3.0,2.0,Đã có sổ,Không xác định,6.0,17,Đắk Lắk,Krông Buk,Bán đất tại xã Cư Né,0.0,>90 m²,4-6 tỷ,12.6667,108.05
"Long An, Cần Đước, Bán đất tại đường Số 2",107.0,4.0,8.0,Nam,Không xác định,3.0,2.0,Đã có sổ,Không xác định,1.6,17,Long An,Cần Đước,Bán đất tại đường Số 2,0.01,>90 m²,<4 tỷ,10.536,106.4099
"Đồng Nai, Trảng Bom, Bán đất tại đường Hưng Bình 1",1429.6,12.0,5.0,Tây - Bắc,Không xác định,3.0,2.0,Không xác định,Không xác định,2.1,17,Đồng Nai,Trảng Bom,Bán đất tại đường Hưng Bình 1,0.0,>90 m²,<4 tỷ,10.9454,106.8248
"Bà Rịa Vũng Tàu, Châu Đức, Bán đất tại xã Đá Bạc",589.0,6.0,10.0,Không xác định,Không xác định,3.0,2.0,Đã có sổ,Không xác định,1.7,16,Bà Rịa Vũng Tàu,Châu Đức,Bán đất tại xã Đá Bạc,0.0,>90 m²,<4 tỷ,10.4114,107.1362
"Hồ Chí Minh, Quận 12, Bán đất tại đường Thạnh Lộc 47",498.0,9.4,6.0,Đông - Bắc,Không xác định,3.0,2.0,Đã có sổ,Không xác định,22.0,16,Hồ Chí Minh,Quận 12,Bán đất tại đường Thạnh Lộc 47,0.04,>90 m²,>10 tỷ,10.7769,106.7009
"Hà Nam, Phủ Lý, Bán đất tại phường Lam Hạ",40.0,5.0,3.0,Không xác định,Không xác định,3.0,2.0,Đã có sổ,Không xác định,1.5,16,Hà Nam,Phủ Lý,Bán đất tại phường Lam Hạ,0.04,30-50 m²,<4 tỷ,20.5453,105.9126
"Đà Nẵng, Hòa Vang, Bán đất tại xã Hòa Bắc",577.0,20.0,4.0,Đông,Không xác định,3.0,2.0,Đã có sổ,Không xác định,2.7,16,Đà Nẵng,Hòa Vang,Bán đất tại xã Hòa Bắc,0.0,>90 m²,<4 tỷ,16.0544,108.2022
"Bình Định, Vân Canh, Bán đất tại xã Canh Vinh",150.0,25.0,36.0,Nam,Không xác định,3.0,2.0,Không xác định,Không xác định,0.01,16,Bình Định,Vân Canh,Bán đất tại xã Canh Vinh,0.0,>90 m²,<4 tỷ,13.782,109.2194
"Nam Định, Hải Hậu, Bán đất tại xã Hải Xuân",80.0,5.0,10.0,Không xác định,Không xác định,3.0,2.0,Đã có sổ,Không xác định,1.4,16,Nam Định,Hải Hậu,Bán đất tại xã Hải Xuân,0.02,70-90 m²,<4 tỷ,20.42,106.1683
"Hải Phòng, An Dương, Bán đất tại phường An Đồng",100.0,5.0,5.0,Đông,Không xác định,3.0,2.0,Đã có sổ,Không xác định,2.65,16,Hải Phòng,An Dương,Bán đất tại phường An Đồng,0.03,>90 m²,<4 tỷ,20.8449,106.6881
"Hà Nội, Chương Mỹ, Bán đất tại đường Quốc lộ 21A(Quốc lộ 21)",74.0,7.0,10.0,Không xác định,Không xác định,3.0,2.0,Đã có sổ,Không xác định,1.75,8,Hà Nội,Chương Mỹ,Bán đất tại đường Quốc lộ 21A(Quốc lộ 21),0.02,70-90 m²,<4 tỷ,21.0285,105.8542
"Quảng Nam, Điện Bàn, Bán đất tại phường Điện Ngọc",147.0,6.0,10.0,Không xác định,Không xác định,3.0,2.0,Không xác định,Không xác định,0.02,18,Quảng Nam,Điện Bàn,Bán đất tại phường Điện Ngọc,0.0,>90 m²,<4 tỷ,15.5667,108.4833
"Hà Nội, Quốc Oai, Bán đất tại xã Đông Xuân",625.0,6.0,10.0,Không xác định,Không xác định,3.0,2.0,Không xác định,Không xác định,12.0,18,Hà Nội,Quốc Oai,Bán đất tại xã Đông Xuân,0.02,>90 m²,>10 tỷ,21.0285,105.8542
"Vĩnh Phúc, Lập Thạch, Bán đất tại xã Vân Trục",2145.0,50.0,13.5,Không xác định,Không xác định,3.0,2.0,Đã có sổ,Không xác định,0.01,5,Vĩnh Phúc,Lập Thạch,Bán đất tại xã Vân Trục,0.0,>90 m²,<4 tỷ,21.3083,105.6042
"An Giang, Châu Phú, Bán đất tại đường Quốc lộ 91",76.7,5.0,10.0,Không xác định,Không xác định,3.0,2.0,Đã có sổ,Không xác định,1.5,18,An Giang,Châu Phú,Bán đất tại đường Quốc lộ 91,0.02,70-90 m²,<4 tỷ,10.3759,105.4185
"Bà Rịa Vũng Tàu, Bà Rịa, Bán đất tại đường 52A",670.0,10.0,10.0,Đông - Nam,Không xác định,3.0,2.0,Đã có sổ,Không xác định,4.2,18,Bà Rịa Vũng Tàu,Bà Rịa,Bán đất tại đường 52A,0.01,>90 m²,4-6 tỷ,10.4114,107.1362
"Hà Nội, Thanh Trì, Bán đất tại đường Huỳnh Cung",79.0,6.0,10.0,Không xác định,Không xác định,3.0,2.0,Đã có sổ,Không xác định,16.2,17,Hà Nội,Thanh Trì,Bán đất tại đường Huỳnh Cung,0.21,70-90 m²,>10 tỷ,21.0285,105.8542
"Hà Nội, Sơn Tây, Bán đất tại đường Hồ Chí Minh",100.0,6.0,10.0,Không xác định,Không xác định,3.0,2.0,Không xác định,Không xác định,3.65,17,Hà Nội,Sơn Tây,Bán đất tại đường Hồ Chí Minh,0.04,>90 m²,<4 tỷ,21.0285,105.8542
"Hà Nội, Chương Mỹ, Bán đất tại đường Tỉnh Lộ 421B",102.0,9.0,10.0,Không xác định,Không xác định,3.0,2.0,Đã có sổ,Không xác định,1.92,17,Hà Nội,Chương Mỹ,Bán đất tại đường Tỉnh Lộ 421B,0.02,>90 m²,<4 tỷ,21.0285,105.8542
"Hà Nội, Chương Mỹ, Bán đất tại đường Tràng An",78.0,7.5,10.0,Không xác định,Không xác định,3.0,2.0,Đã có sổ,Không xác định,1.83,17,Hà Nội,Chương Mỹ,Bán đất tại đường Tràng An,0.02,70-90 m²,<4 tỷ,21.0285,105.8542
"Hải Phòng, Thủy Nguyên, Bán đất tại xã Liên Xuân",60.0,4.2,5.0,Không xác định,Không xác định,3.0,2.0,Đã có sổ,Không xác định,0.66,17,Hải Phòng,Thủy Nguyên,Bán đất tại xã Liên Xuân,0.01,50-70 m²,<4 tỷ,20.8449,106.6881
"Hải Phòng, Thủy Nguyên, Bán đất tại đường 9C",50.0,5.0,4.0,Đông - Bắc,Không xác định,3.0,2.0,Đã có sổ,Không xác định,1.0,17,Hải Phòng,Thủy Nguyên,Bán đất tại đường 9C,0.02,30-50 m²,<4 tỷ,20.8449,106.6881
"Hòa Bình, Lạc Sơn, Bán đất tại đường Quốc Lộ 12B",251.8,5.12,15.0,Không xác định,Không xác định,3.0,2.0,Đã có sổ,Không xác định,0.5,17,Hòa Bình,Lạc Sơn,Bán đất tại đường Quốc Lộ 12B,0.0,>90 m²,<4 tỷ,20.8133,105.3383
"Hồ Chí Minh, Bình Chánh, Bán đất tại xã Lê Minh Xuân",2902.0,36.0,10.0,Nam,Không xác định,3.0,2.0,Đã có sổ,Không xác định,0.02,17,Hồ Chí Minh,Bình Chánh,Bán đất tại xã Lê Minh Xuân,0.0,>90 m²,<4 tỷ,10.7769,106.7009
"Bắc Giang, Yên Dũng, Bán đất tại xã Yên Lư",100.0,6.0,10.0,Không xác định,Không xác định,3.0,2.0,Đã có sổ,Không xác định,1.7,17,Bắc Giang,Yên Dũng,Bán đất tại xã Yên Lư,0.02,>90 m²,<4 tỷ,21.2731,106.1946
"Phú Thọ, Phù Ninh, Bán đất tại xã Bảo Thanh",5.0,10.0,20.0,Không xác định,Không xác định,3.0,2.0,Đã có sổ,Không xác định,0.01,18,Phú Thọ,Phù Ninh,Bán đất tại xã Bảo Thanh,0.0,<30 m²,<4 tỷ,21.3167,105.2167
"Lào Cai, Lào Cai, Bán đất tại phường Bắc Cường",5.0,20.0,10.0,Không xác định,Không xác định,3.0,2.0,Đã có sổ,Không xác định,0.01,18,Lào Cai,Lào Cai,Bán đất tại phường Bắc Cường,0.0,<30 m²,<4 tỷ,22.4856,103.9707
"Bến Tre, Bình Đại, Bán đất tại xã Phú Long",704.5,28.0,4.0,Đông - Nam,Không xác định,3.0,2.0,Đã có sổ,Không xác định,0.8,18,Bến Tre,Bình Đại,Bán đất tại xã Phú Long,0.0,>90 m²,<4 tỷ,10.2415,106.3758
"Hồ Chí Minh, Bình Chánh, Bán đất tại đường Hoàng Phan Thái",80.0,5.0,20.0,Không xác định,Không xác định,3.0,2.0,Đã có sổ,Không xác định,3.0,18,Hồ Chí Minh,Bình Chánh,Bán đất tại đường Hoàng Phan Thái,0.04,70-90 m²,<4 tỷ,10.7769,106.7009
"Bến Tre, Bình Đại, Bán đất tại xã Phú Long",1550.0,30.0,4.0,Tây - Nam,Không xác định,3.0,2.0,Đã có sổ,Không xác định,1.95,18,Bến Tre,Bình Đại,Bán đất tại xã Phú Long,0.0,>90 m²,<4 tỷ,10.2415,106.3758
"Thanh Hóa, Triệu Sơn, Bán đất tại xã Triệu Thành",105.0,6.0,10.0,Đông - Nam,Không xác định,3.0,2.0,Đã có sổ,Không xác định,0.6,18,Thanh Hóa,Triệu Sơn,Bán đất tại xã Triệu Thành,0.01,>90 m²,<4 tỷ,19.8067,105.7852
"Kon Tum, Đăk Hà, Bán đất tại xã Ngọk Wang",504.7,12.0,6.0,Không xác định,Không xác định,3.0,2.0,Đã có sổ,Không xác định,1.0,18,Kon Tum,Đăk Hà,Bán đất tại xã Ngọk Wang,0.0,>90 m²,<4 tỷ,14.35,108.0
"Bà Rịa Vũng Tàu, Phú Mỹ, Bán đất tại phường Hắc Dịch",16942.0,67.0,4.0,Không xác định,Không xác định,3.0,2.0,Đã có sổ,Không xác định,29.9,18,Bà Rịa Vũng Tàu,Phú Mỹ,Bán đất tại phường Hắc Dịch,0.0,>90 m²,>10 tỷ,10.4114,107.1362
"Đà Nẵng, Liên Chiểu, Bán đất tại phố Nguyễn Xí",90.0,6.0,10.5,Không xác định,Không xác định,3.0,2.0,Đã có sổ,Không xác định,7.9,12,Đà Nẵng,Liên Chiểu,Bán đất tại phố Nguyễn Xí,0.09,70-90 m²,6-8 tỷ,16.0544,108.2022
"Hà Nội, Chương Mỹ, Bán đất tại đường Quốc Lộ 6A",50.6,6.0,10.0,Không xác định,Không xác định,3.0,2.0,Đã có sổ,Không xác định,1.55,13,Hà Nội,Chương Mỹ,Bán đất tại đường Quốc Lộ 6A,0.03,50-70 m²,<4 tỷ,21.0285,105.8542
"Hồ Chí Minh, Cần Giờ, Bán đất tại đường Lý Nhơn",25000.0,8.4,12.0,Nam,Không xác định,3.0,2.0,Đã có sổ,Không xác định,75.0,20,Hồ Chí Minh,Cần Giờ,Bán đất tại đường Lý Nhơn,0.0,>90 m²,>10 tỷ,10.7769,106.7009
"Hồ Chí Minh, Củ Chi, Bán đất tại đường Số 787",715.0,17.0,10.0,Tây - Nam,Không xác định,3.0,2.0,Đã có sổ,Không xác định,8.0,14,Hồ Chí Minh,Củ Chi,Bán đất tại đường Số 787,0.01,>90 m²,6-8 tỷ,10.7769,106.7009
"Hà Nội, Quốc Oai, Bán đất tại đường DH09",117.0,7.0,6.0,Không xác định,Không xác định,3.0,2.0,Đã có sổ,Không xác định,3.39,10,Hà Nội,Quốc Oai,Bán đất tại đường DH09,0.03,>90 m²,<4 tỷ,21.0285,105.8542
"Hồ Chí Minh, Quận 12, Bán đất tại đường Thạnh Xuân 33",123.7,5.0,10.0,Đông,Không xác định,3.0,2.0,Đã có sổ,Không xác định,4.85,20,Hồ Chí Minh,Quận 12,Bán đất tại đường Thạnh Xuân 33,0.04,>90 m²,4-6 tỷ,10.7769,106.7009
"An Giang, Thoại Sơn, Bán đất tại xã Vĩnh Trạch",429.0,30.0,7.0,Nam,Không xác định,3.0,2.0,Đã có sổ,Không xác định,2.3,20,An Giang,Thoại Sơn,Bán đất tại xã Vĩnh Trạch,0.01,>90 m²,<4 tỷ,10.3759,105.4185
"Hà Nội, Tây Hồ, Bán đất tại đường Võ Chí Công",170.0,15.2,10.0,Không xác định,Không xác định,3.0,2.0,Đã có sổ,Không xác định,90.0,20,Hà Nội,Tây Hồ,Bán đất tại đường Võ Chí Công,0.53,>90 m²,>10 tỷ,21.0285,105.8542
"Hà Nội, Hai Bà Trưng, Bán đất tại đường Minh Khai",207.0,6.0,1.7,Không xác định,Không xác định,3.0,2.0,Đã có sổ,Không xác định,33.0,19,Hà Nội,Hai Bà Trưng,Bán đất tại đường Minh Khai,0.16,>90 m²,>10 tỷ,21.0285,105.8542
"Hồ Chí Minh, Củ Chi, Bán đất tại đường 28",250.0,7.0,7.0,Tây - Bắc,Không xác định,3.0,2.0,Đã có sổ,Không xác định,4.2,17,Hồ Chí Minh,Củ Chi,Bán đất tại đường 28,0.02,>90 m²,4-6 tỷ,10.7769,106.7009
"Đồng Nai, Long Thành, Bán đất tại xã Long Đức",100.0,6.0,10.0,Không xác định,Không xác định,3.0,2.0,Không xác định,Không xác định,1.5,19,Đồng Nai,Long Thành,Bán đất tại xã Long Đức,0.02,>90 m²,<4 tỷ,10.9454,106.8248
"Hồ Chí Minh, Củ Chi, Bán đất tại đường Kênh 8",13334.0,6.0,10.0,Không xác định,Không xác định,3.0,2.0,Không xác định,Không xác định,0.0,19,Hồ Chí Minh,Củ Chi,Bán đất tại đường Kênh 8,0.0,>90 m²,<4 tỷ,10.7769,106.7009
"Phú Thọ, Tân Sơn, Bán đất tại xã Xuân Đài",516.0,6.0,10.0,Đông - Nam,Không xác định,3.0,2.0,Đã có sổ,Không xác định,0.55,19,Phú Thọ,Tân Sơn,Bán đất tại xã Xuân Đài,0.0,>90 m²,<4 tỷ,21.3167,105.2167
"Hà Nội, Quốc Oai, Bán đất tại đường 21",100.0,5.0,4.0,Đông,Không xác định,3.0,2.0,Đã có sổ,Không xác định,0.02,19,Hà Nội,Quốc Oai,Bán đất tại đường 21,0.0,>90 m²,<4 tỷ,21.0285,105.8542
"Khánh Hòa, Diên Khánh, Bán đất tại đường Võ Nguyên Giáp",105.0,5.0,7.0,Đông,Không xác định,3.0,2.0,Đã có sổ,Không xác định,0.03,22,Khánh Hòa,Diên Khánh,Bán đất tại đường Võ Nguyên Giáp,0.0,>90 m²,<4 tỷ,12.2388,109.1967
"Bà Rịa Vũng Tàu, Bà Rịa, Bán đất tại phường Long Toàn",328.0,6.0,10.0,Không xác định,Không xác định,3.0,2.0,Không xác định,Không xác định,8.5,15,Bà Rịa Vũng Tàu,Bà Rịa,Bán đất tại phường Long Toàn,0.03,>90 m²,8-10 tỷ,10.4114,107.1362
"Bà Rịa Vũng Tàu, Châu Đức, Bán đất tại xã Đá Bạc",589.0,6.0,10.0,Không xác định,Không xác định,3.0,2.0,Không xác định,Không xác định,1.8,15,Bà Rịa Vũng Tàu,Châu Đức,Bán đất tại xã Đá Bạc,0.0,>90 m²,<4 tỷ,10.4114,107.1362
"Hà Nội, Thanh Trì, Bán đất tại xã Đông Mỹ",1650.0,33.0,10.0,Không xác định,Không xác định,3.0,2.0,Hợp đồng mua bán,Không xác định,2.35,21,Hà Nội,Thanh Trì,Bán đất tại xã Đông Mỹ,0.0,>90 m²,<4 tỷ,21.0285,105.8542
"Sơn La, Sơn La, Bán đất tại đường Quốc Lộ 6",4434.0,150.0,15.0,Đông - Bắc,Không xác định,3.0,2.0,Đã có sổ,Không xác định,0.0,21,Sơn La,Sơn La,Bán đất tại đường Quốc Lộ 6,0.0,>90 m²,<4 tỷ,21.3256,103.9188
"Thanh Hóa, Thiệu Hóa, Bán đất tại xã Thiệu Vũ",125.0,5.5,50.0,Không xác định,Không xác định,3.0,2.0,Đã có sổ,Không xác định,1.1,21,Thanh Hóa,Thiệu Hóa,Bán đất tại xã Thiệu Vũ,0.01,>90 m²,<4 tỷ,19.8067,105.7852
"Đồng Tháp, Tam Nông, Bán đất tại đường ĐT 844",3350.0,23.2,10.0,Không xác định,Không xác định,3.0,2.0,Đã có sổ,Không xác định,4.99,20,Đồng Tháp,Tam Nông,Bán đất tại đường ĐT 844,0.0,>90 m²,4-6 tỷ,10.4578,105.6322
"Hải Phòng, Kiến Thụy, Bán đất tại đường 363",168.0,7.0,8.0,Đông - Bắc,Không xác định,3.0,2.0,Đã có sổ,Không xác định,0.02,19,Hải Phòng,Kiến Thụy,Bán đất tại đường 363,0.0,>90 m²,<4 tỷ,20.8449,106.6881
"Long An, Đức Hòa, Bán đất tại đường Bàu Công",428.0,10.0,40.0,Đông - Nam,Không xác định,3.0,2.0,Đã có sổ,Không xác định,7.6,22,Long An,Đức Hòa,Bán đất tại đường Bàu Công,0.02,>90 m²,6-8 tỷ,10.536,106.4099
"Hà Nội, Thanh Oai, Bán đất tại xã Tam Hưng",75.8,8.0,5.0,Không xác định,Không xác định,3.0,2.0,Đã có sổ,Không xác định,7.5,11,Hà Nội,Thanh Oai,Bán đất tại xã Tam Hưng,0.1,70-90 m²,6-8 tỷ,21.0285,105.8542
"Long An, Cần Giuộc, Bán đất tại đường Kim Định",109.0,6.0,8.0,Không xác định,Không xác định,3.0,2.0,Đã có sổ,Không xác định,0.85,22,Long An,Cần Giuộc,Bán đất tại đường Kim Định,0.01,>90 m²,<4 tỷ,10.536,106.4099
"Tây Ninh, Tân Châu, Bán đất tại xã Suối Dây",1071.0,10.0,8.0,Đông,Không xác định,3.0,2.0,Đã có sổ,Không xác định,0.84,22,Tây Ninh,Tân Châu,Bán đất tại xã Suối Dây,0.0,>90 m²,<4 tỷ,11.3601,106.1098
"Hà Nội, Hà Đông, Bán đất tại phường Yên Nghĩa",48.0,4.8,12.0,Tây - Nam,Không xác định,3.0,2.0,Đã có sổ,Không xác định,11.0,22,Hà Nội,Hà Đông,Bán đất tại phường Yên Nghĩa,0.23,30-50 m²,>10 tỷ,21.0285,105.8542
"Hưng Yên, Yên Mỹ, Bán đất tại xã Đồng Than",95.0,5.0,10.0,Đông - Nam,Không xác định,3.0,2.0,Đã có sổ,Không xác định,4.5,22,Hưng Yên,Yên Mỹ,Bán đất tại xã Đồng Than,0.05,>90 m²,4-6 tỷ,20.6464,106.0511
"Bình Dương, Bến Cát, Bán đất tại đường ĐT 744",590.0,10.0,10.0,Đông - Bắc,Không xác định,3.0,2.0,Đã có sổ,Không xác định,11.4,22,Bình Dương,Bến Cát,Bán đất tại đường ĐT 744,0.02,>90 m²,>10 tỷ,11.1604,106.6508
"Quảng Nam, Điện Bàn, Bán đất tại đường Mẹ Thứ",100.0,5.0,10.5,Đông - Nam,Không xác định,3.0,2.0,Đã có sổ,Không xác định,4.2,22,Quảng Nam,Điện Bàn,Bán đất tại đường Mẹ Thứ,0.04,>90 m²,4-6 tỷ,15.5667,108.4833
"Hà Nội, Sơn Tây, Bán đất tại đường Đồng Trạng",100.0,5.0,5.0,Không xác định,Không xác định,3.0,2.0,Đã có sổ,Không xác định,0.03,22,Hà Nội,Sơn Tây,Bán đất tại đường Đồng Trạng,0.0,>90 m²,<4 tỷ,21.0285,105.8542
"Quảng Ngãi, Bình Sơn, Bán đất tại đường Dốc Sỏi",5104.0,230.0,10.0,Không xác định,Không xác định,3.0,2.0,Đã có sổ,Không xác định,0.0,22,Quảng Ngãi,Bình Sơn,Bán đất tại đường Dốc Sỏi,0.0,>90 m²,<4 tỷ,15.1205,108.7923
"Khánh Hòa, Cam Ranh, Bán đất tại phường Cam Phú",176.0,24.5,16.0,Đông - Bắc,Không xác định,3.0,2.0,Đã có sổ,Không xác định,13.0,22,Khánh Hòa,Cam Ranh,Bán đất tại phường Cam Phú,0.07,>90 m²,>10 tỷ,12.2388,109.1967
"Khánh Hòa, Cam Ranh, Bán đất tại đường Nguyễn Chí Thanh",128.0,16.0,10.0,Đông,Không xác định,3.0,2.0,Đã có sổ,Không xác định,6.2,22,Khánh Hòa,Cam Ranh,Bán đất tại đường Nguyễn Chí Thanh,0.05,>90 m²,6-8 tỷ,12.2388,109.1967
"Thái Nguyên, Sông Công, Bán đất tại phường Bách Quang",102.0,5.25,10.0,Không xác định,Không xác định,3.0,2.0,Không xác định,Không xác định,0.78,22,Thái Nguyên,Sông Công,Bán đất tại phường Bách Quang,0.01,>90 m²,<4 tỷ,21.5928,105.8442
"Thái Nguyên, Thái Nguyên, Bán đất tại phường Tích Lương",150.0,6.0,10.0,Không xác định,Không xác định,3.0,2.0,Không xác định,Không xác định,5.16,22,Thái Nguyên,Thái Nguyên,Bán đất tại phường Tích Lương,0.03,>90 m²,4-6 tỷ,21.5928,105.8442
"Thái Nguyên, Thái Nguyên, Bán đất tại đường Lưu Nhân Chú",120.0,4.0,36.0,Tây - Bắc,Không xác định,3.0,2.0,Đã có sổ,Không xác định,0.03,22,Thái Nguyên,Thái Nguyên,Bán đất tại đường Lưu Nhân Chú,0.0,>90 m²,<4 tỷ,21.5928,105.8442
"Lâm Đồng, Đức Trọng, Bán đất tại xã Phú Hội",100.0,5.0,8.0,Đông - Nam,Không xác định,3.0,2.0,Đã có sổ,Không xác định,1.3,22,Lâm Đồng,Đức Trọng,Bán đất tại xã Phú Hội,0.01,>90 m²,<4 tỷ,11.9404,108.4583
"Đồng Nai, Biên Hòa, Bán đất tại đường Đặng Văn Trơn",165.0,5.0,10.0,Không xác định,Không xác định,3.0,2.0,Đã có sổ,Không xác định,4.2,22,Đồng Nai,Biên Hòa,Bán đất tại đường Đặng Văn Trơn,0.03,>90 m²,4-6 tỷ,10.9454,106.8248
"Đồng Nai, Long Khánh, Bán đất tại đường Xuân Lập - Bàu Sen",100.0,5.0,5.0,Nam,Không xác định,3.0,2.0,Đã có sổ,Không xác định,0.85,22,Đồng Nai,Long Khánh,Bán đất tại đường Xuân Lập - Bàu Sen,0.01,>90 m²,<4 tỷ,10.9454,106.8248
"Đắk Lắk, M'Đrăk, Bán đất tại đường Quốc Lộ 26",308.9,7.0,8.0,Nam,Không xác định,3.0,2.0,Đã có sổ,Không xác định,0.75,22,Đắk Lắk,M'đrăk,Bán đất tại đường Quốc Lộ 26,0.0,>90 m²,<4 tỷ,12.6667,108.05
"Bình Phước, Chơn Thành, Bán đất tại đường Quốc Lộ 13",225.0,5.0,12.0,Không xác định,Không xác định,3.0,2.0,Đã có sổ,Không xác định,0.57,23,Bình Phước,Chơn Thành,Bán đất tại đường Quốc Lộ 13,0.0,>90 m²,<4 tỷ,11.75,106.9167
"Lào Cai, Bắc Hà, Bán đất tại xã Tả Van Chư",45000.0,6.0,10.0,Không xác định,Không xác định,3.0,2.0,Không xác định,Không xác định,2.85,23,Lào Cai,Bắc Hà,Bán đất tại xã Tả Van Chư,0.0,>90 m²,<4 tỷ,22.4856,103.9707
"Bình Dương, Dĩ An, Bán đất tại đường Tân Hiệp",66.0,4.3,10.0,Bắc,Không xác định,3.0,2.0,Đã có sổ,Không xác định,2.41,23,Bình Dương,Dĩ An,Bán đất tại đường Tân Hiệp,0.04,50-70 m²,<4 tỷ,11.1604,106.6508
"Phú Thọ, Việt Trì, Bán đất tại đường Phù Đổng",241.0,10.0,4.0,Đông - Nam,Không xác định,3.0,2.0,Đã có sổ,Không xác định,5.41,23,Phú Thọ,Việt Trì,Bán đất tại đường Phù Đổng,0.02,>90 m²,4-6 tỷ,21.3167,105.2167
"Hòa Bình, Lương Sơn, Bán đất tại xã Hòa Sơn",8000.0,70.0,15.0,Không xác định,Không xác định,3.0,2.0,Đã có sổ,Không xác định,94.33,23,Hòa Bình,Lương Sơn,Bán đất tại xã Hòa Sơn,0.01,>90 m²,>10 tỷ,20.8133,105.3383
"Bình Dương, Dầu Tiếng, Bán đất tại đường DH710",2782.5,8.58,12.0,Không xác định,Không xác định,3.0,2.0,Đã có sổ,Không xác định,0.0,23,Bình Dương,Dầu Tiếng,Bán đất tại đường DH710,0.0,>90 m²,<4 tỷ,11.1604,106.6508
"Hà Nội, Hà Đông, Bán đất tại phường Phú Lương",50.0,5.0,15.0,Không xác định,Không xác định,3.0,2.0,Đã có sổ,Không xác định,12.0,23,Hà Nội,Hà Đông,Bán đất tại phường Phú Lương,0.24,30-50 m²,>10 tỷ,21.0285,105.8542
"Phú Thọ, Việt Trì, Bán đất tại đường Nguyễn Tất Thành",100.0,5.0,6.0,Không xác định,Không xác định,3.0,2.0,Đã có sổ,Không xác định,1.29,23,Phú Thọ,Việt Trì,Bán đất tại đường Nguyễn Tất Thành,0.01,>90 m²,<4 tỷ,21.3167,105.2167
"Hà Nội, Sơn Tây, Bán đất tại đường Đồng Trạng",100.0,5.0,5.0,Không xác định,Không xác định,3.0,2.0,Đã có sổ,Không xác định,1.9,22,Hà Nội,Sơn Tây,Bán đất tại đường Đồng Trạng,0.02,>90 m²,<4 tỷ,21.0285,105.8542
"Hải Phòng, Hồng Bàng, Bán đất tại đường Đội Văn",158.0,8.3,4.0,Tây,Không xác định,3.0,2.0,Đã có sổ,Không xác định,7.1,23,Hải Phòng,Hồng Bàng,Bán đất tại đường Đội Văn,0.04,>90 m²,6-8 tỷ,20.8449,106.6881
"Hà Nội, Quốc Oai, Bán đất tại đường 21",105.0,8.0,6.0,Đông - Nam,Không xác định,3.0,2.0,Đã có sổ,Không xác định,4.0,23,Hà Nội,Quốc Oai,Bán đất tại đường 21,0.04,>90 m²,<4 tỷ,21.0285,105.8542
"Hà Nội, Quốc Oai, Bán đất tại đường Phú Mãn",157.0,11.0,10.0,Đông - Nam,Không xác định,3.0,2.0,Đã có sổ,Không xác định,0.03,23,Hà Nội,Quốc Oai,Bán đất tại đường Phú Mãn,0.0,>90 m²,<4 tỷ,21.0285,105.8542
"Hà Nội, Quốc Oai, Bán đất tại đường Vai Réo",100.0,5.5,6.0,Đông - Bắc,Không xác định,3.0,2.0,Đã có sổ,Không xác định,3.7,23,Hà Nội,Quốc Oai,Bán đất tại đường Vai Réo,0.04,>90 m²,<4 tỷ,21.0285,105.8542
"Bà Rịa Vũng Tàu, Long Đất, Bán đất tại đường Long Tân-Láng Dài",1339.0,6.0,10.0,Không xác định,Không xác định,3.0,2.0,Đã có sổ,Không xác định,3.2,23,Bà Rịa Vũng Tàu,Long Đất,Bán đất tại đường Long Tân-Láng Dài,0.0,>90 m²,<4 tỷ,10.4114,107.1362
"Thừa Thiên Huế, Phú Lộc, Bán đất tại đường Quốc lộ 1A",82.0,6.0,4.0,Đông - Nam,Không xác định,3.0,2.0,Đã có sổ,Không xác định,2.4,23,Thừa Thiên Huế,Phú Lộc,Bán đất tại đường Quốc lộ 1A,0.03,70-90 m²,<4 tỷ,16.4637,107.5909
"Hồ Chí Minh, Quận 12, Bán đất tại đường Thạnh Lộc 19",1133.0,27.0,2.5,Không xác định,Không xác định,3.0,2.0,Đã có sổ,Không xác định,18.5,23,Hồ Chí Minh,Quận 12,Bán đất tại đường Thạnh Lộc 19,0.02,>90 m²,>10 tỷ,10.7769,106.7009
"Bình Phước, Hớn Quản, Bán đất tại đường 12",10000.0,50.0,10.0,Không xác định,Không xác định,3.0,2.0,Đã có sổ,Không xác định,36.0,23,Bình Phước,Hớn Quản,Bán đất tại đường 12,0.0,>90 m²,>10 tỷ,11.75,106.9167
"Bình Phước, Chơn Thành, Bán đất tại đường Lê Duẩn",500.0,5.0,18.0,Tây - Bắc,Không xác định,3.0,2.0,Đã có sổ,Không xác định,0.83,23,Bình Phước,Chơn Thành,Bán đất tại đường Lê Duẩn,0.0,>90 m²,<4 tỷ,11.75,106.9167
"Bình Phước, Chơn Thành, Bán đất tại đường DH01",354.0,5.0,32.0,Không xác định,Không xác định,3.0,2.0,Đã có sổ,Không xác định,0.75,23,Bình Phước,Chơn Thành,Bán đất tại đường DH01,0.0,>90 m²,<4 tỷ,11.75,106.9167
"Bình Thuận, Phan Thiết, Bán đất tại đường Võ Nguyên Giáp",20000.0,200.0,20.0,Tây - Nam,Không xác định,3.0,2.0,Đã có sổ,Không xác định,50.0,22,Bình Thuận,Phan Thiết,Bán đất tại đường Võ Nguyên Giáp,0.0,>90 m²,>10 tỷ,11.0904,108.0722
"Long An, Tân An, Bán đất tại đường Võ Văn Môn",199.5,6.0,10.0,Tây - Nam,Không xác định,3.0,2.0,Đã có sổ,Không xác định,3.5,23,Long An,Tân An,Bán đất tại đường Võ Văn Môn,0.02,>90 m²,<4 tỷ,10.536,106.4099
"Bà Rịa Vũng Tàu, Long Điền, Bán đất tại đường Tỉnh lộ 44A",394.4,6.0,10.0,Không xác định,Không xác định,3.0,2.0,Đã có sổ,Không xác định,4.5,23,Bà Rịa Vũng Tàu,Long Điền,Bán đất tại đường Tỉnh lộ 44A,0.01,>90 m²,4-6 tỷ,10.4114,107.1362
"Bắc Ninh, Thuận Thành, Bán đất tại xã Nghĩa Đạo",240.0,10.0,5.5,Tây - Bắc,Không xác định,3.0,2.0,Đã có sổ,Không xác định,7.6,23,Bắc Ninh,Thuận Thành,Bán đất tại xã Nghĩa Đạo,0.03,>90 m²,6-8 tỷ,21.1861,106.0763
"Vĩnh Phúc, Tam Đảo, Bán đất tại xã Hợp Châu",3893.0,100.0,5.0,Không xác định,Không xác định,3.0,2.0,Đã có sổ,Không xác định,6.45,23,Vĩnh Phúc,Tam Đảo,Bán đất tại xã Hợp Châu,0.0,>90 m²,6-8 tỷ,21.3083,105.6042
"Vĩnh Phúc, Tam Đảo, Bán đất tại đường Quốc lộ 2B",1109.0,25.0,7.0,Không xác định,Không xác định,3.0,2.0,Đã có sổ,Không xác định,10.45,23,Vĩnh Phúc,Tam Đảo,Bán đất tại đường Quốc lộ 2B,0.01,>90 m²,>10 tỷ,21.3083,105.6042
"Đà Nẵng, Hòa Vang, Bán đất tại đường Nam Kỳ Khởi Nghĩa",194.8,5.82,5.0,Đông,Không xác định,3.0,2.0,Đã có sổ,Không xác định,2.4,23,Đà Nẵng,Hòa Vang,Bán đất tại đường Nam Kỳ Khởi Nghĩa,0.01,>90 m²,<4 tỷ,16.0544,108.2022
"Đồng Nai, Nhơn Trạch, Bán đất tại xã Phước Khánh",4000.0,6.0,10.0,Không xác định,Không xác định,3.0,2.0,Đã có sổ,Không xác định,3.5,23,Đồng Nai,Nhơn Trạch,Bán đất tại xã Phước Khánh,0.0,>90 m²,<4 tỷ,10.9454,106.8248
"Đồng Nai, Vĩnh Cửu, Bán đất tại đường ĐT 761",939.0,40.0,6.0,Không xác định,Không xác định,3.0,2.0,Đã có sổ,Không xác định,1.8,23,Đồng Nai,Vĩnh Cửu,Bán đất tại đường ĐT 761,0.0,>90 m²,<4 tỷ,10.9454,106.8248
"Bình Thuận, Phan Thiết, Bán đất tại xã Thiện Nghiệp",10310.0,4.0,7.0,Không xác định,Không xác định,3.0,2.0,Đã có sổ,Không xác định,10.5,8,Bình Thuận,Phan Thiết,Bán đất tại xã Thiện Nghiệp,0.0,>90 m²,>10 tỷ,11.0904,108.0722
"Long An, Bến Lức, Bán đất tại xã Mỹ Yên",199.7,6.0,10.0,Không xác định,Không xác định,3.0,2.0,Không xác định,Không xác định,3.5,23,Long An,Bến Lức,Bán đất tại xã Mỹ Yên,0.02,>90 m²,<4 tỷ,10.536,106.4099
"Bà Rịa Vũng Tàu, Xuyên Mộc, Bán đất tại xã Phước Thuận",1835.0,32.0,10.0,Đông,Không xác định,3.0,2.0,Đã có sổ,Không xác định,15.9,23,Bà Rịa Vũng Tàu,Xuyên Mộc,Bán đất tại xã Phước Thuận,0.01,>90 m²,>10 tỷ,10.4114,107.1362
"Đà Nẵng, Hòa Vang, Bán đất tại xã Hòa Phước",180.0,6.0,6.0,Bắc,Không xác định,3.0,2.0,Đã có sổ,Không xác định,3.6,23,Đà Nẵng,Hòa Vang,Bán đất tại xã Hòa Phước,0.02,>90 m²,<4 tỷ,16.0544,108.2022
"Bà Rịa Vũng Tàu, Châu Đức, Bán đất tại đường 56B",2832.0,30.0,6.0,Đông - Nam,Không xác định,3.0,2.0,Đã có sổ,Không xác định,5.6,23,Bà Rịa Vũng Tàu,Châu Đức,Bán đất tại đường 56B,0.0,>90 m²,4-6 tỷ,10.4114,107.1362
"Hải Phòng, Ngô Quyền, Bán đất tại đường Lê Hồng Phong",119.0,6.0,10.0,Không xác định,Không xác định,3.0,2.0,Không xác định,Không xác định,13.17,23,Hải Phòng,Ngô Quyền,Bán đất tại đường Lê Hồng Phong,0.11,>90 m²,>10 tỷ,20.8449,106.6881
"Hải Phòng, An Dương, Bán đất tại đường 351",126.0,6.0,10.0,Không xác định,Không xác định,3.0,2.0,Không xác định,Không xác định,0.04,23,Hải Phòng,An Dương,Bán đất tại đường 351,0.0,>90 m²,<4 tỷ,20.8449,106.6881
"Nam Định, Hải Hậu, Bán đất tại thị trấn Thịnh Long",90.0,5.0,10.0,Không xác định,Không xác định,3.0,2.0,Không xác định,Không xác định,1.0,23,Nam Định,Hải Hậu,Bán đất tại thị trấn Thịnh Long,0.01,70-90 m²,<4 tỷ,20.42,106.1683
"Hà Nội, Thạch Thất, Bán đất tại đường Tỉnh lộ 420",153.0,9.0,6.0,Đông - Nam,Không xác định,3.0,2.0,Đã có sổ,Không xác định,0.04,23,Hà Nội,Thạch Thất,Bán đất tại đường Tỉnh lộ 420,0.0,>90 m²,<4 tỷ,21.0285,105.8542
"Quảng Nam, Thăng Bình, Bán đất tại đường Nguyễn Thuật",1000.0,11.0,3.0,Đông - Nam,Không xác định,3.0,2.0,Đã có sổ,Không xác định,5.2,23,Quảng Nam,Thăng Bình,Bán đất tại đường Nguyễn Thuật,0.01,>90 m²,4-6 tỷ,15.5667,108.4833
"Bình Phước, Chơn Thành, Bán đất tại xã Minh Thành",10173.0,72.0,12.0,Nam,Không xác định,3.0,2.0,Đã có sổ,Không xác định,5.9,23,Bình Phước,Chơn Thành,Bán đất tại xã Minh Thành,0.0,>90 m²,4-6 tỷ,11.75,106.9167
"Hồ Chí Minh, Hóc Môn, Bán đất tại đường Trịnh Thị Miếng",139.4,7.7,8.0,Không xác định,Không xác định,3.0,2.0,Đã có sổ,Không xác định,7.2,23,Hồ Chí Minh,Hóc Môn,Bán đất tại đường Trịnh Thị Miếng,0.05,>90 m²,6-8 tỷ,10.7769,106.7009
"Khánh Hòa, Vạn Ninh, Bán đất tại đường Xuân Tự 2",234.8,6.5,20.0,Đông - Nam,Không xác định,3.0,2.0,Đã có sổ,Không xác định,4.22,23,Khánh Hòa,Vạn Ninh,Bán đất tại đường Xuân Tự 2,0.02,>90 m²,4-6 tỷ,12.2388,109.1967
"Lâm Đồng, Cát Tiên, Bán đất tại xã Quảng Ngãi",1031.6,10.0,10.0,Không xác định,Không xác định,3.0,2.0,Đã có sổ,Không xác định,2.4,23,Lâm Đồng,Cát Tiên,Bán đất tại xã Quảng Ngãi,0.0,>90 m²,<4 tỷ,11.9404,108.4583
"Hà Nội, Đống Đa, Bán đất tại đường Cát Linh",52.0,6.0,10.0,Không xác định,Không xác định,3.0,2.0,Đã có sổ,Không xác định,9.8,23,Hà Nội,Đống Đa,Bán đất tại đường Cát Linh,0.19,50-70 m²,8-10 tỷ,21.0285,105.8542
"Hòa Bình, Lương Sơn, Bán đất tại thị trấn Lương Sơn",77.5,6.0,10.0,Không xác định,Không xác định,3.0,2.0,Không xác định,Không xác định,0.91,23,Hòa Bình,Lương Sơn,Bán đất tại thị trấn Lương Sơn,0.01,70-90 m²,<4 tỷ,20.8133,105.3383
"Bình Phước, Đồng Phú, Bán đất tại thị trấn Tân phú",300.0,5.0,19.0,Tây - Nam,Không xác định,3.0,2.0,Đã có sổ,Không xác định,0.34,23,Bình Phước,Đồng Phú,Bán đất tại thị trấn Tân phú,0.0,>90 m²,<4 tỷ,11.75,106.9167
"Hà Nội, Long Biên, Bán đất tại phường Cự Khối",50.0,4.0,4.0,Đông,Không xác định,3.0,2.0,Không xác định,Không xác định,11.76,23,Hà Nội,Long Biên,Bán đất tại phường Cự Khối,0.24,30-50 m²,>10 tỷ,21.0285,105.8542
"Hà Nam, Phủ Lý, Bán đất tại phường Thanh Tuyền",214.0,6.0,10.0,Không xác định,Không xác định,3.0,2.0,Không xác định,Không xác định,0.05,23,Hà Nam,Phủ Lý,Bán đất tại phường Thanh Tuyền,0.0,>90 m²,<4 tỷ,20.5453,105.9126
"Bắc Giang, Bắc Giang, Bán đất tại xã Đồng Sơn",108.0,6.0,21.0,Không xác định,Không xác định,3.0,2.0,Đã có sổ,Không xác định,4.1,23,Bắc Giang,Bắc Giang,Bán đất tại xã Đồng Sơn,0.04,>90 m²,4-6 tỷ,21.2731,106.1946
"Bắc Giang, Yên Dũng, Bán đất tại đường Tỉnh lộ 299",90.0,5.0,32.0,Không xác định,Không xác định,3.0,2.0,Đã có sổ,Không xác định,3.95,23,Bắc Giang,Yên Dũng,Bán đất tại đường Tỉnh lộ 299,0.04,70-90 m²,<4 tỷ,21.2731,106.1946
"Bắc Giang, Yên Dũng, Bán đất tại đường 293",106.0,6.3,5.0,Không xác định,Không xác định,3.0,2.0,Đã có sổ,Không xác định,0.89,23,Bắc Giang,Yên Dũng,Bán đất tại đường 293,0.01,>90 m²,<4 tỷ,21.2731,106.1946
"Bắc Giang, Lạng Giang, Bán đất tại đường Quốc lộ 37",416.0,13.0,10.0,Đông - Nam,Không xác định,3.0,2.0,Đã có sổ,Không xác định,5.0,23,Bắc Giang,Lạng Giang,Bán đất tại đường Quốc lộ 37,0.01,>90 m²,4-6 tỷ,21.2731,106.1946
"Bắc Giang, Bắc Giang, Bán đất tại đường Quốc lộ 1A",512.0,16.0,16.0,Không xác định,Không xác định,3.0,2.0,Đã có sổ,Không xác định,22.0,23,Bắc Giang,Bắc Giang,Bán đất tại đường Quốc lộ 1A,0.04,>90 m²,>10 tỷ,21.2731,106.1946
"Bắc Giang, Bắc Giang, Bán đất tại đường Đào Sư Tích",108.0,6.5,8.0,Không xác định,Không xác định,3.0,2.0,Đã có sổ,Không xác định,7.9,23,Bắc Giang,Bắc Giang,Bán đất tại đường Đào Sư Tích,0.07,>90 m²,6-8 tỷ,21.2731,106.1946
"Bắc Giang, Tân Yên, Bán đất tại đường Quốc Lộ 17",85.2,5.5,16.0,Tây - Bắc,Không xác định,3.0,2.0,Đã có sổ,Không xác định,1.65,23,Bắc Giang,Tân Yên,Bán đất tại đường Quốc Lộ 17,0.02,70-90 m²,<4 tỷ,21.2731,106.1946
"Bắc Giang, Bắc Giang, Bán đất tại đường Quốc lộ 37",96.0,6.0,20.0,Không xác định,Không xác định,3.0,2.0,Đã có sổ,Không xác định,3.4,23,Bắc Giang,Bắc Giang,Bán đất tại đường Quốc lộ 37,0.04,>90 m²,<4 tỷ,21.2731,106.1946
"Bắc Giang, Lạng Giang, Bán đất tại đường Tỉnh lộ 295",123.0,6.0,16.0,Không xác định,Không xác định,3.0,2.0,Đã có sổ,Không xác định,1.8,23,Bắc Giang,Lạng Giang,Bán đất tại đường Tỉnh lộ 295,0.01,>90 m²,<4 tỷ,21.2731,106.1946
"Bắc Giang, Bắc Giang, Bán đất tại đường Xương Giang",126.0,7.0,16.0,Không xác định,Không xác định,3.0,2.0,Đã có sổ,Không xác định,5.6,23,Bắc Giang,Bắc Giang,Bán đất tại đường Xương Giang,0.04,>90 m²,4-6 tỷ,21.2731,106.1946
"Bến Tre, Châu Thành, Bán đất tại đường Quốc lộ 57B",1200.0,11.0,10.0,Đông - Bắc,Không xác định,3.0,2.0,Đã có sổ,Không xác định,9.5,23,Bến Tre,Châu Thành,Bán đất tại đường Quốc lộ 57B,0.01,>90 m²,8-10 tỷ,10.2415,106.3758
"Bà Rịa Vũng Tàu, Long Đất, Bán đất tại đường Nguyễn Trọng Nghĩa",179.0,8.0,6.0,Đông - Nam,Không xác định,3.0,2.0,Đã có sổ,Không xác định,1.95,23,Bà Rịa Vũng Tàu,Long Đất,Bán đất tại đường Nguyễn Trọng Nghĩa,0.01,>90 m²,<4 tỷ,10.4114,107.1362
"Đà Nẵng, Hải Châu, Bán đất tại đường Đảo Xanh 5",400.0,6.0,10.0,Không xác định,Không xác định,3.0,2.0,Không xác định,Không xác định,56.0,23,Đà Nẵng,Hải Châu,Bán đất tại đường Đảo Xanh 5,0.14,>90 m²,>10 tỷ,16.0544,108.2022
"Bình Dương, Dĩ An, Bán đất tại đường Quốc lộ 1K",560.0,4.0,30.0,Đông - Nam,Không xác định,3.0,2.0,Đã có sổ,Không xác định,53.0,23,Bình Dương,Dĩ An,Bán đất tại đường Quốc lộ 1K,0.09,>90 m²,>10 tỷ,11.1604,106.6508
"Bình Định, Quy Nhơn, Bán đất tại xã Nhơn Hội",100.0,4.0,14.0,Không xác định,Không xác định,3.0,2.0,Đã có sổ,Không xác định,2.88,23,Bình Định,Quy Nhơn,Bán đất tại xã Nhơn Hội,0.03,>90 m²,<4 tỷ,13.782,109.2194
"Bình Dương, Dĩ An, Bán đất tại đường Quốc lộ 1K",500.0,15.0,15.0,Đông - Bắc,Không xác định,3.0,2.0,Đã có sổ,Không xác định,40.0,23,Bình Dương,Dĩ An,Bán đất tại đường Quốc lộ 1K,0.08,>90 m²,>10 tỷ,11.1604,106.6508
"Bình Dương, Dĩ An, Bán đất tại đường Quốc lộ 1K",160.0,6.0,8.0,Không xác định,Không xác định,3.0,2.0,Đã có sổ,Không xác định,12.0,23,Bình Dương,Dĩ An,Bán đất tại đường Quốc lộ 1K,0.08,>90 m²,>10 tỷ,11.1604,106.6508
"Bình Định, Phù Cát, Bán đất tại xã Cát Tiến",150.0,6.0,20.0,Nam,Không xác định,3.0,2.0,Đã có sổ,Không xác định,3.62,23,Bình Định,Phù Cát,Bán đất tại xã Cát Tiến,0.02,>90 m²,<4 tỷ,13.782,109.2194
"Bình Dương, Dĩ An, Bán đất tại đường Quốc lộ 1K",3000.0,10.0,7.0,Đông,Không xác định,3.0,2.0,Đã có sổ,Không xác định,288.0,23,Bình Dương,Dĩ An,Bán đất tại đường Quốc lộ 1K,0.1,>90 m²,>10 tỷ,11.1604,106.6508
"Đắk Lắk, Cư Kuin, Bán đất tại xã Ea Ktur",18000.0,110.0,6.0,Không xác định,Không xác định,3.0,2.0,Đã có sổ,Không xác định,8.5,23,Đắk Lắk,Cư Kuin,Bán đất tại xã Ea Ktur,0.0,>90 m²,8-10 tỷ,12.6667,108.05
"Bình Dương, Dĩ An, Bán đất tại đường Quốc lộ 1K",650.0,5.0,10.0,Đông - Bắc,Không xác định,3.0,2.0,Đã có sổ,Không xác định,59.0,23,Bình Dương,Dĩ An,Bán đất tại đường Quốc lộ 1K,0.09,>90 m²,>10 tỷ,11.1604,106.6508
"Bình Dương, Dĩ An, Bán đất tại đường Quốc lộ 1K",350.0,5.0,10.0,Đông,Không xác định,3.0,2.0,Đã có sổ,Không xác định,30.0,23,Bình Dương,Dĩ An,Bán đất tại đường Quốc lộ 1K,0.09,>90 m²,>10 tỷ,11.1604,106.6508
"Bà Rịa Vũng Tàu, Xuyên Mộc, Bán đất tại đường Tỉnh lộ 328",1781.0,6.0,10.0,Không xác định,Không xác định,3.0,2.0,Đã có sổ,Không xác định,0.05,23,Bà Rịa Vũng Tàu,Xuyên Mộc,Bán đất tại đường Tỉnh lộ 328,0.0,>90 m²,<4 tỷ,10.4114,107.1362
"Hồ Chí Minh, Củ Chi, Bán đất tại xã An Phú",440.5,8.0,6.0,Không xác định,Không xác định,3.0,2.0,Đã có sổ,Không xác định,2.1,23,Hồ Chí Minh,Củ Chi,Bán đất tại xã An Phú,0.0,>90 m²,<4 tỷ,10.7769,106.7009
"Bình Dương, Dĩ An, Bán đất tại đường Châu Thới",150.0,7.5,13.0,Đông - Bắc,Không xác định,3.0,2.0,Đã có sổ,Không xác định,11.0,23,Bình Dương,Dĩ An,Bán đất tại đường Châu Thới,0.07,>90 m²,>10 tỷ,11.1604,106.6508
"Bà Rịa Vũng Tàu, Xuyên Mộc, Bán đất tại đường 328",750.0,15.0,32.0,Không xác định,Không xác định,3.0,2.0,Đã có sổ,Không xác định,22.0,23,Bà Rịa Vũng Tàu,Xuyên Mộc,Bán đất tại đường 328,0.03,>90 m²,>10 tỷ,10.4114,107.1362
"Quảng Ngãi, Quảng Ngãi, Bán đất tại phường Trương Quang Trọng",522.0,28.0,14.0,Không xác định,Không xác định,3.0,2.0,Đã có sổ,Không xác định,0.02,23,Quảng Ngãi,Quảng Ngãi,Bán đất tại phường Trương Quang Trọng,0.0,>90 m²,<4 tỷ,15.1205,108.7923
"Hà Nội, Long Biên, Bán đất tại đường Phố Trạm",50.0,4.0,3.0,Đông,Không xác định,3.0,2.0,Đã có sổ,Không xác định,0.17,23,Hà Nội,Long Biên,Bán đất tại đường Phố Trạm,0.0,30-50 m²,<4 tỷ,21.0285,105.8542
"Bà Rịa Vũng Tàu, Xuyên Mộc, Bán đất tại xã Phước Thuận",7000.0,6.0,10.0,Không xác định,Không xác định,3.0,2.0,Không xác định,Không xác định,0.02,23,Bà Rịa Vũng Tàu,Xuyên Mộc,Bán đất tại xã Phước Thuận,0.0,>90 m²,<4 tỷ,10.4114,107.1362
"Long An, Tân An, Bán đất tại đường Cao Văn Lầu",478.0,3.0,3.0,Tây - Nam,Không xác định,3.0,2.0,Đã có sổ,Không xác định,3.8,23,Long An,Tân An,Bán đất tại đường Cao Văn Lầu,0.01,>90 m²,<4 tỷ,10.536,106.4099
"Long An, Cần Giuộc, Bán đất tại xã Mỹ Lộc",135.0,6.0,10.0,Không xác định,Không xác định,3.0,2.0,Đã có sổ,Không xác định,4.29,23,Long An,Cần Giuộc,Bán đất tại xã Mỹ Lộc,0.03,>90 m²,4-6 tỷ,10.536,106.4099
"Hà Nội, Sơn Tây, Bán đất tại xã Sơn Đông",100.0,7.0,8.0,Không xác định,Không xác định,3.0,2.0,Đã có sổ,Không xác định,2.1,23,Hà Nội,Sơn Tây,Bán đất tại xã Sơn Đông,0.02,>90 m²,<4 tỷ,21.0285,105.8542
"Hà Nội, Thạch Thất, Bán đất tại xã Yên Trung",500.0,13.0,6.0,Không xác định,Không xác định,3.0,2.0,Đã có sổ,Không xác định,0.01,23,Hà Nội,Thạch Thất,Bán đất tại xã Yên Trung,0.0,>90 m²,<4 tỷ,21.0285,105.8542
"Hồ Chí Minh, Gò Vấp, Bán đất tại đường Quang Trung",190.0,4.0,8.0,Tây - Nam,Không xác định,3.0,2.0,Đã có sổ,Không xác định,19.85,6,Hồ Chí Minh,Gò Vấp,Bán đất tại đường Quang Trung,0.1,>90 m²,>10 tỷ,10.7769,106.7009
"Hưng Yên, Mỹ Hào, Bán đất tại đường Phố Nối A",85.0,5.0,10.0,Nam,Không xác định,3.0,2.0,Đã có sổ,Không xác định,3.5,23,Hưng Yên,Mỹ Hào,Bán đất tại đường Phố Nối A,0.04,70-90 m²,<4 tỷ,20.6464,106.0511
"Đà Nẵng, Thanh Khê, Bán đất tại đường Nguyễn Tất Thành",125.0,5.0,10.0,Không xác định,Không xác định,3.0,2.0,Đã có sổ,Không xác định,0.12,23,Đà Nẵng,Thanh Khê,Bán đất tại đường Nguyễn Tất Thành,0.0,>90 m²,<4 tỷ,16.0544,108.2022
"Hà Nam, Phủ Lý, Bán đất tại phường Lam Hạ",178.0,8.18,17.5,Bắc,Không xác định,3.0,2.0,Đã có sổ,Không xác định,0.06,23,Hà Nam,Phủ Lý,Bán đất tại phường Lam Hạ,0.0,>90 m²,<4 tỷ,20.5453,105.9126
"Đà Nẵng, Sơn Trà, Bán đất tại đường Lê Văn Huân",992.0,20.0,10.0,Không xác định,Không xác định,3.0,2.0,Không xác định,Không xác định,160.0,23,Đà Nẵng,Sơn Trà,Bán đất tại đường Lê Văn Huân,0.16,>90 m²,>10 tỷ,16.0544,108.2022
"Bình Dương, Thủ Dầu Một, Bán đất tại đường Nguyễn Thị Minh Khai",404.0,13.5,16.0,Không xác định,Không xác định,3.0,2.0,Đã có sổ,Không xác định,14.1,23,Bình Dương,Thủ Dầu Một,Bán đất tại đường Nguyễn Thị Minh Khai,0.03,>90 m²,>10 tỷ,11.1604,106.6508
"Hòa Bình, Đà Bắc, Bán đất tại đường Tỉnh lộ 433",1250.0,48.0,5.0,Đông - Nam,Không xác định,3.0,2.0,Đã có sổ,Không xác định,1.2,23,Hòa Bình,Đà Bắc,Bán đất tại đường Tỉnh lộ 433,0.0,>90 m²,<4 tỷ,20.8133,105.3383
"Hà Nội, Thạch Thất, Bán đất tại xã Bình Yên",100.0,6.0,10.0,Không xác định,Không xác định,3.0,2.0,Không xác định,Không xác định,0.04,23,Hà Nội,Thạch Thất,Bán đất tại xã Bình Yên,0.0,>90 m²,<4 tỷ,21.0285,105.8542
"Quảng Ngãi, Lý Sơn, Bán đất tại xã An Vĩnh",122.0,12.0,10.5,Đông,Không xác định,3.0,2.0,Đã có sổ,Không xác định,1.52,23,Quảng Ngãi,Lý Sơn,Bán đất tại xã An Vĩnh,0.01,>90 m²,<4 tỷ,15.1205,108.7923
"Bà Rịa Vũng Tàu, Xuyên Mộc, Bán đất tại xã Hòa Hiệp",15000.0,75.0,6.0,Không xác định,Không xác định,3.0,2.0,Không xác định,Không xác định,5.5,23,Bà Rịa Vũng Tàu,Xuyên Mộc,Bán đất tại xã Hòa Hiệp,0.0,>90 m²,4-6 tỷ,10.4114,107.1362
"Bình Định, Phù Cát, Bán đất tại đường Quốc Lộ 19B",273.0,10.0,20.0,Tây - Bắc,Không xác định,3.0,2.0,Đã có sổ,Không xác định,6.59,23,Bình Định,Phù Cát,Bán đất tại đường Quốc Lộ 19B,0.02,>90 m²,6-8 tỷ,13.782,109.2194
"Bà Rịa Vũng Tàu, Xuyên Mộc, Bán đất tại xã Bình Châu",2729.0,46.0,10.0,Không xác định,Không xác định,3.0,2.0,Đã có sổ,Không xác định,30.0,23,Bà Rịa Vũng Tàu,Xuyên Mộc,Bán đất tại xã Bình Châu,0.01,>90 m²,>10 tỷ,10.4114,107.1362
"Bình Định, Phù Cát, Bán đất tại đường Quốc Lộ 19B",137.5,6.0,20.0,Đông - Nam,Không xác định,3.0,2.0,Đã có sổ,Không xác định,3.32,23,Bình Định,Phù Cát,Bán đất tại đường Quốc Lộ 19B,0.02,>90 m²,<4 tỷ,13.782,109.2194
"Hà Nội, Sơn Tây, Bán đất tại đường Đồng Trạng",100.0,8.0,6.0,Đông - Nam,Không xác định,3.0,2.0,Đã có sổ,Không xác định,3.6,23,Hà Nội,Sơn Tây,Bán đất tại đường Đồng Trạng,0.04,>90 m²,<4 tỷ,21.0285,105.8542
"Bình Dương, Dĩ An, Bán đất tại đường Quốc lộ 1K",1000.0,3.0,10.0,Tây,Không xác định,3.0,2.0,Đã có sổ,Không xác định,125.0,23,Bình Dương,Dĩ An,Bán đất tại đường Quốc lộ 1K,0.12,>90 m²,>10 tỷ,11.1604,106.6508
"Bình Định, Quy Nhơn, Bán đất tại đường 8",100.0,4.0,16.0,Không xác định,Không xác định,3.0,2.0,Đã có sổ,Không xác định,2.88,23,Bình Định,Quy Nhơn,Bán đất tại đường 8,0.03,>90 m²,<4 tỷ,13.782,109.2194
"Bình Định, Phù Cát, Bán đất tại đường Quốc Lộ 19B",125.0,5.0,14.0,Tây - Nam,Không xác định,3.0,2.0,Đã có sổ,Không xác định,0.85,23,Bình Định,Phù Cát,Bán đất tại đường Quốc Lộ 19B,0.01,>90 m²,<4 tỷ,13.782,109.2194
"Bình Định, Phù Cát, Bán đất tại xã Cát Tiến",127.0,5.0,16.0,Tây - Bắc,Không xác định,3.0,2.0,Đã có sổ,Không xác định,3.07,23,Bình Định,Phù Cát,Bán đất tại xã Cát Tiến,0.02,>90 m²,<4 tỷ,13.782,109.2194
"Bình Dương, Dĩ An, Bán đất tại đường Quốc lộ 1K",680.0,4.0,40.0,Tây - Bắc,Không xác định,3.0,2.0,Đã có sổ,Không xác định,66.0,23,Bình Dương,Dĩ An,Bán đất tại đường Quốc lộ 1K,0.1,>90 m²,>10 tỷ,11.1604,106.6508
"Bình Dương, Dĩ An, Bán đất tại đường Châu Thới",150.0,7.5,12.0,Đông - Bắc,Không xác định,3.0,2.0,Đã có sổ,Không xác định,9.5,23,Bình Dương,Dĩ An,Bán đất tại đường Châu Thới,0.06,>90 m²,8-10 tỷ,11.1604,106.6508
"Quảng Nam, Thăng Bình, Bán đất tại xã Bình Minh",179.4,6.0,6.0,Tây - Bắc,Không xác định,3.0,2.0,Đã có sổ,Không xác định,3.0,23,Quảng Nam,Thăng Bình,Bán đất tại xã Bình Minh,0.02,>90 m²,<4 tỷ,15.5667,108.4833
"Kon Tum, Kon Plông, Bán đất tại xã Măng Cành",50000.0,160.0,18.0,Không xác định,Không xác định,3.0,2.0,Đã có sổ,Không xác định,21.0,23,Kon Tum,Kon Plông,Bán đất tại xã Măng Cành,0.0,>90 m²,>10 tỷ,14.35,108.0
"Kon Tum, Kon Plông, Bán đất tại đường Quốc Lộ 24",4000.0,70.0,12.0,Không xác định,Không xác định,3.0,2.0,Đã có sổ,Không xác định,3.0,23,Kon Tum,Kon Plông,Bán đất tại đường Quốc Lộ 24,0.0,>90 m²,<4 tỷ,14.35,108.0
"Phú Yên, Sông Cầu, Bán đất tại phường Xuân Phú",100.0,5.0,40.0,Đông - Nam,Không xác định,3.0,2.0,Đã có sổ,Không xác định,0.03,23,Phú Yên,Sông Cầu,Bán đất tại phường Xuân Phú,0.0,>90 m²,<4 tỷ,13.0882,109.3087
"Đà Nẵng, Ngũ Hành Sơn, Bán đất tại phường Hòa Quý",107.9,4.5,5.0,Không xác định,Không xác định,3.0,2.0,Không xác định,Không xác định,11.29,23,Đà Nẵng,Ngũ Hành Sơn,Bán đất tại phường Hòa Quý,0.1,>90 m²,>10 tỷ,16.0544,108.2022
"Hà Nội, Quốc Oai, Bán đất tại xã Hòa Thạch",100.0,6.0,6.0,Đông - Nam,Không xác định,3.0,2.0,Đã có sổ,Không xác định,0.03,23,Hà Nội,Quốc Oai,Bán đất tại xã Hòa Thạch,0.0,>90 m²,<4 tỷ,21.0285,105.8542
"Hà Nội, Quốc Oai, Bán đất tại xã Phú Mãn",300.0,10.0,7.0,Đông - Nam,Không xác định,3.0,2.0,Đã có sổ,Không xác định,6.6,23,Hà Nội,Quốc Oai,Bán đất tại xã Phú Mãn,0.02,>90 m²,6-8 tỷ,21.0285,105.8542
"Hà Nội, Sơn Tây, Bán đất tại xã Cổ Đông",100.0,6.0,4.5,Đông - Nam,Không xác định,3.0,2.0,Không xác định,Không xác định,0.03,23,Hà Nội,Sơn Tây,Bán đất tại xã Cổ Đông,0.0,>90 m²,<4 tỷ,21.0285,105.8542
"Hồ Chí Minh, Quận 9, Bán đất tại đường Hoàng Hữu Nam",230.0,6.0,10.0,Không xác định,Không xác định,3.0,2.0,Đã có sổ,Không xác định,22.0,23,Hồ Chí Minh,Quận 9,Bán đất tại đường Hoàng Hữu Nam,0.1,>90 m²,>10 tỷ,10.7769,106.7009
"Bình Dương, Dĩ An, Bán đất tại đường Quốc lộ 1K",150.0,4.5,7.0,Tây - Bắc,Không xác định,3.0,2.0,Đã có sổ,Không xác định,14.5,23,Bình Dương,Dĩ An,Bán đất tại đường Quốc lộ 1K,0.1,>90 m²,>10 tỷ,11.1604,106.6508
"Bình Dương, Dĩ An, Bán đất tại đường N1",1345.0,10.0,5.0,Đông - Bắc,Không xác định,3.0,2.0,Đã có sổ,Không xác định,125.0,23,Bình Dương,Dĩ An,Bán đất tại đường N1,0.09,>90 m²,>10 tỷ,11.1604,106.6508
"Bình Dương, Dĩ An, Bán đất tại đường Quốc lộ 1K",1000.0,12.0,10.0,Đông - Bắc,Không xác định,3.0,2.0,Đã có sổ,Không xác định,94.0,23,Bình Dương,Dĩ An,Bán đất tại đường Quốc lộ 1K,0.09,>90 m²,>10 tỷ,11.1604,106.6508
"Bình Dương, Dĩ An, Bán đất tại đường Quốc lộ 1K",320.0,10.0,20.0,Đông - Bắc,Không xác định,3.0,2.0,Đã có sổ,Không xác định,28.0,23,Bình Dương,Dĩ An,Bán đất tại đường Quốc lộ 1K,0.09,>90 m²,>10 tỷ,11.1604,106.6508
"Bắc Ninh, Gia Bình, Bán đất tại đường Quốc Lộ 17",134.5,7.0,4.0,Không xác định,Không xác định,3.0,2.0,Đã có sổ,Không xác định,3.0,24,Bắc Ninh,Gia Bình,Bán đất tại đường Quốc Lộ 17,0.02,>90 m²,<4 tỷ,21.1861,106.0763
"Khánh Hòa, Nha Trang, Bán đất tại phố Phong Châu",213.8,13.6,26.0,Tây,Không xác định,3.0,2.0,Đã có sổ,Không xác định,10.5,24,Khánh Hòa,Nha Trang,Bán đất tại phố Phong Châu,0.05,>90 m²,>10 tỷ,12.2388,109.1967
"Đồng Nai, Long Khánh, Bán đất tại đường Nguyễn Trãi",192.3,24.0,10.0,Tây - Bắc,Không xác định,3.0,2.0,Đã có sổ,Không xác định,6.5,24,Đồng Nai,Long Khánh,Bán đất tại đường Nguyễn Trãi,0.03,>90 m²,6-8 tỷ,10.9454,106.8248
"Khánh Hòa, Diên Khánh, Bán đất tại xã Suối Hiệp",98.0,5.2,6.0,Đông - Nam,Không xác định,3.0,2.0,Đã có sổ,Không xác định,1.05,24,Khánh Hòa,Diên Khánh,Bán đất tại xã Suối Hiệp,0.01,>90 m²,<4 tỷ,12.2388,109.1967
"Khánh Hòa, Cam Lâm, Bán đất tại đường Quốc lộ 1A",194.0,6.6,4.5,Đông - Nam,Không xác định,3.0,2.0,Đã có sổ,Không xác định,1.34,24,Khánh Hòa,Cam Lâm,Bán đất tại đường Quốc lộ 1A,0.01,>90 m²,<4 tỷ,12.2388,109.1967
"Hà Nội, Thường Tín, Bán đất tại đường 427",80.9,5.9,3.0,Tây,Không xác định,3.0,2.0,Đã có sổ,Không xác định,4.4,23,Hà Nội,Thường Tín,Bán đất tại đường 427,0.05,70-90 m²,4-6 tỷ,21.0285,105.8542
"Bình Dương, Dĩ An, Bán đất tại đường Quốc lộ 1K",150.0,6.0,10.0,Không xác định,Không xác định,3.0,2.0,Không xác định,Không xác định,13.5,23,Bình Dương,Dĩ An,Bán đất tại đường Quốc lộ 1K,0.09,>90 m²,>10 tỷ,11.1604,106.6508
"Bình Dương, Dĩ An, Bán đất tại phường Bình An",700.0,6.0,15.0,Tây,Không xác định,3.0,2.0,Đã có sổ,Không xác định,62.0,23,Bình Dương,Dĩ An,Bán đất tại phường Bình An,0.09,>90 m²,>10 tỷ,11.1604,106.6508
"Bình Dương, Dĩ An, Bán đất tại đường Quốc lộ 1K",3139.0,6.0,35.0,Bắc,Không xác định,3.0,2.0,Đã có sổ,Không xác định,350.0,23,Bình Dương,Dĩ An,Bán đất tại đường Quốc lộ 1K,0.11,>90 m²,>10 tỷ,11.1604,106.6508
"Bình Dương, Dĩ An, Bán đất tại đường Quốc lộ 1K",2000.0,4.0,4.0,Đông - Bắc,Không xác định,3.0,2.0,Đã có sổ,Không xác định,189.0,23,Bình Dương,Dĩ An,Bán đất tại đường Quốc lộ 1K,0.09,>90 m²,>10 tỷ,11.1604,106.6508
"Bình Dương, Dĩ An, Bán đất tại đường Quốc lộ 1K",650.0,3.0,30.0,Đông - Nam,Không xác định,3.0,2.0,Đã có sổ,Không xác định,62.0,23,Bình Dương,Dĩ An,Bán đất tại đường Quốc lộ 1K,0.1,>90 m²,>10 tỷ,11.1604,106.6508
"Bình Dương, Dĩ An, Bán đất tại phường Bình An",300.0,15.0,12.0,Đông,Không xác định,3.0,2.0,Đã có sổ,Không xác định,23.0,23,Bình Dương,Dĩ An,Bán đất tại phường Bình An,0.08,>90 m²,>10 tỷ,11.1604,106.6508
"Bình Dương, Dĩ An, Bán đất tại đường Quốc lộ 1K",150.0,5.0,9.0,Đông - Nam,Không xác định,3.0,2.0,Đã có sổ,Không xác định,14.0,23,Bình Dương,Dĩ An,Bán đất tại đường Quốc lộ 1K,0.09,>90 m²,>10 tỷ,11.1604,106.6508
"Bình Dương, Dĩ An, Bán đất tại phường Bình An",200.0,4.0,12.0,Đông,Không xác định,3.0,2.0,Đã có sổ,Không xác định,18.0,23,Bình Dương,Dĩ An,Bán đất tại phường Bình An,0.09,>90 m²,>10 tỷ,11.1604,106.6508
"Bình Thuận, Phan Thiết, Bán đất tại phố Nguyễn Văn Tố",120.0,7.0,10.0,Không xác định,Không xác định,3.0,2.0,Đã có sổ,Không xác định,0.03,23,Bình Thuận,Phan Thiết,Bán đất tại phố Nguyễn Văn Tố,0.0,>90 m²,<4 tỷ,11.0904,108.0722
"Bình Dương, Dĩ An, Bán đất tại đường Quốc lộ 1K",7350.0,15.0,40.0,Đông,Không xác định,3.0,2.0,Đã có sổ,Không xác định,670.0,23,Bình Dương,Dĩ An,Bán đất tại đường Quốc lộ 1K,0.09,>90 m²,>10 tỷ,11.1604,106.6508
"Bình Dương, Dĩ An, Bán đất tại đường Quốc lộ 1K",400.0,5.0,15.0,Tây - Bắc,Không xác định,3.0,2.0,Đã có sổ,Không xác định,41.0,23,Bình Dương,Dĩ An,Bán đất tại đường Quốc lộ 1K,0.1,>90 m²,>10 tỷ,11.1604,106.6508
"Bình Dương, Dĩ An, Bán đất tại đường Quốc lộ 1K",3300.0,6.0,3.0,Đông - Bắc,Không xác định,3.0,2.0,Đã có sổ,Không xác định,350.0,23,Bình Dương,Dĩ An,Bán đất tại đường Quốc lộ 1K,0.11,>90 m²,>10 tỷ,11.1604,106.6508
"Bình Dương, Dĩ An, Bán đất tại đường Quốc lộ 1K",3000.0,4.0,4.0,Đông - Bắc,Không xác định,3.0,2.0,Đã có sổ,Không xác định,293.0,23,Bình Dương,Dĩ An,Bán đất tại đường Quốc lộ 1K,0.1,>90 m²,>10 tỷ,11.1604,106.6508
"Bình Thuận, Bắc Bình, Bán đất tại xã Hải Ninh",38680.0,6.0,10.0,Không xác định,Không xác định,3.0,2.0,Đã có sổ,Không xác định,5.5,24,Bình Thuận,Bắc Bình,Bán đất tại xã Hải Ninh,0.0,>90 m²,4-6 tỷ,11.0904,108.0722
"Hà Nội, Quốc Oai, Bán đất tại đường Vai Réo",186.0,6.0,15.0,Không xác định,Không xác định,3.0,2.0,Đã có sổ,Không xác định,4.09,24,Hà Nội,Quốc Oai,Bán đất tại đường Vai Réo,0.02,>90 m²,4-6 tỷ,21.0285,105.8542
"Đồng Nai, Nhơn Trạch, Bán đất tại đường Võ Thị Sáu",279.0,20.0,14.0,Bắc,Không xác định,3.0,2.0,Đã có sổ,Không xác định,12.4,24,Đồng Nai,Nhơn Trạch,Bán đất tại đường Võ Thị Sáu,0.04,>90 m²,>10 tỷ,10.9454,106.8248
"Quảng Nam, Điện Bàn, Bán đất tại đường Trần Thủ Độ",830.0,19.0,33.0,Tây - Nam,Không xác định,3.0,2.0,Đã có sổ,Không xác định,27.0,24,Quảng Nam,Điện Bàn,Bán đất tại đường Trần Thủ Độ,0.03,>90 m²,>10 tỷ,15.5667,108.4833
"Đồng Nai, Tân Phú, Bán đất tại đường Trương Công Định",1520.0,38.73,5.0,Không xác định,Không xác định,3.0,2.0,Đã có sổ,Không xác định,2.9,24,Đồng Nai,Tân Phú,Bán đất tại đường Trương Công Định,0.0,>90 m²,<4 tỷ,10.9454,106.8248
"Hưng Yên, Văn Lâm, Bán đất tại xã Tân Quang",76.0,6.0,4.5,Nam,Không xác định,3.0,2.0,Đã có sổ,Không xác định,0.06,24,Hưng Yên,Văn Lâm,Bán đất tại xã Tân Quang,0.0,70-90 m²,<4 tỷ,20.6464,106.0511
"Bình Dương, Dầu Tiếng, Bán đất tại đường DH710",2782.0,12.0,12.0,Không xác định,Không xác định,3.0,2.0,Đã có sổ,Không xác định,0.0,24,Bình Dương,Dầu Tiếng,Bán đất tại đường DH710,0.0,>90 m²,<4 tỷ,11.1604,106.6508
"Bình Dương, Phú Giáo, Bán đất tại xã An Thái",253.0,5.0,9.0,Không xác định,Không xác định,3.0,2.0,Đã có sổ,Không xác định,0.35,24,Bình Dương,Phú Giáo,Bán đất tại xã An Thái,0.0,>90 m²,<4 tỷ,11.1604,106.6508
"Khánh Hòa, Ninh Hòa, Bán đất tại đường Quốc lộ 1A",1070.2,20.0,10.0,Đông - Nam,Không xác định,3.0,2.0,Đã có sổ,Không xác định,9.9,24,Khánh Hòa,Ninh Hòa,Bán đất tại đường Quốc lộ 1A,0.01,>90 m²,8-10 tỷ,12.2388,109.1967
"Bắc Ninh, Yên Phong, Bán đất tại xã Long Châu",16.0,4.0,18.0,Đông - Nam,Không xác định,3.0,2.0,Đã có sổ,Không xác định,0.64,24,Bắc Ninh,Yên Phong,Bán đất tại xã Long Châu,0.04,<30 m²,<4 tỷ,21.1861,106.0763
"Hồ Chí Minh, Thủ Đức, Bán đất tại đường 22",289.7,13.8,8.0,Đông - Nam,Không xác định,3.0,2.0,Đã có sổ,Không xác định,22.8,4,Hồ Chí Minh,Thủ Đức,Bán đất tại đường 22,0.08,>90 m²,>10 tỷ,10.7769,106.7009
"Thái Nguyên, Thái Nguyên, Bán đất tại đường Bắc Sơn",1000.0,20.0,61.0,Nam,Không xác định,3.0,2.0,Đã có sổ,Không xác định,34.37,24,Thái Nguyên,Thái Nguyên,Bán đất tại đường Bắc Sơn,0.03,>90 m²,>10 tỷ,21.5928,105.8442
"Hà Nội, Long Biên, Bán đất tại phố Ngọc Trì",108.0,5.0,4.0,Không xác định,Không xác định,3.0,2.0,Đã có sổ,Không xác định,0.16,24,Hà Nội,Long Biên,Bán đất tại phố Ngọc Trì,0.0,>90 m²,<4 tỷ,21.0285,105.8542
"Đồng Tháp, Lai Vung, Bán đất tại thị trấn Lai Vung",90.0,4.5,10.0,Không xác định,Không xác định,3.0,2.0,Đã có sổ,Không xác định,3.5,24,Đồng Tháp,Lai Vung,Bán đất tại thị trấn Lai Vung,0.04,70-90 m²,<4 tỷ,10.4578,105.6322
"Bình Dương, Dĩ An, Bán đất tại phường Bình An",1100.0,13.0,10.0,Đông - Bắc,Không xác định,3.0,2.0,Đã có sổ,Không xác định,115.0,24,Bình Dương,Dĩ An,Bán đất tại phường Bình An,0.1,>90 m²,>10 tỷ,11.1604,106.6508
"Bình Dương, Dĩ An, Bán đất tại đường Quốc lộ 1K",750.0,8.0,15.0,Tây - Nam,Không xác định,3.0,2.0,Đã có sổ,Không xác định,78.0,24,Bình Dương,Dĩ An,Bán đất tại đường Quốc lộ 1K,0.1,>90 m²,>10 tỷ,11.1604,106.6508
"Bình Dương, Dĩ An, Bán đất tại đường Quốc lộ 1K",450.0,5.0,12.0,Đông - Bắc,Không xác định,3.0,2.0,Đã có sổ,Không xác định,45.0,24,Bình Dương,Dĩ An,Bán đất tại đường Quốc lộ 1K,0.1,>90 m²,>10 tỷ,11.1604,106.6508
"Bình Dương, Dĩ An, Bán đất tại đường N1",350.0,8.0,10.0,Đông,Không xác định,3.0,2.0,Đã có sổ,Không xác định,33.0,24,Bình Dương,Dĩ An,Bán đất tại đường N1,0.09,>90 m²,>10 tỷ,11.1604,106.6508
"Lâm Đồng, Bảo Lâm, Bán đất tại đường Quốc Lộ 20",142.0,6.0,10.0,Không xác định,Không xác định,3.0,2.0,Đã có sổ,Không xác định,1.95,24,Lâm Đồng,Bảo Lâm,Bán đất tại đường Quốc Lộ 20,0.01,>90 m²,<4 tỷ,11.9404,108.4583
"Bình Dương, Phú Giáo, Bán đất tại đường DH506",250.0,6.0,10.0,Đông,Không xác định,3.0,2.0,Đã có sổ,Không xác định,1.25,24,Bình Dương,Phú Giáo,Bán đất tại đường DH506,0.0,>90 m²,<4 tỷ,11.1604,106.6508
"Hà Nội, Thanh Xuân, Bán đất tại đường Bùi Xương Trạch",125.0,5.2,10.0,Không xác định,Không xác định,3.0,2.0,Đã có sổ,Không xác định,32.0,24,Hà Nội,Thanh Xuân,Bán đất tại đường Bùi Xương Trạch,0.26,>90 m²,>10 tỷ,21.0285,105.8542
"Hồ Chí Minh, Củ Chi, Bán đất tại Khu dân cư Tân Phú Trung",18000.0,94.5,14.0,Không xác định,Không xác định,3.0,2.0,Đã có sổ,Không xác định,0.01,24,Hồ Chí Minh,Củ Chi,Bán đất tại Khu dân cư Tân Phú Trung,0.0,>90 m²,<4 tỷ,10.7769,106.7009
"Đà Nẵng, Hòa Vang, Bán đất tại xã Hòa Phong",425.0,16.0,10.0,Đông,Không xác định,3.0,2.0,Đã có sổ,Không xác định,2.5,24,Đà Nẵng,Hòa Vang,Bán đất tại xã Hòa Phong,0.01,>90 m²,<4 tỷ,16.0544,108.2022
"Quảng Nam, Điện Bàn, Bán đất tại đường Võ Nguyên Giáp",767.0,27.12,27.0,Tây - Nam,Không xác định,3.0,2.0,Đã có sổ,Không xác định,0.04,24,Quảng Nam,Điện Bàn,Bán đất tại đường Võ Nguyên Giáp,0.0,>90 m²,<4 tỷ,15.5667,108.4833
"Quảng Ninh, Cô Tô, Bán đất tại xã Thanh Lân",140.0,6.0,10.0,Không xác định,Không xác định,3.0,2.0,Đã có sổ,Không xác định,1.5,24,Quảng Ninh,Cô Tô,Bán đất tại xã Thanh Lân,0.01,>90 m²,<4 tỷ,21.0069,107.2925
"Hà Nội, Thanh Trì, Bán đất tại xã Vạn Phúc",40.0,4.0,3.0,Không xác định,Không xác định,3.0,2.0,Đã có sổ,Không xác định,3.2,24,Hà Nội,Thanh Trì,Bán đất tại xã Vạn Phúc,0.08,30-50 m²,<4 tỷ,21.0285,105.8542
"Hòa Bình, Lạc Thủy, Bán đất tại thị trấn Ba Hàng Đồi",92.0,6.0,6.5,Nam,Không xác định,3.0,2.0,Đã có sổ,Không xác định,1.3,24,Hòa Bình,Lạc Thủy,Bán đất tại thị trấn Ba Hàng Đồi,0.01,>90 m²,<4 tỷ,20.8133,105.3383
"Bà Rịa Vũng Tàu, Châu Đức, Bán đất tại đường Láng lớn - Kim Long",1000.0,14.0,6.0,Nam,Không xác định,3.0,2.0,Đã có sổ,Không xác định,1.85,24,Bà Rịa Vũng Tàu,Châu Đức,Bán đất tại đường Láng lớn - Kim Long,0.0,>90 m²,<4 tỷ,10.4114,107.1362
"Bắc Giang, Lạng Giang, Bán đất tại xã Hương Sơn",100.0,6.0,10.0,Không xác định,Không xác định,3.0,2.0,Đã có sổ,Không xác định,0.45,24,Bắc Giang,Lạng Giang,Bán đất tại xã Hương Sơn,0.0,>90 m²,<4 tỷ,21.2731,106.1946
"Hà Nội, Sóc Sơn, Bán đất tại xã Bắc Sơn",100.0,5.41,4.0,Không xác định,Không xác định,3.0,2.0,Đã có sổ,Không xác định,1.6,24,Hà Nội,Sóc Sơn,Bán đất tại xã Bắc Sơn,0.02,>90 m²,<4 tỷ,21.0285,105.8542
"Bình Thuận, Phan Thiết, Bán đất tại đường Hiền Vương",174.8,8.9,15.0,Không xác định,Không xác định,3.0,2.0,Đã có sổ,Không xác định,0.03,24,Bình Thuận,Phan Thiết,Bán đất tại đường Hiền Vương,0.0,>90 m²,<4 tỷ,11.0904,108.0722
"Hà Nội, Sóc Sơn, Bán đất tại xã Tân Hưng",109.0,5.0,4.0,Không xác định,Không xác định,3.0,2.0,Đã có sổ,Không xác định,1.4,24,Hà Nội,Sóc Sơn,Bán đất tại xã Tân Hưng,0.01,>90 m²,<4 tỷ,21.0285,105.8542
"Đà Nẵng, Cẩm Lệ, Bán đất tại đường Trần Kim Xuyến",100.0,5.0,7.5,Tây - Nam,Không xác định,3.0,2.0,Đã có sổ,Không xác định,6.2,24,Đà Nẵng,Cẩm Lệ,Bán đất tại đường Trần Kim Xuyến,0.06,>90 m²,6-8 tỷ,16.0544,108.2022
"Tiền Giang, Mỹ Tho, Bán đất tại đường D7",115.0,5.0,12.0,Đông,Không xác định,3.0,2.0,Đã có sổ,Không xác định,4.4,24,Tiền Giang,Mỹ Tho,Bán đất tại đường D7,0.04,>90 m²,4-6 tỷ,10.4493,106.3422
"Hồ Chí Minh, Củ Chi, Bán đất tại xã Phú Hòa Đông",1000.0,6.0,10.0,Không xác định,Không xác định,3.0,2.0,Không xác định,Không xác định,3.5,24,Hồ Chí Minh,Củ Chi,Bán đất tại xã Phú Hòa Đông,0.0,>90 m²,<4 tỷ,10.7769,106.7009
"Long An, Tân An, Bán đất tại đường Số 13",100.0,5.0,10.0,Đông - Bắc,Không xác định,3.0,2.0,Đã có sổ,Không xác định,1.78,24,Long An,Tân An,Bán đất tại đường Số 13,0.02,>90 m²,<4 tỷ,10.536,106.4099
"Lâm Đồng, Đức Trọng, Bán đất tại xã Hiệp Thạnh",387.0,8.0,8.0,Nam,Không xác định,3.0,2.0,Đã có sổ,Không xác định,6.0,24,Lâm Đồng,Đức Trọng,Bán đất tại xã Hiệp Thạnh,0.02,>90 m²,4-6 tỷ,11.9404,108.4583
"Long An, Tân An, Bán đất tại đường Đặng Ngọc Sương",493.0,12.0,20.0,Không xác định,Không xác định,3.0,2.0,Đã có sổ,Không xác định,1.59,24,Long An,Tân An,Bán đất tại đường Đặng Ngọc Sương,0.0,>90 m²,<4 tỷ,10.536,106.4099
"Bắc Giang, Yên Dũng, Bán đất tại đường Tỉnh lộ 284",100.0,5.0,8.0,Đông - Nam,Không xác định,3.0,2.0,Đã có sổ,Không xác định,3.2,24,Bắc Giang,Yên Dũng,Bán đất tại đường Tỉnh lộ 284,0.03,>90 m²,<4 tỷ,21.2731,106.1946
"Đắk Lắk, Krông Pắc, Bán đất tại đường Quốc Lộ 26",1100.0,41.9,4.0,Đông,Không xác định,3.0,2.0,Đã có sổ,Không xác định,3.98,24,Đắk Lắk,Krông Pắc,Bán đất tại đường Quốc Lộ 26,0.0,>90 m²,<4 tỷ,12.6667,108.05
"Đồng Nai, Nhơn Trạch, Bán đất tại đường Phạm Thái Bường",154.0,7.0,14.0,Đông - Bắc,Không xác định,3.0,2.0,Đã có sổ,Không xác định,3.59,24,Đồng Nai,Nhơn Trạch,Bán đất tại đường Phạm Thái Bường,0.02,>90 m²,<4 tỷ,10.9454,106.8248
"Hòa Bình, Lương Sơn, Bán đất tại xã Lâm Sơn",2300.0,6.0,10.0,Không xác định,Không xác định,3.0,2.0,Đã có sổ,Không xác định,27.12,24,Hòa Bình,Lương Sơn,Bán đất tại xã Lâm Sơn,0.01,>90 m²,>10 tỷ,20.8133,105.3383
"Hòa Bình, Kim Bôi, Bán đất tại xã Vĩnh Tiến",1160.0,6.0,10.0,Không xác định,Không xác định,3.0,2.0,Đã có sổ,Không xác định,2.1,24,Hòa Bình,Kim Bôi,Bán đất tại xã Vĩnh Tiến,0.0,>90 m²,<4 tỷ,20.8133,105.3383
"Bà Rịa Vũng Tàu, Xuyên Mộc, Bán đất tại đường Hòa Bình - Bình Châu",1342.0,40.0,10.0,Không xác định,Không xác định,3.0,2.0,Đã có sổ,Không xác định,4.2,24,Bà Rịa Vũng Tàu,Xuyên Mộc,Bán đất tại đường Hòa Bình - Bình Châu,0.0,>90 m²,4-6 tỷ,10.4114,107.1362
"Bà Rịa Vũng Tàu, Xuyên Mộc, Bán đất tại đường Hòa Bình - Bình Châu",2732.0,50.0,20.0,Không xác định,Không xác định,3.0,2.0,Đã có sổ,Không xác định,6.5,24,Bà Rịa Vũng Tàu,Xuyên Mộc,Bán đất tại đường Hòa Bình - Bình Châu,0.0,>90 m²,6-8 tỷ,10.4114,107.1362
"Bình Dương, Dĩ An, Bán đất tại đường Quốc lộ 1K",1600.0,4.0,4.0,Tây - Bắc,Không xác định,3.0,2.0,Đã có sổ,Không xác định,179.0,24,Bình Dương,Dĩ An,Bán đất tại đường Quốc lộ 1K,0.11,>90 m²,>10 tỷ,11.1604,106.6508
"Tiền Giang, Gò Công, Bán đất tại đường Nguyễn Trọng Dân",115.0,5.0,12.0,Bắc,Không xác định,3.0,2.0,Đã có sổ,Không xác định,2.7,24,Tiền Giang,Gò Công,Bán đất tại đường Nguyễn Trọng Dân,0.02,>90 m²,<4 tỷ,10.4493,106.3422
"Phú Thọ, Thanh Thủy, Bán đất tại xã Đồng Trung",516.6,6.0,5.0,Đông - Bắc,Không xác định,3.0,2.0,Đã có sổ,Không xác định,5.55,24,Phú Thọ,Thanh Thủy,Bán đất tại xã Đồng Trung,0.01,>90 m²,4-6 tỷ,21.3167,105.2167
"Bình Dương, Dĩ An, Bán đất tại đường Châu Thới",500.0,22.0,17.0,Tây - Bắc,Không xác định,3.0,2.0,Đã có sổ,Không xác định,31.0,24,Bình Dương,Dĩ An,Bán đất tại đường Châu Thới,0.06,>90 m²,>10 tỷ,11.1604,106.6508
"Hà Nam, Phủ Lý, Bán đất tại đường Lê Công Thanh",230.0,22.0,38.0,Tây,Không xác định,3.0,2.0,Đã có sổ,Không xác định,0.09,24,Hà Nam,Phủ Lý,Bán đất tại đường Lê Công Thanh,0.0,>90 m²,<4 tỷ,20.5453,105.9126
"Tây Ninh, Trảng Bàng, Bán đất tại xã Đôn Thuận",2465.0,6.0,10.0,Không xác định,Không xác định,3.0,2.0,Đã có sổ,Không xác định,4.0,24,Tây Ninh,Trảng Bàng,Bán đất tại xã Đôn Thuận,0.0,>90 m²,<4 tỷ,11.3601,106.1098
"Bình Thuận, Phan Thiết, Bán đất tại phường Mũi Né",50000.0,6.0,10.0,Không xác định,Không xác định,3.0,2.0,Không xác định,Không xác định,350.0,24,Bình Thuận,Phan Thiết,Bán đất tại phường Mũi Né,0.01,>90 m²,>10 tỷ,11.0904,108.0722
"Hậu Giang, Vị Thanh, Bán đất tại xã Hoả Tiến",31200.0,6.0,4.0,Nam,Không xác định,3.0,2.0,Đã có sổ,Không xác định,5.34,24,Hậu Giang,Vị Thanh,Bán đất tại xã Hoả Tiến,0.0,>90 m²,4-6 tỷ,9.7844,105.4701
"Hà Nội, Sóc Sơn, Bán đất tại xã Tân Dân",68.8,6.0,10.0,Không xác định,Không xác định,3.0,2.0,Đã có sổ,Không xác định,3.35,24,Hà Nội,Sóc Sơn,Bán đất tại xã Tân Dân,0.05,50-70 m²,<4 tỷ,21.0285,105.8542
"Đà Nẵng, Sơn Trà, Bán đất tại đường Trần Duy Chiến",66.0,4.6,10.5,Tây - Bắc,Không xác định,3.0,2.0,Đã có sổ,Không xác định,8.7,24,Đà Nẵng,Sơn Trà,Bán đất tại đường Trần Duy Chiến,0.13,50-70 m²,8-10 tỷ,16.0544,108.2022
"Hải Phòng, Lê Chân, Bán đất tại phường An Biên",303.0,13.5,15.0,Tây - Bắc,Không xác định,3.0,2.0,Đã có sổ,Không xác định,39.3,24,Hải Phòng,Lê Chân,Bán đất tại phường An Biên,0.13,>90 m²,>10 tỷ,20.8449,106.6881
"Hải Phòng, Hải An, Bán đất tại đường Nguyễn Đồn",96.27,5.15,13.0,Bắc,Không xác định,3.0,2.0,Đã có sổ,Không xác định,0.07,24,Hải Phòng,Hải An,Bán đất tại đường Nguyễn Đồn,0.0,>90 m²,<4 tỷ,20.8449,106.6881
"Tây Ninh, Dương Minh Châu, Bán đất tại đường Dương Minh Châu",350.0,8.0,6.0,Tây - Bắc,Không xác định,3.0,2.0,Không xác định,Không xác định,3.7,24,Tây Ninh,Dương Minh Châu,Bán đất tại đường Dương Minh Châu,0.01,>90 m²,<4 tỷ,11.3601,106.1098
"Hải Dương, Hải Dương, Bán đất tại phố Lê Thanh Nghị",283.0,7.5,5.0,Đông,Không xác định,3.0,2.0,Đã có sổ,Không xác định,0.03,24,Hải Dương,Hải Dương,Bán đất tại phố Lê Thanh Nghị,0.0,>90 m²,<4 tỷ,20.9374,106.3146
"Long An, Đức Hòa, Bán đất tại đường Số 10",91.52,6.5,12.0,Đông,Không xác định,3.0,2.0,Đã có sổ,Không xác định,3.5,24,Long An,Đức Hòa,Bán đất tại đường Số 10,0.04,>90 m²,<4 tỷ,10.536,106.4099
"Cần Thơ, Ninh Kiều, Bán đất tại đường Trần Văn Khéo",115.0,5.0,10.0,Đông - Nam,Không xác định,3.0,2.0,Đã có sổ,Không xác định,4.9,24,Cần Thơ,Ninh Kiều,Bán đất tại đường Trần Văn Khéo,0.04,>90 m²,4-6 tỷ,10.0452,105.7469
"Hà Nội, Quốc Oai, Bán đất tại đường Hoà Thạch",103.7,5.0,6.0,Đông - Nam,Không xác định,3.0,2.0,Đã có sổ,Không xác định,2.5,23,Hà Nội,Quốc Oai,Bán đất tại đường Hoà Thạch,0.02,>90 m²,<4 tỷ,21.0285,105.8542
"Đồng Nai, Nhơn Trạch, Bán đất tại đường Nguyễn Hữu Cảnh",221.6,6.0,30.0,Đông - Bắc,Không xác định,3.0,2.0,Đã có sổ,Không xác định,3.3,24,Đồng Nai,Nhơn Trạch,Bán đất tại đường Nguyễn Hữu Cảnh,0.01,>90 m²,<4 tỷ,10.9454,106.8248
"Lâm Đồng, Bảo Lộc, Bán đất tại đường Lý Thái Tổ",500.0,30.0,6.0,Đông - Nam,Không xác định,3.0,2.0,Đã có sổ,Không xác định,1.3,24,Lâm Đồng,Bảo Lộc,Bán đất tại đường Lý Thái Tổ,0.0,>90 m²,<4 tỷ,11.9404,108.4583
"Hồ Chí Minh, Thủ Đức, Bán đất tại đường Số 49",100.0,5.0,20.0,Đông,Không xác định,3.0,2.0,Đã có sổ,Không xác định,14.0,24,Hồ Chí Minh,Thủ Đức,Bán đất tại đường Số 49,0.14,>90 m²,>10 tỷ,10.7769,106.7009
"Bình Định, An Nhơn, Bán đất tại đường Nguyễn Đình Chiểu",137.6,6.0,10.0,Không xác định,Không xác định,3.0,2.0,Không xác định,Không xác định,2.49,24,Bình Định,An Nhơn,Bán đất tại đường Nguyễn Đình Chiểu,0.02,>90 m²,<4 tỷ,13.782,109.2194
"Hà Nội, Sóc Sơn, Bán đất tại phố Thanh Trì",74.0,4.2,3.5,Đông - Nam,Không xác định,3.0,2.0,Đã có sổ,Không xác định,1.3,24,Hà Nội,Sóc Sơn,Bán đất tại phố Thanh Trì,0.02,70-90 m²,<4 tỷ,21.0285,105.8542
"Bình Định, Phù Cát, Bán đất tại đường Tỉnh lộ 639",150.0,6.0,7.5,Tây,Không xác định,3.0,2.0,Đã có sổ,Không xác định,0.77,24,Bình Định,Phù Cát,Bán đất tại đường Tỉnh lộ 639,0.01,>90 m²,<4 tỷ,13.782,109.2194
"Hà Nội, Gia Lâm, Bán đất tại đường Ỷ Lan",80.0,5.0,3.5,Tây,Không xác định,3.0,2.0,Đã có sổ,Không xác định,6.8,24,Hà Nội,Gia Lâm,Bán đất tại đường Ỷ Lan,0.08,70-90 m²,6-8 tỷ,21.0285,105.8542
"Bắc Ninh, Từ Sơn, Bán đất tại phường Phù Chẩn",150.0,6.0,10.0,Không xác định,Không xác định,3.0,2.0,Hợp đồng mua bán,Không xác định,12.41,19,Bắc Ninh,Từ Sơn,Bán đất tại phường Phù Chẩn,0.08,>90 m²,>10 tỷ,21.1861,106.0763
"Đà Nẵng, Sơn Trà, Bán đất tại đường An Nhơn 12",141.0,7.0,7.5,Tây - Bắc,Không xác định,3.0,2.0,Đã có sổ,Không xác định,22.0,24,Đà Nẵng,Sơn Trà,Bán đất tại đường An Nhơn 12,0.16,>90 m²,>10 tỷ,16.0544,108.2022
"Đà Nẵng, Cẩm Lệ, Bán đất tại đường Lê Đại Hành",1570.0,22.0,24.0,Không xác định,Không xác định,3.0,2.0,Đã có sổ,Không xác định,95.0,24,Đà Nẵng,Cẩm Lệ,Bán đất tại đường Lê Đại Hành,0.06,>90 m²,>10 tỷ,16.0544,108.2022
"Hải Phòng, An Dương, Bán đất tại đường Cách Hạ",40.0,8.0,3.0,Đông,Không xác định,3.0,2.0,Đã có sổ,Không xác định,1.19,24,Hải Phòng,An Dương,Bán đất tại đường Cách Hạ,0.03,30-50 m²,<4 tỷ,20.8449,106.6881
"Bình Dương, Dầu Tiếng, Bán đất tại xã Định An",274.0,5.0,12.0,Không xác định,Không xác định,3.0,2.0,Đã có sổ,Không xác định,0.39,24,Bình Dương,Dầu Tiếng,Bán đất tại xã Định An,0.0,>90 m²,<4 tỷ,11.1604,106.6508
"Bình Dương, Dầu Tiếng, Bán đất tại xã Định An",1786.2,30.0,12.0,Không xác định,Không xác định,3.0,2.0,Đã có sổ,Không xác định,2.79,24,Bình Dương,Dầu Tiếng,Bán đất tại xã Định An,0.0,>90 m²,<4 tỷ,11.1604,106.6508
"Bình Dương, Dĩ An, Bán đất tại đường Quốc lộ 1K",900.0,3.0,4.0,Đông,Không xác định,3.0,2.0,Đã có sổ,Không xác định,92.0,24,Bình Dương,Dĩ An,Bán đất tại đường Quốc lộ 1K,0.1,>90 m²,>10 tỷ,11.1604,106.6508
"Hải Phòng, Lê Chân, Bán đất tại đường Trại Lẻ",116.0,4.5,15.0,Tây - Bắc,Không xác định,3.0,2.0,Đã có sổ,Không xác định,0.08,24,Hải Phòng,Lê Chân,Bán đất tại đường Trại Lẻ,0.0,>90 m²,<4 tỷ,20.8449,106.6881
"Hải Phòng, Lê Chân, Bán đất tại phố Đào Nhuận",90.0,4.5,13.5,Tây - Nam,Không xác định,3.0,2.0,Đã có sổ,Không xác định,8.95,24,Hải Phòng,Lê Chân,Bán đất tại phố Đào Nhuận,0.1,70-90 m²,8-10 tỷ,20.8449,106.6881
"Hải Phòng, Lê Chân, Bán đất tại đường Võ Nguyên Giáp",91.0,5.0,15.0,Đông - Nam,Không xác định,3.0,2.0,Đã có sổ,Không xác định,13.5,24,Hải Phòng,Lê Chân,Bán đất tại đường Võ Nguyên Giáp,0.15,>90 m²,>10 tỷ,20.8449,106.6881
"Hải Phòng, Lê Chân, Bán đất tại phường Vĩnh Niệm",157.0,10.3,12.0,Đông - Nam,Không xác định,3.0,2.0,Đã có sổ,Không xác định,10.25,24,Hải Phòng,Lê Chân,Bán đất tại phường Vĩnh Niệm,0.07,>90 m²,>10 tỷ,20.8449,106.6881
"Hải Phòng, Lê Chân, Bán đất tại phường Vĩnh Niệm",84.0,4.2,15.0,Tây - Bắc,Không xác định,3.0,2.0,Đã có sổ,Không xác định,0.07,24,Hải Phòng,Lê Chân,Bán đất tại phường Vĩnh Niệm,0.0,70-90 m²,<4 tỷ,20.8449,106.6881
"Hải Phòng, Lê Chân, Bán đất tại đường Trại Lẻ",81.0,4.5,20.0,Đông - Bắc,Không xác định,3.0,2.0,Đã có sổ,Không xác định,9.9,24,Hải Phòng,Lê Chân,Bán đất tại đường Trại Lẻ,0.12,70-90 m²,8-10 tỷ,20.8449,106.6881
"Hải Phòng, Lê Chân, Bán đất tại đường An Kim Hải",159.1,11.0,25.0,Nam,Không xác định,3.0,2.0,Đã có sổ,Không xác định,29.43,24,Hải Phòng,Lê Chân,Bán đất tại đường An Kim Hải,0.18,>90 m²,>10 tỷ,20.8449,106.6881
"Hồ Chí Minh, Nhà Bè, Bán đất tại xã Nhơn Đức",2300.0,6.0,10.0,Không xác định,Không xác định,3.0,2.0,Đã có sổ,Không xác định,8.1,24,Hồ Chí Minh,Nhà Bè,Bán đất tại xã Nhơn Đức,0.0,>90 m²,8-10 tỷ,10.7769,106.7009
"Quảng Ninh, Vân Đồn, Bán đất tại xã Hạ Long",108.0,6.0,7.5,Đông - Nam,Không xác định,3.0,2.0,Đã có sổ,Không xác định,0.03,24,Quảng Ninh,Vân Đồn,Bán đất tại xã Hạ Long,0.0,>90 m²,<4 tỷ,21.0069,107.2925
"Hồ Chí Minh, Quận 9, Bán đất tại đường Trường Lưu",85.2,10.0,10.0,Đông,Không xác định,3.0,2.0,Đã có sổ,Không xác định,5.29,24,Hồ Chí Minh,Quận 9,Bán đất tại đường Trường Lưu,0.06,70-90 m²,4-6 tỷ,10.7769,106.7009
"Đồng Nai, Vĩnh Cửu, Bán đất tại đường ĐT 761",2238.0,22.0,10.0,Không xác định,Không xác định,3.0,2.0,Đã có sổ,Không xác định,8.0,24,Đồng Nai,Vĩnh Cửu,Bán đất tại đường ĐT 761,0.0,>90 m²,6-8 tỷ,10.9454,106.8248
"Lâm Đồng, Lạc Dương, Bán đất tại đường 14/3",2000.0,30.0,6.0,Tây - Nam,Không xác định,3.0,2.0,Đã có sổ,Không xác định,14.0,24,Lâm Đồng,Lạc Dương,Bán đất tại đường 14/3,0.01,>90 m²,>10 tỷ,11.9404,108.4583
"Bắc Ninh, Từ Sơn, Bán đất tại phường Phù Chẩn",170.0,6.0,10.0,Không xác định,Không xác định,3.0,2.0,Hợp đồng mua bán,Không xác định,14.06,19,Bắc Ninh,Từ Sơn,Bán đất tại phường Phù Chẩn,0.08,>90 m²,>10 tỷ,21.1861,106.0763
"Hồ Chí Minh, Quận 9, Bán đất tại đường Số 8",240.0,8.0,10.0,Đông - Nam,Không xác định,3.0,2.0,Đã có sổ,Không xác định,18.5,24,Hồ Chí Minh,Quận 9,Bán đất tại đường Số 8,0.08,>90 m²,>10 tỷ,10.7769,106.7009
"Hòa Bình, Yên Thủy, Bán đất tại xã Lạc Thịnh",855.0,17.0,10.0,Không xác định,Không xác định,3.0,2.0,Đã có sổ,Không xác định,0.01,24,Hòa Bình,Yên Thủy,Bán đất tại xã Lạc Thịnh,0.0,>90 m²,<4 tỷ,20.8133,105.3383
"Long An, Cần Đước, Bán đất tại xã Mỹ Lệ",170.0,6.0,7.0,Tây,Không xác định,3.0,2.0,Đã có sổ,Không xác định,1.28,1,Long An,Cần Đước,Bán đất tại xã Mỹ Lệ,0.01,>90 m²,<4 tỷ,10.536,106.4099
"Bình Phước, Đồng Phú, Bán đất tại đường ĐT 741",200.0,6.0,42.0,Không xác định,Không xác định,3.0,2.0,Đã có sổ,Không xác định,0.78,24,Bình Phước,Đồng Phú,Bán đất tại đường ĐT 741,0.0,>90 m²,<4 tỷ,11.75,106.9167
"Thái Bình, Thái Bình, Bán đất tại đường Long Hưng",62.4,4.0,20.0,Đông - Nam,Không xác định,3.0,2.0,Đã có sổ,Không xác định,3.1,24,Thái Bình,Thái Bình,Bán đất tại đường Long Hưng,0.05,50-70 m²,<4 tỷ,20.4464,106.3364
"Hải Phòng, Ngô Quyền, Bán đất tại đường Nguyễn Trãi",62.79,4.55,9.0,Đông - Bắc,Không xác định,3.0,2.0,Đã có sổ,Không xác định,6.1,24,Hải Phòng,Ngô Quyền,Bán đất tại đường Nguyễn Trãi,0.1,50-70 m²,6-8 tỷ,20.8449,106.6881
"Hồ Chí Minh, Quận 12, Bán đất tại đường Huỳnh Thị Hai",68.0,4.0,6.0,Không xác định,Không xác định,3.0,2.0,Đã có sổ,Không xác định,4.9,25,Hồ Chí Minh,Quận 12,Bán đất tại đường Huỳnh Thị Hai,0.07,50-70 m²,4-6 tỷ,10.7769,106.7009
"Long An, Đức Hòa, Bán đất tại thị trấn Đức Hòa",300.0,6.0,10.0,Không xác định,Không xác định,3.0,2.0,Đã có sổ,Không xác định,3.6,22,Long An,Đức Hòa,Bán đất tại thị trấn Đức Hòa,0.01,>90 m²,<4 tỷ,10.536,106.4099
"Tây Ninh, Dương Minh Châu, Bán đất tại đường Kênh Đông",1138.4,30.0,20.0,Không xác định,Không xác định,3.0,2.0,Đã có sổ,Không xác định,0.65,25,Tây Ninh,Dương Minh Châu,Bán đất tại đường Kênh Đông,0.0,>90 m²,<4 tỷ,11.3601,106.1098
"Bà Rịa Vũng Tàu, Long Đất, Bán đất tại xã Long Tân",377.0,30.0,6.0,Đông - Nam,Không xác định,3.0,2.0,Đã có sổ,Không xác định,3.9,25,Bà Rịa Vũng Tàu,Long Đất,Bán đất tại xã Long Tân,0.01,>90 m²,<4 tỷ,10.4114,107.1362
"Bình Phước, Đồng Phú, Bán đất tại xã Tân Tiến",9200.0,20.0,32.0,Không xác định,Không xác định,3.0,2.0,Đã có sổ,Không xác định,3.5,25,Bình Phước,Đồng Phú,Bán đất tại xã Tân Tiến,0.0,>90 m²,<4 tỷ,11.75,106.9167
"Long An, Bến Lức, Bán đất tại xã Phước Lợi",475.0,25.0,8.0,Đông - Nam,Không xác định,3.0,2.0,Đã có sổ,Không xác định,16.0,25,Long An,Bến Lức,Bán đất tại xã Phước Lợi,0.03,>90 m²,>10 tỷ,10.536,106.4099
"Hà Nội, Thanh Oai, Bán đất tại xã Cao Xuân Dương",105.0,5.1,10.0,Không xác định,Không xác định,3.0,2.0,Đã có sổ,Không xác định,7.89,25,Hà Nội,Thanh Oai,Bán đất tại xã Cao Xuân Dương,0.08,>90 m²,6-8 tỷ,21.0285,105.8542
"Hà Nội, Thanh Trì, Bán đất tại đường Triều Khúc",63.0,4.5,7.0,Không xác định,Không xác định,3.0,2.0,Đã có sổ,Không xác định,9.0,25,Hà Nội,Thanh Trì,Bán đất tại đường Triều Khúc,0.14,50-70 m²,8-10 tỷ,21.0285,105.8542
"Kiên Giang, Rạch Giá, Bán đất tại đường La Sơn Phu Tử",95.0,5.0,9.0,Tây - Bắc,Không xác định,3.0,2.0,Đã có sổ,Không xác định,1.37,25,Kiên Giang,Rạch Giá,Bán đất tại đường La Sơn Phu Tử,0.01,>90 m²,<4 tỷ,10.0125,105.0809
"Long An, Cần Giuộc, Bán đất tại đường 835B",819.0,18.0,20.0,Nam,Không xác định,3.0,2.0,Đã có sổ,Không xác định,17.5,25,Long An,Cần Giuộc,Bán đất tại đường 835B,0.02,>90 m²,>10 tỷ,10.536,106.4099
"Lâm Đồng, Đà Lạt, Bán đất tại đường Hồ Tùng Mậu",600.0,20.0,5.0,Không xác định,Không xác định,3.0,2.0,Đã có sổ,Không xác định,60.0,13,Lâm Đồng,Đà Lạt,Bán đất tại đường Hồ Tùng Mậu,0.1,>90 m²,>10 tỷ,11.9404,108.4583
"Hồ Chí Minh, Hóc Môn, Bán đất tại đường Bùi Văn Ngữ",93.0,4.0,7.0,Đông - Nam,Không xác định,3.0,2.0,Đã có sổ,Không xác định,4.5,25,Hồ Chí Minh,Hóc Môn,Bán đất tại đường Bùi Văn Ngữ,0.05,>90 m²,4-6 tỷ,10.7769,106.7009
"Khánh Hòa, Cam Lâm, Bán đất tại đường Nguyễn Tất Thành",4300.0,70.0,100.0,Đông,Không xác định,3.0,2.0,Đã có sổ,Không xác định,26.71,24,Khánh Hòa,Cam Lâm,Bán đất tại đường Nguyễn Tất Thành,0.01,>90 m²,>10 tỷ,12.2388,109.1967
"Hải Phòng, Lê Chân, Bán đất tại phố Đào Nhuận",90.0,4.5,14.0,Đông - Bắc,Không xác định,3.0,2.0,Đã có sổ,Không xác định,9.2,24,Hải Phòng,Lê Chân,Bán đất tại phố Đào Nhuận,0.1,70-90 m²,8-10 tỷ,20.8449,106.6881
"Hải Phòng, Ngô Quyền, Bán đất tại đường Lê Quang Đạo",100.0,5.0,25.0,Tây - Nam,Không xác định,3.0,2.0,Đã có sổ,Không xác định,13.2,24,Hải Phòng,Ngô Quyền,Bán đất tại đường Lê Quang Đạo,0.13,>90 m²,>10 tỷ,20.8449,106.6881
"Hải Phòng, Ngô Quyền, Bán đất tại đường Lê Lai",48.0,4.0,15.0,Đông - Bắc,Không xác định,3.0,2.0,Đã có sổ,Không xác định,6.15,24,Hải Phòng,Ngô Quyền,Bán đất tại đường Lê Lai,0.13,30-50 m²,6-8 tỷ,20.8449,106.6881
"Hải Phòng, Lê Chân, Bán đất tại phố Trực Cát",112.0,5.0,15.0,Đông - Nam,Không xác định,3.0,2.0,Đã có sổ,Không xác định,9.45,24,Hải Phòng,Lê Chân,Bán đất tại phố Trực Cát,0.08,>90 m²,8-10 tỷ,20.8449,106.6881
"Hải Phòng, Lê Chân, Bán đất tại đường Trại Lẻ",81.0,4.5,15.0,Đông - Bắc,Không xác định,3.0,2.0,Không xác định,Không xác định,10.3,24,Hải Phòng,Lê Chân,Bán đất tại đường Trại Lẻ,0.13,70-90 m²,>10 tỷ,20.8449,106.6881
"Hải Phòng, Ngô Quyền, Bán đất tại đường Lê Lai",48.0,4.0,13.0,Đông - Bắc,Không xác định,3.0,2.0,Đã có sổ,Không xác định,5.2,24,Hải Phòng,Ngô Quyền,Bán đất tại đường Lê Lai,0.11,30-50 m²,4-6 tỷ,20.8449,106.6881
"Hải Phòng, Lê Chân, Bán đất tại phố Trần Nguyên Hãn",78.0,4.8,15.0,Đông - Nam,Không xác định,3.0,2.0,Đã có sổ,Không xác định,10.3,24,Hải Phòng,Lê Chân,Bán đất tại phố Trần Nguyên Hãn,0.13,70-90 m²,>10 tỷ,20.8449,106.6881
"Hồ Chí Minh, Quận 9, Bán đất tại đường Nguyễn Duy Trinh",93.5,8.0,8.0,Đông - Bắc,Không xác định,3.0,2.0,Đã có sổ,Không xác định,6.29,25,Hồ Chí Minh,Quận 9,Bán đất tại đường Nguyễn Duy Trinh,0.07,>90 m²,6-8 tỷ,10.7769,106.7009
"Quảng Ninh, Hạ Long, Bán đất tại xã Lê Lợi",160.2,8.5,10.0,Không xác định,Không xác định,3.0,2.0,Không xác định,Không xác định,1.89,25,Quảng Ninh,Hạ Long,Bán đất tại xã Lê Lợi,0.01,>90 m²,<4 tỷ,21.0069,107.2925
"Hải Phòng, Dương Kinh, Bán đất tại đường Anh Dũng 7",290.0,14.5,15.0,Tây - Nam,Không xác định,3.0,2.0,Hợp đồng mua bán,Không xác định,8.41,25,Hải Phòng,Dương Kinh,Bán đất tại đường Anh Dũng 7,0.03,>90 m²,8-10 tỷ,20.8449,106.6881
"Hồ Chí Minh, Quận 9, Bán đất tại đường Số 822",338.0,6.0,4.0,Không xác định,Không xác định,3.0,2.0,Đã có sổ,Không xác định,12.0,25,Hồ Chí Minh,Quận 9,Bán đất tại đường Số 822,0.04,>90 m²,>10 tỷ,10.7769,106.7009
"Phú Thọ, Việt Trì, Bán đất tại xã Thanh Đình",328.0,8.0,8.0,Không xác định,Không xác định,3.0,2.0,Đã có sổ,Không xác định,2.65,25,Phú Thọ,Việt Trì,Bán đất tại xã Thanh Đình,0.01,>90 m²,<4 tỷ,21.3167,105.2167
"Thái Nguyên, Phú Bình, Bán đất tại xã Tân Thành",197.0,7.0,6.0,Không xác định,Không xác định,3.0,2.0,Đã có sổ,Không xác định,0.75,25,Thái Nguyên,Phú Bình,Bán đất tại xã Tân Thành,0.0,>90 m²,<4 tỷ,21.5928,105.8442
"Thanh Hóa, Nông Cống, Bán đất tại xã Tượng Sơn",240.0,6.0,10.0,Không xác định,Không xác định,3.0,2.0,Không xác định,Không xác định,0.96,25,Thanh Hóa,Nông Cống,Bán đất tại xã Tượng Sơn,0.0,>90 m²,<4 tỷ,19.8067,105.7852
"Lâm Đồng, Bảo Lâm, Bán đất tại xã Lộc Quảng",1000.0,10.0,10.0,Không xác định,Không xác định,3.0,2.0,Đã có sổ,Không xác định,4.5,25,Lâm Đồng,Bảo Lâm,Bán đất tại xã Lộc Quảng,0.0,>90 m²,4-6 tỷ,11.9404,108.4583
"Đồng Nai, Nhơn Trạch, Bán đất tại đường Nguyễn Thị Chơn",1200.0,6.0,10.0,Không xác định,Không xác định,3.0,2.0,Đã có sổ,Không xác định,2.0,25,Đồng Nai,Nhơn Trạch,Bán đất tại đường Nguyễn Thị Chơn,0.0,>90 m²,<4 tỷ,10.9454,106.8248
"Nam Định, Giao Thủy, Bán đất tại thị trấn Quất Lâm",60.0,5.0,10.0,Không xác định,Không xác định,3.0,2.0,Đã có sổ,Không xác định,0.68,25,Nam Định,Giao Thủy,Bán đất tại thị trấn Quất Lâm,0.01,50-70 m²,<4 tỷ,20.42,106.1683
"Hồ Chí Minh, Quận 9, Bán đất tại đường Số 6",186.5,12.1,4.0,Không xác định,Không xác định,3.0,2.0,Không xác định,Không xác định,7.6,25,Hồ Chí Minh,Quận 9,Bán đất tại đường Số 6,0.04,>90 m²,6-8 tỷ,10.7769,106.7009
"Hồ Chí Minh, Quận 9, Bán đất tại đường Số 12",68.8,6.0,8.0,Không xác định,Không xác định,3.0,2.0,Đã có sổ,Không xác định,4.3,25,Hồ Chí Minh,Quận 9,Bán đất tại đường Số 12,0.06,50-70 m²,4-6 tỷ,10.7769,106.7009
"Bình Phước, Phú Riềng, Bán đất tại đường ĐT 757",150.0,5.0,6.0,Không xác định,Không xác định,3.0,2.0,Đã có sổ,Không xác định,0.34,25,Bình Phước,Phú Riềng,Bán đất tại đường ĐT 757,0.0,>90 m²,<4 tỷ,11.75,106.9167
"Tây Ninh, Dương Minh Châu, Bán đất tại xã Bàu Năng",194.7,6.0,4.2,Đông - Bắc,Không xác định,3.0,2.0,Đã có sổ,Không xác định,0.75,25,Tây Ninh,Dương Minh Châu,Bán đất tại xã Bàu Năng,0.0,>90 m²,<4 tỷ,11.3601,106.1098
"Hà Nội, Hoài Đức, Bán đất tại xã Đắc Sở",105.9,6.0,10.0,Không xác định,Không xác định,3.0,2.0,Không xác định,Không xác định,11.92,25,Hà Nội,Hoài Đức,Bán đất tại xã Đắc Sở,0.11,>90 m²,>10 tỷ,21.0285,105.8542
"Hải Dương, Kim Thành, Bán đất tại đường Quốc Lộ 5",68.0,5.8,4.0,Tây - Bắc,Không xác định,3.0,2.0,Đã có sổ,Không xác định,0.83,25,Hải Dương,Kim Thành,Bán đất tại đường Quốc Lộ 5,0.01,50-70 m²,<4 tỷ,20.9374,106.3146
"Hà Nội, Quốc Oai, Bán đất tại xã Phú Mãn",570.0,10.0,10.0,Không xác định,Không xác định,3.0,2.0,Đã có sổ,Không xác định,12.53,25,Hà Nội,Quốc Oai,Bán đất tại xã Phú Mãn,0.02,>90 m²,>10 tỷ,21.0285,105.8542
"Đà Nẵng, Sơn Trà, Bán đất tại đường Nguyễn Trực",250.0,10.0,10.0,Không xác định,Không xác định,3.0,2.0,Đã có sổ,Không xác định,33.41,25,Đà Nẵng,Sơn Trà,Bán đất tại đường Nguyễn Trực,0.13,>90 m²,>10 tỷ,16.0544,108.2022
"Đà Nẵng, Sơn Trà, Bán đất tại đường Thành Vinh",270.0,16.0,10.0,Không xác định,Không xác định,3.0,2.0,Đã có sổ,Không xác định,34.0,25,Đà Nẵng,Sơn Trà,Bán đất tại đường Thành Vinh,0.13,>90 m²,>10 tỷ,16.0544,108.2022
"Đà Nẵng, Sơn Trà, Bán đất tại đường Nguyễn Thị Hồng",67.5,4.5,5.0,Đông - Nam,Không xác định,3.0,2.0,Đã có sổ,Không xác định,7.8,25,Đà Nẵng,Sơn Trà,Bán đất tại đường Nguyễn Thị Hồng,0.12,50-70 m²,6-8 tỷ,16.0544,108.2022
"Bình Định, Phù Cát, Bán đất tại đường ĐT 639",168.0,7.0,20.0,Không xác định,Không xác định,3.0,2.0,Đã có sổ,Không xác định,1.7,25,Bình Định,Phù Cát,Bán đất tại đường ĐT 639,0.01,>90 m²,<4 tỷ,13.782,109.2194
"Hồ Chí Minh, Nhà Bè, Bán đất tại đường Nguyễn Bình",6182.0,6.0,10.0,Không xác định,Không xác định,3.0,2.0,Đã có sổ,Không xác định,18.5,25,Hồ Chí Minh,Nhà Bè,Bán đất tại đường Nguyễn Bình,0.0,>90 m²,>10 tỷ,10.7769,106.7009
"Bình Dương, Thuận An, Bán đất tại phường An Thạnh",134.0,6.0,10.0,Không xác định,Không xác định,3.0,2.0,Đã có sổ,Không xác định,3.5,25,Bình Dương,Thuận An,Bán đất tại phường An Thạnh,0.03,>90 m²,<4 tỷ,11.1604,106.6508
"Tây Ninh, Gò Dầu, Bán đất tại đường Nông Trường",1500.0,15.0,30.0,Đông - Bắc,Không xác định,3.0,2.0,Đã có sổ,Không xác định,3.8,25,Tây Ninh,Gò Dầu,Bán đất tại đường Nông Trường,0.0,>90 m²,<4 tỷ,11.3601,106.1098
"Hồ Chí Minh, Củ Chi, Bán đất tại phố Bàu Lách",2374.0,25.0,100.0,Tây,Không xác định,3.0,2.0,Đã có sổ,Không xác định,55.0,25,Hồ Chí Minh,Củ Chi,Bán đất tại phố Bàu Lách,0.02,>90 m²,>10 tỷ,10.7769,106.7009
"Long An, Thủ Thừa, Bán đất tại đường Phan Văn Tình",64.0,4.0,8.0,Nam,Không xác định,3.0,2.0,Đã có sổ,Không xác định,0.85,25,Long An,Thủ Thừa,Bán đất tại đường Phan Văn Tình,0.01,50-70 m²,<4 tỷ,10.536,106.4099
"Bình Dương, Dầu Tiếng, Bán đất tại đường ĐT 704",268.3,5.0,8.0,Không xác định,Không xác định,3.0,2.0,Đã có sổ,Không xác định,2.28,25,Bình Dương,Dầu Tiếng,Bán đất tại đường ĐT 704,0.01,>90 m²,<4 tỷ,11.1604,106.6508
"Bình Dương, Dầu Tiếng, Bán đất tại đường ĐT 704",234.3,5.5,8.0,Không xác định,Không xác định,3.0,2.0,Đã có sổ,Không xác định,2.0,25,Bình Dương,Dầu Tiếng,Bán đất tại đường ĐT 704,0.01,>90 m²,<4 tỷ,11.1604,106.6508
"Bình Dương, Dầu Tiếng, Bán đất tại đường ĐT 704",184.0,7.0,10.0,Không xác định,Không xác định,3.0,2.0,Đã có sổ,Không xác định,1.56,25,Bình Dương,Dầu Tiếng,Bán đất tại đường ĐT 704,0.01,>90 m²,<4 tỷ,11.1604,106.6508
"Đà Nẵng, Liên Chiểu, Bán đất tại đường Đào Nghiễm",100.0,5.0,7.5,Nam,Không xác định,3.0,2.0,Đã có sổ,Không xác định,4.55,25,Đà Nẵng,Liên Chiểu,Bán đất tại đường Đào Nghiễm,0.05,>90 m²,4-6 tỷ,16.0544,108.2022
"Hồ Chí Minh, Củ Chi, Bán đất tại phố Bàu Lách",2177.0,6.0,10.0,Tây,Không xác định,3.0,2.0,Đã có sổ,Không xác định,55.0,25,Hồ Chí Minh,Củ Chi,Bán đất tại phố Bàu Lách,0.03,>90 m²,>10 tỷ,10.7769,106.7009
"Hà Nội, Sóc Sơn, Bán đất tại đường Võ Nguyên Giáp",100.0,5.0,5.0,Đông - Bắc,Không xác định,3.0,2.0,Đã có sổ,Không xác định,2.65,25,Hà Nội,Sóc Sơn,Bán đất tại đường Võ Nguyên Giáp,0.03,>90 m²,<4 tỷ,21.0285,105.8542
"Đồng Nai, Long Thành, Bán đất tại xã Bàu Cạn",600.0,12.0,8.0,Không xác định,Không xác định,3.0,2.0,Đã có sổ,Không xác định,6.0,25,Đồng Nai,Long Thành,Bán đất tại xã Bàu Cạn,0.01,>90 m²,4-6 tỷ,10.9454,106.8248
"Ninh Thuận, Thuận Nam, Bán đất tại đường Văn Lâm",14670.0,110.0,40.0,Bắc,Không xác định,3.0,2.0,Đã có sổ,Không xác định,28.0,25,Ninh Thuận,Thuận Nam,Bán đất tại đường Văn Lâm,0.0,>90 m²,>10 tỷ,11.5653,108.9882
"Khánh Hòa, Ninh Hòa, Bán đất tại đường 1",1000.0,30.0,4.0,Đông - Nam,Không xác định,3.0,2.0,Đã có sổ,Không xác định,7.2,25,Khánh Hòa,Ninh Hòa,Bán đất tại đường 1,0.01,>90 m²,6-8 tỷ,12.2388,109.1967
"Hồ Chí Minh, Củ Chi, Bán đất tại đường Bùi Thị Lành",165.0,5.0,5.0,Đông - Bắc,Không xác định,3.0,2.0,Đã có sổ,Không xác định,1.8,25,Hồ Chí Minh,Củ Chi,Bán đất tại đường Bùi Thị Lành,0.01,>90 m²,<4 tỷ,10.7769,106.7009
"Hồ Chí Minh, Thủ Đức, Bán đất tại đường Số 138",281.1,6.0,10.0,Không xác định,Không xác định,3.0,2.0,Không xác định,Không xác định,25.0,25,Hồ Chí Minh,Thủ Đức,Bán đất tại đường Số 138,0.09,>90 m²,>10 tỷ,10.7769,106.7009
"Long An, Cần Giuộc, Bán đất tại đường Đinh Đức Thiện",90.0,5.0,8.0,Không xác định,Không xác định,3.0,2.0,Đã có sổ,Không xác định,1.5,23,Long An,Cần Giuộc,Bán đất tại đường Đinh Đức Thiện,0.02,70-90 m²,<4 tỷ,10.536,106.4099
"Bà Rịa Vũng Tàu, Long Đất, Bán đất tại đường Nguyễn Văn Quyết",714.0,4.1,4.5,Đông - Nam,Không xác định,3.0,2.0,Đã có sổ,Không xác định,5.5,25,Bà Rịa Vũng Tàu,Long Đất,Bán đất tại đường Nguyễn Văn Quyết,0.01,>90 m²,4-6 tỷ,10.4114,107.1362
"Nam Định, Giao Thủy, Bán đất tại thị trấn Quất Lâm",100.0,5.0,6.0,Đông - Nam,Không xác định,3.0,2.0,Đã có sổ,Không xác định,1.02,25,Nam Định,Giao Thủy,Bán đất tại thị trấn Quất Lâm,0.01,>90 m²,<4 tỷ,20.42,106.1683
"Bình Dương, Thuận An, Bán đất tại phường Lái Thiêu",105.0,5.0,4.0,Đông - Bắc,Không xác định,3.0,2.0,Không xác định,Không xác định,3.38,25,Bình Dương,Thuận An,Bán đất tại phường Lái Thiêu,0.03,>90 m²,<4 tỷ,11.1604,106.6508
"Vĩnh Phúc, Vĩnh Yên, Bán đất tại đường Trần Phú",107.0,6.0,10.0,Không xác định,Không xác định,3.0,2.0,Đã có sổ,Không xác định,6.02,25,Vĩnh Phúc,Vĩnh Yên,Bán đất tại đường Trần Phú,0.06,>90 m²,6-8 tỷ,21.3083,105.6042
"Bình Thuận, Tuy Phong, Bán đất tại đường Quốc lộ 1A",86.0,5.46,27.0,Không xác định,Không xác định,3.0,2.0,Đã có sổ,Không xác định,1.05,25,Bình Thuận,Tuy Phong,Bán đất tại đường Quốc lộ 1A,0.01,70-90 m²,<4 tỷ,11.0904,108.0722
"Đồng Nai, Long Khánh, Bán đất tại xã Hàng Gòn",521.0,6.0,10.0,Không xác định,Không xác định,3.0,2.0,Không xác định,Không xác định,0.98,25,Đồng Nai,Long Khánh,Bán đất tại xã Hàng Gòn,0.0,>90 m²,<4 tỷ,10.9454,106.8248
"Lâm Đồng, Bảo Lâm, Bán đất tại đường Quốc Lộ 20",135.0,6.0,10.0,Không xác định,Không xác định,3.0,2.0,Đã có sổ,Không xác định,1.95,25,Lâm Đồng,Bảo Lâm,Bán đất tại đường Quốc Lộ 20,0.01,>90 m²,<4 tỷ,11.9404,108.4583
"Lâm Đồng, Bảo Lâm, Bán đất tại đường Quốc Lộ 20",175.0,6.0,10.0,Không xác định,Không xác định,3.0,2.0,Đã có sổ,Không xác định,2.6,25,Lâm Đồng,Bảo Lâm,Bán đất tại đường Quốc Lộ 20,0.01,>90 m²,<4 tỷ,11.9404,108.4583
"Thái Nguyên, Đại Từ, Bán đất tại đường 261",108.0,6.0,10.0,Đông - Nam,Không xác định,3.0,2.0,Hợp đồng mua bán,Không xác định,0.02,25,Thái Nguyên,Đại Từ,Bán đất tại đường 261,0.0,>90 m²,<4 tỷ,21.5928,105.8442
"Vĩnh Phúc, Tam Đảo, Bán đất tại thị trấn Tam Đảo",425.0,15.0,10.0,Không xác định,Không xác định,3.0,2.0,Đã có sổ,Không xác định,32.0,25,Vĩnh Phúc,Tam Đảo,Bán đất tại thị trấn Tam Đảo,0.08,>90 m²,>10 tỷ,21.3083,105.6042
"Đồng Nai, Biên Hòa, Bán đất tại đường Huỳnh Văn Nghệ",95.6,6.0,10.0,Không xác định,Không xác định,3.0,2.0,Đã có sổ,Không xác định,1.3,25,Đồng Nai,Biên Hòa,Bán đất tại đường Huỳnh Văn Nghệ,0.01,>90 m²,<4 tỷ,10.9454,106.8248
"Long An, Bến Lức, Bán đất tại xã Thạnh Lợi",21641.2,51.7,5.0,Đông - Nam,Không xác định,3.0,2.0,Đã có sổ,Không xác định,16.0,25,Long An,Bến Lức,Bán đất tại xã Thạnh Lợi,0.0,>90 m²,>10 tỷ,10.536,106.4099
"Khánh Hòa, Ninh Hòa, Bán đất tại đường Lê Hồng Phong",236.0,8.0,5.0,Bắc,Không xác định,3.0,2.0,Đã có sổ,Không xác định,0.02,25,Khánh Hòa,Ninh Hòa,Bán đất tại đường Lê Hồng Phong,0.0,>90 m²,<4 tỷ,12.2388,109.1967
"Hồ Chí Minh, Quận 9, Bán đất tại đường Số 6",100.0,5.0,5.0,Tây - Nam,Không xác định,3.0,2.0,Đã có sổ,Không xác định,4.55,25,Hồ Chí Minh,Quận 9,Bán đất tại đường Số 6,0.05,>90 m²,4-6 tỷ,10.7769,106.7009
"Khánh Hòa, Diên Khánh, Bán đất tại xã Diên Lâm",15000.0,6.0,4.0,Không xác định,Không xác định,3.0,2.0,Đã có sổ,Không xác định,0.6,25,Khánh Hòa,Diên Khánh,Bán đất tại xã Diên Lâm,0.0,>90 m²,<4 tỷ,12.2388,109.1967
"Quảng Ngãi, Quảng Ngãi, Bán đất tại xã Nghĩa An",205.0,10.0,15.5,Tây,Không xác định,3.0,2.0,Đã có sổ,Không xác định,2.7,25,Quảng Ngãi,Quảng Ngãi,Bán đất tại xã Nghĩa An,0.01,>90 m²,<4 tỷ,15.1205,108.7923
"Hà Nội, Đông Anh, Bán đất tại đường Vân Trì",108.0,5.6,4.0,Không xác định,Không xác định,3.0,2.0,Đã có sổ,Không xác định,8.8,25,Hà Nội,Đông Anh,Bán đất tại đường Vân Trì,0.08,>90 m²,8-10 tỷ,21.0285,105.8542
"Hà Nội, Thường Tín, Bán đất tại xã Ninh Sở",35.0,4.9,2.5,Không xác định,Không xác định,3.0,2.0,Đã có sổ,Không xác định,2.7,25,Hà Nội,Thường Tín,Bán đất tại xã Ninh Sở,0.08,30-50 m²,<4 tỷ,21.0285,105.8542
"Vĩnh Phúc, Vĩnh Yên, Bán đất tại đường Lương Thế Vinh",100.0,6.0,10.0,Không xác định,Không xác định,3.0,2.0,Đã có sổ,Không xác định,5.63,25,Vĩnh Phúc,Vĩnh Yên,Bán đất tại đường Lương Thế Vinh,0.06,>90 m²,4-6 tỷ,21.3083,105.6042
"Đồng Nai, Cẩm Mỹ, Bán đất tại xã Sông Ray",7969.9,6.0,10.0,Không xác định,Không xác định,3.0,2.0,Đã có sổ,Không xác định,6.5,19,Đồng Nai,Cẩm Mỹ,Bán đất tại xã Sông Ray,0.0,>90 m²,6-8 tỷ,10.9454,106.8248
"Đà Nẵng, Hải Châu, Bán đất tại đường Đảo Xanh 5",400.0,16.1,7.5,Tây,Không xác định,3.0,2.0,Đã có sổ,Không xác định,55.0,25,Đà Nẵng,Hải Châu,Bán đất tại đường Đảo Xanh 5,0.14,>90 m²,>10 tỷ,16.0544,108.2022
"Đồng Nai, Biên Hòa, Bán đất tại phường Tân Phong",133.0,6.0,5.0,Tây,Không xác định,3.0,2.0,Đã có sổ,Không xác định,3.0,25,Đồng Nai,Biên Hòa,Bán đất tại phường Tân Phong,0.02,>90 m²,<4 tỷ,10.9454,106.8248
"Thừa Thiên Huế, Huế, Bán đất tại xã Thủy An",122.0,5.0,10.0,Không xác định,Không xác định,3.0,2.0,Không xác định,Không xác định,1.03,25,Thừa Thiên Huế,Huế,Bán đất tại xã Thủy An,0.01,>90 m²,<4 tỷ,16.4637,107.5909
"Bình Dương, Thuận An, Bán đất tại đường N2",109.7,7.1,10.0,Nam,Không xác định,3.0,2.0,Không xác định,Không xác định,3.2,25,Bình Dương,Thuận An,Bán đất tại đường N2,0.03,>90 m²,<4 tỷ,11.1604,106.6508
"Hòa Bình, Hòa Bình, Bán đất tại đường Tôn Thất Thuyết",191.6,12.52,5.0,Tây - Bắc,Không xác định,3.0,2.0,Đã có sổ,Không xác định,1.47,25,Hòa Bình,Hòa Bình,Bán đất tại đường Tôn Thất Thuyết,0.01,>90 m²,<4 tỷ,20.8133,105.3383
"Quảng Ninh, Uông Bí, Bán đất tại phường Vàng Danh",211.2,6.0,10.0,Không xác định,Không xác định,3.0,2.0,Không xác định,Không xác định,0.45,25,Quảng Ninh,Uông Bí,Bán đất tại phường Vàng Danh,0.0,>90 m²,<4 tỷ,21.0069,107.2925
"Hòa Bình, Hòa Bình, Bán đất tại đường Trương Hán Siêu",170.6,7.11,6.0,Không xác định,Không xác định,3.0,2.0,Đã có sổ,Không xác định,2.36,25,Hòa Bình,Hòa Bình,Bán đất tại đường Trương Hán Siêu,0.01,>90 m²,<4 tỷ,20.8133,105.3383
"Hồ Chí Minh, Gò Vấp, Bán đất tại đường Nguyễn Thái Sơn",75.9,5.89,2.0,Tây - Bắc,Không xác định,3.0,2.0,Đã có sổ,Không xác định,7.2,25,Hồ Chí Minh,Gò Vấp,Bán đất tại đường Nguyễn Thái Sơn,0.09,70-90 m²,6-8 tỷ,10.7769,106.7009
"Quảng Ninh, Vân Đồn, Bán đất tại xã Đoàn Kết",110000.0,6.0,10.0,Không xác định,Không xác định,3.0,2.0,Đã có sổ,Không xác định,80.0,25,Quảng Ninh,Vân Đồn,Bán đất tại xã Đoàn Kết,0.0,>90 m²,>10 tỷ,21.0069,107.2925
"Bắc Ninh, Gia Bình, Bán đất tại xã Xuân Lai",130.0,5.0,4.5,Không xác định,Không xác định,3.0,2.0,Đã có sổ,Không xác định,4.2,25,Bắc Ninh,Gia Bình,Bán đất tại xã Xuân Lai,0.03,>90 m²,4-6 tỷ,21.1861,106.0763
"Hồ Chí Minh, Hóc Môn, Bán đất tại đường Nguyễn Văn Bứa",7700.0,70.0,34.0,Không xác định,Không xác định,3.0,2.0,Không xác định,Không xác định,40.0,25,Hồ Chí Minh,Hóc Môn,Bán đất tại đường Nguyễn Văn Bứa,0.01,>90 m²,>10 tỷ,10.7769,106.7009
"Bình Dương, Dầu Tiếng, Bán đất tại đường DH707",1239.7,10.0,12.0,Không xác định,Không xác định,3.0,2.0,Đã có sổ,Không xác định,0.85,25,Bình Dương,Dầu Tiếng,Bán đất tại đường DH707,0.0,>90 m²,<4 tỷ,11.1604,106.6508
"Khánh Hòa, Vạn Ninh, Bán đất tại xã Vạn Thạnh",100.0,5.0,7.0,Không xác định,Không xác định,3.0,2.0,Đã có sổ,Không xác định,2.7,25,Khánh Hòa,Vạn Ninh,Bán đất tại xã Vạn Thạnh,0.03,>90 m²,<4 tỷ,12.2388,109.1967
"Khánh Hòa, Ninh Hòa, Bán đất tại đường Quốc Lộ 26",1030.0,10.0,20.0,Không xác định,Không xác định,3.0,2.0,Đã có sổ,Không xác định,2.0,25,Khánh Hòa,Ninh Hòa,Bán đất tại đường Quốc Lộ 26,0.0,>90 m²,<4 tỷ,12.2388,109.1967
"Bắc Ninh, Yên Phong, Bán đất tại xã Long Châu",79.0,6.5,3.0,Không xác định,Không xác định,3.0,2.0,Đã có sổ,Không xác định,1.98,25,Bắc Ninh,Yên Phong,Bán đất tại xã Long Châu,0.03,70-90 m²,<4 tỷ,21.1861,106.0763
"Bình Dương, Thủ Dầu Một, Bán đất tại đường Nguyễn Thái Bình",239.6,10.0,3.0,Tây - Nam,Không xác định,3.0,2.0,Đã có sổ,Không xác định,3.6,25,Bình Dương,Thủ Dầu Một,Bán đất tại đường Nguyễn Thái Bình,0.02,>90 m²,<4 tỷ,11.1604,106.6508
"Quảng Nam, Hội An, Bán đất tại đường Bầu Ốc Hạ 1",1352.0,25.0,8.5,Không xác định,Không xác định,3.0,2.0,Đã có sổ,Không xác định,20.0,26,Quảng Nam,Hội An,Bán đất tại đường Bầu Ốc Hạ 1,0.01,>90 m²,>10 tỷ,15.5667,108.4833
"Hòa Bình, Lạc Sơn, Bán đất tại xã Vũ Bình",125.0,5.0,10.0,Không xác định,Không xác định,3.0,2.0,Đã có sổ,Không xác định,0.45,23,Hòa Bình,Lạc Sơn,Bán đất tại xã Vũ Bình,0.0,>90 m²,<4 tỷ,20.8133,105.3383
"Thanh Hóa, Thọ Xuân, Bán đất tại thị trấn Sao Vàng",120.0,5.5,10.0,Đông - Nam,Không xác định,3.0,2.0,Đã có sổ,Không xác định,0.48,25,Thanh Hóa,Thọ Xuân,Bán đất tại thị trấn Sao Vàng,0.0,>90 m²,<4 tỷ,19.8067,105.7852
"Hồ Chí Minh, Quận 12, Bán đất tại đường Nguyễn Văn Quá",2500.0,27.0,20.0,Không xác định,Không xác định,3.0,2.0,Đã có sổ,Không xác định,180.0,23,Hồ Chí Minh,Quận 12,Bán đất tại đường Nguyễn Văn Quá,0.07,>90 m²,>10 tỷ,10.7769,106.7009
"Thanh Hóa, Nga Sơn, Bán đất tại xã Nga Thắng",147.0,7.5,5.0,Đông - Nam,Không xác định,3.0,2.0,Đã có sổ,Không xác định,0.39,25,Thanh Hóa,Nga Sơn,Bán đất tại xã Nga Thắng,0.0,>90 m²,<4 tỷ,19.8067,105.7852
"Đà Nẵng, Hải Châu, Bán đất tại đường 30/4",240.0,9.0,33.0,Nam,Không xác định,3.0,2.0,Đã có sổ,Không xác định,37.97,25,Đà Nẵng,Hải Châu,Bán đất tại đường 30/4,0.16,>90 m²,>10 tỷ,16.0544,108.2022
"Thanh Hóa, Nga Sơn, Bán đất tại xã Nga An",94.0,5.1,5.0,Đông - Nam,Không xác định,3.0,2.0,Đã có sổ,Không xác định,0.39,25,Thanh Hóa,Nga Sơn,Bán đất tại xã Nga An,0.0,>90 m²,<4 tỷ,19.8067,105.7852
"Khánh Hòa, Ninh Hòa, Bán đất tại đường Yết Kiêu",264.0,10.0,10.0,Tây - Nam,Không xác định,3.0,2.0,Đã có sổ,Không xác định,5.0,25,Khánh Hòa,Ninh Hòa,Bán đất tại đường Yết Kiêu,0.02,>90 m²,4-6 tỷ,12.2388,109.1967
"Hà Nội, Quốc Oai, Bán đất tại đường Láng Hòa Lạc",129.9,9.79,3.5,Đông - Bắc,Không xác định,3.0,2.0,Đã có sổ,Không xác định,5.0,25,Hà Nội,Quốc Oai,Bán đất tại đường Láng Hòa Lạc,0.04,>90 m²,4-6 tỷ,21.0285,105.8542
"Hòa Bình, Hòa Bình, Bán đất tại phường Thái Bình",481.2,21.7,5.0,Đông - Bắc,Không xác định,3.0,2.0,Đã có sổ,Không xác định,0.99,25,Hòa Bình,Hòa Bình,Bán đất tại phường Thái Bình,0.0,>90 m²,<4 tỷ,20.8133,105.3383
"Bình Dương, Bến Cát, Bán đất tại phường Hòa Lợi",1846.4,5.38,6.0,Bắc,Không xác định,3.0,2.0,Đã có sổ,Không xác định,3.08,25,Bình Dương,Bến Cát,Bán đất tại phường Hòa Lợi,0.0,>90 m²,<4 tỷ,11.1604,106.6508
"Hưng Yên, Mỹ Hào, Bán đất tại đường 5",99.0,5.0,4.5,Không xác định,Không xác định,3.0,2.0,Đã có sổ,Không xác định,2.38,25,Hưng Yên,Mỹ Hào,Bán đất tại đường 5,0.02,>90 m²,<4 tỷ,20.6464,106.0511
"Thừa Thiên Huế, Phong Điền, Bán đất tại thị trấn Phong Điền",202.9,5.05,10.0,Tây - Nam,Không xác định,3.0,2.0,Không xác định,Không xác định,0.4,25,Thừa Thiên Huế,Phong Điền,Bán đất tại thị trấn Phong Điền,0.0,>90 m²,<4 tỷ,16.4637,107.5909
"Hà Nội, Chương Mỹ, Bán đất tại xã Trung Hòa",155.0,6.0,10.0,Không xác định,Không xác định,3.0,2.0,Không xác định,Không xác định,1.37,25,Hà Nội,Chương Mỹ,Bán đất tại xã Trung Hòa,0.01,>90 m²,<4 tỷ,21.0285,105.8542
"Hà Nội, Chương Mỹ, Bán đất tại đường Quốc lộ 6",160.0,4.1,10.0,Đông - Nam,Không xác định,3.0,2.0,Đã có sổ,Không xác định,9.6,25,Hà Nội,Chương Mỹ,Bán đất tại đường Quốc lộ 6,0.06,>90 m²,8-10 tỷ,21.0285,105.8542
"Quảng Ninh, Hạ Long, Bán đất tại phường Hà Phong",109.3,4.6,10.0,Không xác định,Không xác định,3.0,2.0,Không xác định,Không xác định,2.23,25,Quảng Ninh,Hạ Long,Bán đất tại phường Hà Phong,0.02,>90 m²,<4 tỷ,21.0069,107.2925
"Quảng Ninh, Hạ Long, Bán đất tại xã Thống Nhất",294.4,6.0,6.0,Tây - Nam,Không xác định,3.0,2.0,Đã có sổ,Không xác định,1.78,25,Quảng Ninh,Hạ Long,Bán đất tại xã Thống Nhất,0.01,>90 m²,<4 tỷ,21.0069,107.2925
"Quảng Ninh, Uông Bí, Bán đất tại phường Vàng Danh",167.1,7.5,4.0,Nam,Không xác định,3.0,2.0,Đã có sổ,Không xác định,0.35,25,Quảng Ninh,Uông Bí,Bán đất tại phường Vàng Danh,0.0,>90 m²,<4 tỷ,21.0069,107.2925
"Quảng Ninh, Hạ Long, Bán đất tại phường Hoành Bồ",199.8,14.5,5.0,Tây - Bắc,Không xác định,3.0,2.0,Đã có sổ,Không xác định,1.01,25,Quảng Ninh,Hạ Long,Bán đất tại phường Hoành Bồ,0.01,>90 m²,<4 tỷ,21.0069,107.2925
"Bắc Ninh, Thuận Thành, Bán đất tại xã An Bình",89.0,5.0,3.0,Không xác định,Không xác định,3.0,2.0,Đã có sổ,Không xác định,2.6,25,Bắc Ninh,Thuận Thành,Bán đất tại xã An Bình,0.03,70-90 m²,<4 tỷ,21.1861,106.0763
"Bình Phước, Bù Đăng, Bán đất tại đường Quốc lộ 14",8865.0,75.0,10.0,Không xác định,Không xác định,3.0,2.0,Đã có sổ,Không xác định,25.6,26,Bình Phước,Bù Đăng,Bán đất tại đường Quốc lộ 14,0.0,>90 m²,>10 tỷ,11.75,106.9167
"Hòa Bình, Lạc Thủy, Bán đất tại thị trấn Ba Hàng Đồi",100.0,6.0,10.0,Không xác định,Không xác định,3.0,2.0,Đã có sổ,Không xác định,0.6,26,Hòa Bình,Lạc Thủy,Bán đất tại thị trấn Ba Hàng Đồi,0.01,>90 m²,<4 tỷ,20.8133,105.3383
"Bình Phước, Bù Đăng, Bán đất tại đường Quốc lộ 14",12260.0,90.0,10.0,Không xác định,Không xác định,3.0,2.0,Đã có sổ,Không xác định,27.6,26,Bình Phước,Bù Đăng,Bán đất tại đường Quốc lộ 14,0.0,>90 m²,>10 tỷ,11.75,106.9167
"Bình Thuận, Hàm Thuận Bắc, Bán đất tại xã Hàm Đức",3960.0,20.0,2.0,Không xác định,Không xác định,3.0,2.0,Đã có sổ,Không xác định,0.6,26,Bình Thuận,Hàm Thuận Bắc,Bán đất tại xã Hàm Đức,0.0,>90 m²,<4 tỷ,11.0904,108.0722
"Long An, Thủ Thừa, Bán đất tại đường Tỉnh Lộ 818",10000.0,6.0,10.0,Không xác định,Không xác định,3.0,2.0,Đã có sổ,Không xác định,0.0,26,Long An,Thủ Thừa,Bán đất tại đường Tỉnh Lộ 818,0.0,>90 m²,<4 tỷ,10.536,106.4099
"Long An, Cần Giuộc, Bán đất tại xã Tân Tập",100.0,5.0,12.0,Không xác định,Không xác định,3.0,2.0,Đã có sổ,Không xác định,2.5,26,Long An,Cần Giuộc,Bán đất tại xã Tân Tập,0.02,>90 m²,<4 tỷ,10.536,106.4099
"Lâm Đồng, Đức Trọng, Bán đất tại xã Phú Hội",99.0,6.0,150.0,Không xác định,Không xác định,3.0,2.0,Đã có sổ,Không xác định,1.2,26,Lâm Đồng,Đức Trọng,Bán đất tại xã Phú Hội,0.01,>90 m²,<4 tỷ,11.9404,108.4583
"Long An, Bến Lức, Bán đất tại xã Thanh Phú",201.9,10.0,5.0,Nam,Không xác định,3.0,2.0,Đã có sổ,Không xác định,1.95,26,Long An,Bến Lức,Bán đất tại xã Thanh Phú,0.01,>90 m²,<4 tỷ,10.536,106.4099
"Đà Nẵng, Cẩm Lệ, Bán đất tại phố Phạm Sư Mạnh",125.0,5.0,5.0,Bắc,Không xác định,3.0,2.0,Đã có sổ,Không xác định,6.45,26,Đà Nẵng,Cẩm Lệ,Bán đất tại phố Phạm Sư Mạnh,0.05,>90 m²,6-8 tỷ,16.0544,108.2022
"Thanh Hóa, Quảng Xương, Bán đất tại xã Quảng Văn",220.0,6.0,10.0,Không xác định,Không xác định,3.0,2.0,Không xác định,Không xác định,0.41,26,Thanh Hóa,Quảng Xương,Bán đất tại xã Quảng Văn,0.0,>90 m²,<4 tỷ,19.8067,105.7852
"Long An, Đức Huệ, Bán đất tại xã Bình Hòa Bắc",300.0,5.0,12.0,Không xác định,Không xác định,3.0,2.0,Đã có sổ,Không xác định,0.69,26,Long An,Đức Huệ,Bán đất tại xã Bình Hòa Bắc,0.0,>90 m²,<4 tỷ,10.536,106.4099
"Vĩnh Phúc, Phúc Yên, Bán đất tại xã Ngọc Thanh",914.0,6.0,10.0,Đông - Nam,Không xác định,3.0,2.0,Đã có sổ,Không xác định,0.01,26,Vĩnh Phúc,Phúc Yên,Bán đất tại xã Ngọc Thanh,0.0,>90 m²,<4 tỷ,21.3083,105.6042
"Lâm Đồng, Đà Lạt, Bán đất tại đường Bạch Đằng",2150.0,33.0,20.0,Đông - Nam,Không xác định,3.0,2.0,Đã có sổ,Không xác định,60.0,26,Lâm Đồng,Đà Lạt,Bán đất tại đường Bạch Đằng,0.03,>90 m²,>10 tỷ,11.9404,108.4583
"Đắk Nông, Gia Nghĩa, Bán đất tại xã Đắk R’Moan",4000.0,50.0,5.0,Không xác định,Không xác định,3.0,2.0,Đã có sổ,Không xác định,0.55,26,Đắk Nông,Gia Nghĩa,Bán đất tại xã Đắk R’Moan,0.0,>90 m²,<4 tỷ,12.25,107.6833
"Hà Nội, Thanh Trì, Bán đất tại xã Tứ Hiệp",60.0,4.6,10.0,Không xác định,Không xác định,3.0,2.0,Đã có sổ,Không xác định,15.0,26,Hà Nội,Thanh Trì,Bán đất tại xã Tứ Hiệp,0.25,50-70 m²,>10 tỷ,21.0285,105.8542
"Long An, Tân Hưng, Bán đất tại đường Tỉnh lộ 831",87.5,6.0,10.0,Đông - Bắc,Không xác định,3.0,2.0,Đã có sổ,Không xác định,0.27,26,Long An,Tân Hưng,Bán đất tại đường Tỉnh lộ 831,0.0,70-90 m²,<4 tỷ,10.536,106.4099
"Hồ Chí Minh, Thủ Đức, Bán đất tại đường Số 1",618.0,30.0,6.0,Bắc,Không xác định,3.0,2.0,Đã có sổ,Không xác định,48.0,26,Hồ Chí Minh,Thủ Đức,Bán đất tại đường Số 1,0.08,>90 m²,>10 tỷ,10.7769,106.7009
"Hà Nội, Nam Từ Liêm, Bán đất tại đường Tu Hoàng",52.0,5.0,2.0,Tây,Không xác định,3.0,2.0,Đã có sổ,Không xác định,7.0,26,Hà Nội,Nam Từ Liêm,Bán đất tại đường Tu Hoàng,0.13,50-70 m²,6-8 tỷ,21.0285,105.8542
"Khánh Hòa, Nha Trang, Bán đất tại đường Nguyễn Tất Thành",86.6,6.0,23.0,Không xác định,Không xác định,3.0,2.0,Đã có sổ,Không xác định,6.5,26,Khánh Hòa,Nha Trang,Bán đất tại đường Nguyễn Tất Thành,0.08,70-90 m²,6-8 tỷ,12.2388,109.1967
"Khánh Hòa, Nha Trang, Bán đất tại đường Vườn Xoài",68.9,7.0,3.0,Tây - Bắc,Không xác định,3.0,2.0,Đã có sổ,Không xác định,1.45,26,Khánh Hòa,Nha Trang,Bán đất tại đường Vườn Xoài,0.02,50-70 m²,<4 tỷ,12.2388,109.1967
"Hồ Chí Minh, Củ Chi, Bán đất tại đường 151",2597.0,26.0,3.0,Không xác định,Không xác định,3.0,2.0,Đã có sổ,Không xác định,31.0,25,Hồ Chí Minh,Củ Chi,Bán đất tại đường 151,0.01,>90 m²,>10 tỷ,10.7769,106.7009
"Bình Thuận, Hàm Thuận Bắc, Bán đất tại đường Quốc lộ 28",119.0,4.25,20.0,Không xác định,Không xác định,3.0,2.0,Đã có sổ,Không xác định,4.0,26,Bình Thuận,Hàm Thuận Bắc,Bán đất tại đường Quốc lộ 28,0.03,>90 m²,<4 tỷ,11.0904,108.0722
"Bình Phước, Chơn Thành, Bán đất tại xã Minh Thành",300.0,5.0,16.0,Đông - Bắc,Không xác định,3.0,2.0,Đã có sổ,Không xác định,2.3,23,Bình Phước,Chơn Thành,Bán đất tại xã Minh Thành,0.01,>90 m²,<4 tỷ,11.75,106.9167
"Hà Nam, Phủ Lý, Bán đất tại xã Đinh Xá",225.0,14.0,10.0,Đông - Nam,Không xác định,3.0,2.0,Đã có sổ,Không xác định,0.1,26,Hà Nam,Phủ Lý,Bán đất tại xã Đinh Xá,0.0,>90 m²,<4 tỷ,20.5453,105.9126
"Hồ Chí Minh, Thủ Đức, Bán đất tại đường 9",544.0,6.0,10.0,Không xác định,Không xác định,3.0,2.0,Đã có sổ,Không xác định,24.0,23,Hồ Chí Minh,Thủ Đức,Bán đất tại đường 9,0.04,>90 m²,>10 tỷ,10.7769,106.7009
"Hà Nội, Thường Tín, Bán đất tại xã Ninh Sở",31.5,4.9,2.0,Không xác định,Không xác định,3.0,2.0,Đã có sổ,Không xác định,2.6,26,Hà Nội,Thường Tín,Bán đất tại xã Ninh Sở,0.08,30-50 m²,<4 tỷ,21.0285,105.8542
"Hà Nội, Thanh Trì, Bán đất tại đường Yên Xá",70.0,5.0,2.0,Tây - Nam,Không xác định,3.0,2.0,Đã có sổ,Không xác định,0.13,26,Hà Nội,Thanh Trì,Bán đất tại đường Yên Xá,0.0,50-70 m²,<4 tỷ,21.0285,105.8542
"Hồ Chí Minh, Quận 9, Bán đất tại đường Bưng Ông Thoàn",80.0,4.0,4.0,Không xác định,Không xác định,3.0,2.0,Đã có sổ,Không xác định,4.7,26,Hồ Chí Minh,Quận 9,Bán đất tại đường Bưng Ông Thoàn,0.06,70-90 m²,4-6 tỷ,10.7769,106.7009
"Hải Phòng, An Lão, Bán đất tại xã An Thọ",72.0,6.2,7.0,Tây - Nam,Không xác định,3.0,2.0,Đã có sổ,Không xác định,1.75,26,Hải Phòng,An Lão,Bán đất tại xã An Thọ,0.02,70-90 m²,<4 tỷ,20.8449,106.6881
"Hồ Chí Minh, Quận 9, Bán đất tại đường Trường Lưu",80.0,5.0,10.0,Không xác định,Không xác định,3.0,2.0,Đã có sổ,Không xác định,4.35,26,Hồ Chí Minh,Quận 9,Bán đất tại đường Trường Lưu,0.05,70-90 m²,4-6 tỷ,10.7769,106.7009
"Bà Rịa Vũng Tàu, Phú Mỹ, Bán đất tại phường Hắc Dịch",213.0,5.0,6.0,Nam,Không xác định,3.0,2.0,Đã có sổ,Không xác định,0.95,26,Bà Rịa Vũng Tàu,Phú Mỹ,Bán đất tại phường Hắc Dịch,0.0,>90 m²,<4 tỷ,10.4114,107.1362
"Đồng Nai, Biên Hòa, Bán đất tại đường Bùi Văn Hòa",125.0,5.0,3.0,Đông,Không xác định,3.0,2.0,Đã có sổ,Không xác định,2.85,26,Đồng Nai,Biên Hòa,Bán đất tại đường Bùi Văn Hòa,0.02,>90 m²,<4 tỷ,10.9454,106.8248
"Quảng Ngãi, Sơn Tịnh, Bán đất tại xã Tịnh Thọ",124.0,5.0,4.0,Đông,Không xác định,3.0,2.0,Đã có sổ,Không xác định,0.45,26,Quảng Ngãi,Sơn Tịnh,Bán đất tại xã Tịnh Thọ,0.0,>90 m²,<4 tỷ,15.1205,108.7923
"Hồ Chí Minh, Quận 9, Bán đất tại đường 26",143.0,5.0,4.0,Không xác định,Không xác định,3.0,2.0,Đã có sổ,Không xác định,4.55,26,Hồ Chí Minh,Quận 9,Bán đất tại đường 26,0.03,>90 m²,4-6 tỷ,10.7769,106.7009
"Bình Dương, Thủ Dầu Một, Bán đất tại đường Trương Định",149.2,6.0,5.0,Đông - Nam,Không xác định,3.0,2.0,Đã có sổ,Không xác định,0.04,26,Bình Dương,Thủ Dầu Một,Bán đất tại đường Trương Định,0.0,>90 m²,<4 tỷ,11.1604,106.6508
"Bà Rịa Vũng Tàu, Châu Đức, Bán đất tại xã Láng Lớn",161.0,5.0,6.0,Nam,Không xác định,3.0,2.0,Đã có sổ,Không xác định,0.65,26,Bà Rịa Vũng Tàu,Châu Đức,Bán đất tại xã Láng Lớn,0.0,>90 m²,<4 tỷ,10.4114,107.1362
"Lâm Đồng, Bảo Lâm, Bán đất tại đường Quốc Lộ 20",142.0,5.0,6.0,Không xác định,Không xác định,3.0,2.0,Đã có sổ,Không xác định,1.95,26,Lâm Đồng,Bảo Lâm,Bán đất tại đường Quốc Lộ 20,0.01,>90 m²,<4 tỷ,11.9404,108.4583
"Đồng Nai, Thống Nhất, Bán đất tại đường Tỉnh lộ 769",110.7,6.0,10.0,Không xác định,Không xác định,3.0,2.0,Đã có sổ,Không xác định,2.6,23,Đồng Nai,Thống Nhất,Bán đất tại đường Tỉnh lộ 769,0.02,>90 m²,<4 tỷ,10.9454,106.8248
"Bà Rịa Vũng Tàu, Châu Đức, Bán đất tại xã Láng Lớn",259.0,10.0,10.0,Tây,Không xác định,3.0,2.0,Đã có sổ,Không xác định,1.4,26,Bà Rịa Vũng Tàu,Châu Đức,Bán đất tại xã Láng Lớn,0.01,>90 m²,<4 tỷ,10.4114,107.1362
"Hà Nội, Tây Hồ, Bán đất tại đường An Dương",72.0,4.3,5.0,Không xác định,Không xác định,3.0,2.0,Đã có sổ,Không xác định,13.7,26,Hà Nội,Tây Hồ,Bán đất tại đường An Dương,0.19,70-90 m²,>10 tỷ,21.0285,105.8542
"Bình Thuận, Phan Thiết, Bán đất tại phường Xuân An",1022.0,6.0,10.0,Không xác định,Không xác định,3.0,2.0,Đã có sổ,Không xác định,5.7,26,Bình Thuận,Phan Thiết,Bán đất tại phường Xuân An,0.01,>90 m²,4-6 tỷ,11.0904,108.0722
"Bình Định, Phù Cát, Bán đất tại xã Cát Hải",510.0,6.0,10.0,Không xác định,Không xác định,3.0,2.0,Đã có sổ,Không xác định,1.5,26,Bình Định,Phù Cát,Bán đất tại xã Cát Hải,0.0,>90 m²,<4 tỷ,13.782,109.2194
"Bà Rịa Vũng Tàu, Phú Mỹ, Bán đất tại đường Võ Văn Kiệt",4100.0,41.0,10.0,Không xác định,Không xác định,3.0,2.0,Đã có sổ,Không xác định,15.0,26,Bà Rịa Vũng Tàu,Phú Mỹ,Bán đất tại đường Võ Văn Kiệt,0.0,>90 m²,>10 tỷ,10.4114,107.1362
"Vĩnh Phúc, Phúc Yên, Bán đất tại xã Ngọc Thanh",2021.0,28.0,12.0,Nam,Không xác định,3.0,2.0,Đã có sổ,Không xác định,0.01,26,Vĩnh Phúc,Phúc Yên,Bán đất tại xã Ngọc Thanh,0.0,>90 m²,<4 tỷ,21.3083,105.6042
"Hà Nội, Gia Lâm, Bán đất tại thị trấn Trâu Quỳ",113.0,5.4,13.0,Tây - Nam,Không xác định,3.0,2.0,Đã có sổ,Không xác định,17.1,26,Hà Nội,Gia Lâm,Bán đất tại thị trấn Trâu Quỳ,0.15,>90 m²,>10 tỷ,21.0285,105.8542
"Hà Giang, Mèo Vạc, Bán đất tại xã Pả Vi",1039.0,22.0,9.0,Tây - Bắc,Không xác định,3.0,2.0,Đã có sổ,Không xác định,7.0,26,Hà Giang,Mèo Vạc,Bán đất tại xã Pả Vi,0.01,>90 m²,6-8 tỷ,22.8233,104.9839
"Vĩnh Phúc, Phúc Yên, Bán đất tại xã Ngọc Thanh",123.8,5.6,8.0,Tây - Nam,Không xác định,3.0,2.0,Đã có sổ,Không xác định,1.68,26,Vĩnh Phúc,Phúc Yên,Bán đất tại xã Ngọc Thanh,0.01,>90 m²,<4 tỷ,21.3083,105.6042
"Đồng Nai, Long Thành, Bán đất tại đường Quốc Lộ 51",3038.0,20.0,32.0,Không xác định,Không xác định,3.0,2.0,Đã có sổ,Không xác định,52.77,26,Đồng Nai,Long Thành,Bán đất tại đường Quốc Lộ 51,0.02,>90 m²,>10 tỷ,10.9454,106.8248
"Bình Phước, Bù Đăng, Bán đất tại đường Nguyễn Thị Minh Khai",21458.0,100.0,10.0,Không xác định,Không xác định,3.0,2.0,Đã có sổ,Không xác định,22.2,26,Bình Phước,Bù Đăng,Bán đất tại đường Nguyễn Thị Minh Khai,0.0,>90 m²,>10 tỷ,11.75,106.9167
"Đồng Nai, Biên Hòa, Bán đất tại đường Phước Tân - Giang Điền",550.0,30.0,6.0,Không xác định,Không xác định,3.0,2.0,Đã có sổ,Không xác định,0.0,26,Đồng Nai,Biên Hòa,Bán đất tại đường Phước Tân - Giang Điền,0.0,>90 m²,<4 tỷ,10.9454,106.8248
"Lạng Sơn, Hữu Lũng, Bán đất tại thị trấn Hữu Lũng",80.0,5.0,8.0,Đông - Bắc,Không xác định,3.0,2.0,Đã có sổ,Không xác định,2.2,26,Lạng Sơn,Hữu Lũng,Bán đất tại thị trấn Hữu Lũng,0.03,70-90 m²,<4 tỷ,21.8537,106.761
"Hà Nội, Đông Anh, Bán đất tại đường Sơn Du",69.8,4.33,4.0,Không xác định,Không xác định,3.0,2.0,Đã có sổ,Không xác định,6.15,24,Hà Nội,Đông Anh,Bán đất tại đường Sơn Du,0.09,50-70 m²,6-8 tỷ,21.0285,105.8542
"Đồng Nai, Nhơn Trạch, Bán đất tại đường Chòm Dầu",109.0,6.0,10.0,Không xác định,Không xác định,3.0,2.0,Đã có sổ,Không xác định,2.3,26,Đồng Nai,Nhơn Trạch,Bán đất tại đường Chòm Dầu,0.02,>90 m²,<4 tỷ,10.9454,106.8248
"Lâm Đồng, Di Linh, Bán đất tại đường Quốc Lộ 20",254.4,5.0,6.0,Đông - Nam,Không xác định,3.0,2.0,Đã có sổ,Không xác định,0.68,26,Lâm Đồng,Di Linh,Bán đất tại đường Quốc Lộ 20,0.0,>90 m²,<4 tỷ,11.9404,108.4583
"Bình Dương, Bàu Bàng, Bán đất tại xã Trừ Văn Thố",1201.0,95.0,8.0,Tây - Nam,Không xác định,3.0,2.0,Đã có sổ,Không xác định,2.5,26,Bình Dương,Bàu Bàng,Bán đất tại xã Trừ Văn Thố,0.0,>90 m²,<4 tỷ,11.1604,106.6508
"Khánh Hòa, Nha Trang, Bán đất tại đường Đô Lương",391.0,14.72,10.0,Không xác định,Không xác định,3.0,2.0,Không xác định,Không xác định,27.0,26,Khánh Hòa,Nha Trang,Bán đất tại đường Đô Lương,0.07,>90 m²,>10 tỷ,12.2388,109.1967
"Hồ Chí Minh, Quận 9, Bán đất tại đường Bưng Ông Thoàn",60.0,4.0,8.0,Đông - Bắc,Không xác định,3.0,2.0,Đã có sổ,Không xác định,6.0,26,Hồ Chí Minh,Quận 9,Bán đất tại đường Bưng Ông Thoàn,0.1,50-70 m²,4-6 tỷ,10.7769,106.7009
"Hà Nội, Chương Mỹ, Bán đất tại xã Tân Tiến",85.4,7.0,5.0,Không xác định,Không xác định,3.0,2.0,Đã có sổ,Không xác định,2.75,26,Hà Nội,Chương Mỹ,Bán đất tại xã Tân Tiến,0.03,70-90 m²,<4 tỷ,21.0285,105.8542
"Long An, Kiến Tường, Bán đất tại phường 2",2862.0,21.0,10.0,Nam,Không xác định,3.0,2.0,Đã có sổ,Không xác định,9.8,26,Long An,Kiến Tường,Bán đất tại phường 2,0.0,>90 m²,8-10 tỷ,10.536,106.4099
"Đồng Tháp, Huyện Cao Lãnh, Bán đất tại đường Quốc Lộ 30",5269.0,24.27,10.0,Đông,Không xác định,3.0,2.0,Không xác định,Không xác định,22.0,26,Đồng Tháp,Cao Lãnh,Bán đất tại đường Quốc Lộ 30,0.0,>90 m²,>10 tỷ,10.4578,105.6322
"Bình Dương, Bến Cát, Bán đất tại phường Tân Định",288.6,6.0,5.0,Đông - Nam,Không xác định,3.0,2.0,Đã có sổ,Không xác định,1.52,26,Bình Dương,Bến Cát,Bán đất tại phường Tân Định,0.01,>90 m²,<4 tỷ,11.1604,106.6508
"Thanh Hóa, Yên Định, Bán đất tại xã Yên Trường",107.3,6.0,10.0,Tây - Nam,Không xác định,3.0,2.0,Đã có sổ,Không xác định,1.4,26,Thanh Hóa,Yên Định,Bán đất tại xã Yên Trường,0.01,>90 m²,<4 tỷ,19.8067,105.7852
"Thái Nguyên, Phổ Yên, Bán đất tại phố Trần Nguyên Hãn",270.0,9.0,12.0,Không xác định,Không xác định,3.0,2.0,Đã có sổ,Không xác định,0.03,26,Thái Nguyên,Phổ Yên,Bán đất tại phố Trần Nguyên Hãn,0.0,>90 m²,<4 tỷ,21.5928,105.8442
"Hà Nội, Quốc Oai, Bán đất tại đường Đồng Bèn",500.0,6.0,10.0,Không xác định,Không xác định,3.0,2.0,Đã có sổ,Không xác định,0.01,26,Hà Nội,Quốc Oai,Bán đất tại đường Đồng Bèn,0.0,>90 m²,<4 tỷ,21.0285,105.8542
"Hà Nội, Quốc Oai, Bán đất tại đường Hoà Thạch",100.0,5.0,10.0,Đông - Nam,Không xác định,3.0,2.0,Đã có sổ,Không xác định,3.0,26,Hà Nội,Quốc Oai,Bán đất tại đường Hoà Thạch,0.03,>90 m²,<4 tỷ,21.0285,105.8542
"Bắc Ninh, Thuận Thành, Bán đất tại xã Mão Điền",81.3,4.75,4.0,Đông - Bắc,Không xác định,3.0,2.0,Đã có sổ,Không xác định,2.5,23,Bắc Ninh,Thuận Thành,Bán đất tại xã Mão Điền,0.03,70-90 m²,<4 tỷ,21.1861,106.0763
"Đà Nẵng, Cẩm Lệ, Bán đất tại đường Nguyễn Phước Lan",200.0,10.0,33.0,Đông - Bắc,Không xác định,3.0,2.0,Đã có sổ,Không xác định,35.0,26,Đà Nẵng,Cẩm Lệ,Bán đất tại đường Nguyễn Phước Lan,0.18,>90 m²,>10 tỷ,16.0544,108.2022
"Hà Nội, Sơn Tây, Bán đất tại đường Tỉnh lộ 413",100.0,5.0,10.0,Không xác định,Không xác định,3.0,2.0,Đã có sổ,Không xác định,1.3,26,Hà Nội,Sơn Tây,Bán đất tại đường Tỉnh lộ 413,0.01,>90 m²,<4 tỷ,21.0285,105.8542
"Hà Nội, Cầu Giấy, Bán đất tại phường Trung Hòa",181.0,24.0,10.0,Không xác định,Không xác định,3.0,2.0,Đã có sổ,Không xác định,50.0,26,Hà Nội,Cầu Giấy,Bán đất tại phường Trung Hòa,0.28,>90 m²,>10 tỷ,21.0285,105.8542
"Bà Rịa Vũng Tàu, Long Điền, Bán đất tại thị trấn Long Điền",335.6,6.0,10.0,Không xác định,Không xác định,3.0,2.0,Đã có sổ,Không xác định,2.85,26,Bà Rịa Vũng Tàu,Long Điền,Bán đất tại thị trấn Long Điền,0.01,>90 m²,<4 tỷ,10.4114,107.1362
"Bắc Ninh, Quế Võ, Bán đất tại đường 18",770.0,18.0,5.0,Không xác định,Không xác định,3.0,2.0,Đã có sổ,Không xác định,0.02,26,Bắc Ninh,Quế Võ,Bán đất tại đường 18,0.0,>90 m²,<4 tỷ,21.1861,106.0763
"Bà Rịa Vũng Tàu, Long Đất, Bán đất tại xã Phước Hội",258.9,6.0,10.0,Không xác định,Không xác định,3.0,2.0,Đã có sổ,Không xác định,3.95,26,Bà Rịa Vũng Tàu,Long Đất,Bán đất tại xã Phước Hội,0.02,>90 m²,<4 tỷ,10.4114,107.1362
"Bà Rịa Vũng Tàu, Châu Đức, Bán đất tại xã Bình Ba",22747.0,130.0,6.0,Bắc,Không xác định,3.0,2.0,Đã có sổ,Không xác định,0.0,26,Bà Rịa Vũng Tàu,Châu Đức,Bán đất tại xã Bình Ba,0.0,>90 m²,<4 tỷ,10.4114,107.1362
"Bình Dương, Tân Uyên, Bán đất tại đường 23",100.0,5.0,15.0,Không xác định,Không xác định,3.0,2.0,Đã có sổ,Không xác định,1.5,26,Bình Dương,Tân Uyên,Bán đất tại đường 23,0.02,>90 m²,<4 tỷ,11.1604,106.6508
"Bình Dương, Thủ Dầu Một, Bán đất tại đường Võ Văn Kiệt",473.0,6.0,10.0,Không xác định,Không xác định,3.0,2.0,Không xác định,Không xác định,23.27,26,Bình Dương,Thủ Dầu Một,Bán đất tại đường Võ Văn Kiệt,0.05,>90 m²,>10 tỷ,11.1604,106.6508
"Khánh Hòa, Nha Trang, Bán đất tại đường Nguyễn Tất Thành",126.0,5.0,5.0,Đông,Không xác định,3.0,2.0,Đã có sổ,Không xác định,2.25,26,Khánh Hòa,Nha Trang,Bán đất tại đường Nguyễn Tất Thành,0.02,>90 m²,<4 tỷ,12.2388,109.1967
"Hà Nội, Quốc Oai, Bán đất tại xã Phú Cát",100.0,6.0,10.0,Không xác định,Không xác định,3.0,2.0,Không xác định,Không xác định,1.8,26,Hà Nội,Quốc Oai,Bán đất tại xã Phú Cát,0.02,>90 m²,<4 tỷ,21.0285,105.8542
"Hà Nội, Sơn Tây, Bán đất tại xã Cổ Đông",100.0,7.0,5.0,Không xác định,Không xác định,3.0,2.0,Đã có sổ,Không xác định,1.0,26,Hà Nội,Sơn Tây,Bán đất tại xã Cổ Đông,0.01,>90 m²,<4 tỷ,21.0285,105.8542
"Hồ Chí Minh, Bình Chánh, Bán đất tại đường Vườn Thơm",320.0,8.0,12.0,Đông - Nam,Không xác định,3.0,2.0,Đã có sổ,Không xác định,8.0,26,Hồ Chí Minh,Bình Chánh,Bán đất tại đường Vườn Thơm,0.02,>90 m²,6-8 tỷ,10.7769,106.7009
"Ninh Bình, Ninh Bình, Bán đất tại phố Phúc Trì",90.0,5.0,10.0,Không xác định,Không xác định,3.0,2.0,Không xác định,Không xác định,4.5,26,Ninh Bình,Ninh Bình,Bán đất tại phố Phúc Trì,0.05,70-90 m²,4-6 tỷ,20.2506,105.9745
"Hà Nội, Đan Phượng, Bán đất tại đường N1",68.5,5.2,25.0,Đông - Bắc,Không xác định,3.0,2.0,Đã có sổ,Không xác định,8.0,26,Hà Nội,Đan Phượng,Bán đất tại đường N1,0.12,50-70 m²,6-8 tỷ,21.0285,105.8542
"Hà Nội, Hoài Đức, Bán đất tại xã Tiền Yên",105.8,6.0,10.0,Không xác định,Không xác định,3.0,2.0,Đã có sổ,Không xác định,10.0,26,Hà Nội,Hoài Đức,Bán đất tại xã Tiền Yên,0.09,>90 m²,8-10 tỷ,21.0285,105.8542
"Cần Thơ, Ô Môn, Bán đất tại đường Tỉnh Lộ 923",933.0,6.0,10.0,Tây - Bắc,Không xác định,3.0,2.0,Đã có sổ,Không xác định,2.9,26,Cần Thơ,Ô Môn,Bán đất tại đường Tỉnh Lộ 923,0.0,>90 m²,<4 tỷ,10.0452,105.7469
"Long An, Kiến Tường, Bán đất tại đường Lê Lợi",2179.0,6.0,10.0,Không xác định,Không xác định,3.0,2.0,Đã có sổ,Không xác định,5.0,26,Long An,Kiến Tường,Bán đất tại đường Lê Lợi,0.0,>90 m²,4-6 tỷ,10.536,106.4099
"Hồ Chí Minh, Quận 7, Bán đất tại phố Trần Xuân Soạn",7566.0,108.0,16.0,Không xác định,Không xác định,3.0,2.0,Đã có sổ,Không xác định,730.0,26,Hồ Chí Minh,Quận 7,Bán đất tại phố Trần Xuân Soạn,0.1,>90 m²,>10 tỷ,10.7769,106.7009
"Khánh Hòa, Nha Trang, Bán đất tại đường Nguyễn Tất Thành",252.0,10.0,5.0,Đông,Không xác định,3.0,2.0,Đã có sổ,Không xác định,3.99,27,Khánh Hòa,Nha Trang,Bán đất tại đường Nguyễn Tất Thành,0.02,>90 m²,<4 tỷ,12.2388,109.1967
"Hà Nội, Đông Anh, Bán đất tại đường Yên",50.0,5.0,3.5,Không xác định,Không xác định,3.0,2.0,Đã có sổ,Không xác định,4.2,27,Hà Nội,Đông Anh,Bán đất tại đường Yên,0.08,30-50 m²,4-6 tỷ,21.0285,105.8542
"Hồ Chí Minh, Quận 12, Bán đất tại đường Vườn Lài",383.0,9.5,6.0,Tây - Nam,Không xác định,3.0,2.0,Đã có sổ,Không xác định,18.0,27,Hồ Chí Minh,Quận 12,Bán đất tại đường Vườn Lài,0.05,>90 m²,>10 tỷ,10.7769,106.7009
"Hồ Chí Minh, Củ Chi, Bán đất tại đường 142",155.0,7.55,6.0,Không xác định,Không xác định,3.0,2.0,Đã có sổ,Không xác định,2.55,27,Hồ Chí Minh,Củ Chi,Bán đất tại đường 142,0.02,>90 m²,<4 tỷ,10.7769,106.7009
"Hà Nội, Thường Tín, Bán đất tại xã Chương Dương",80.0,6.0,10.0,Không xác định,Không xác định,3.0,2.0,Không xác định,Không xác định,5.9,27,Hà Nội,Thường Tín,Bán đất tại xã Chương Dương,0.07,70-90 m²,4-6 tỷ,21.0285,105.8542
"Thái Nguyên, Thái Nguyên, Bán đất tại đường Bắc Sơn",128.0,8.0,61.0,Không xác định,Không xác định,3.0,2.0,Đã có sổ,Không xác định,0.02,27,Thái Nguyên,Thái Nguyên,Bán đất tại đường Bắc Sơn,0.0,>90 m²,<4 tỷ,21.5928,105.8442
"Hưng Yên, Văn Giang, Bán đất tại xã Nghĩa Trụ",190.0,10.0,10.0,Tây,Không xác định,3.0,2.0,Đã có sổ,Không xác định,20.38,27,Hưng Yên,Văn Giang,Bán đất tại xã Nghĩa Trụ,0.11,>90 m²,>10 tỷ,20.6464,106.0511
"Hưng Yên, Văn Giang, Bán đất tại xã Nghĩa Trụ",250.0,10.0,15.0,Nam,Không xác định,3.0,2.0,Đã có sổ,Không xác định,26.81,27,Hưng Yên,Văn Giang,Bán đất tại xã Nghĩa Trụ,0.11,>90 m²,>10 tỷ,20.6464,106.0511
"Hưng Yên, Văn Giang, Bán đất tại đường DH20",115.0,7.5,7.0,Nam,Không xác định,3.0,2.0,Đã có sổ,Không xác định,12.33,27,Hưng Yên,Văn Giang,Bán đất tại đường DH20,0.11,>90 m²,>10 tỷ,20.6464,106.0511
"Trà Vinh, Trà Vinh, Bán đất tại đường Trương Văn Kỉnh",434.0,10.6,3.5,Đông - Nam,Không xác định,3.0,2.0,Đã có sổ,Không xác định,2.6,27,Trà Vinh,Trà Vinh,Bán đất tại đường Trương Văn Kỉnh,0.01,>90 m²,<4 tỷ,9.9347,106.3453
"Bình Dương, Thủ Dầu Một, Bán đất tại đường Nguyễn Đức Thuận",169.4,5.0,10.0,Tây - Bắc,Không xác định,3.0,2.0,Đã có sổ,Không xác định,3.99,24,Bình Dương,Thủ Dầu Một,Bán đất tại đường Nguyễn Đức Thuận,0.02,>90 m²,<4 tỷ,11.1604,106.6508
"Hà Nội, Sóc Sơn, Bán đất tại đường 14",1010.0,24.0,5.0,Đông - Nam,Không xác định,3.0,2.0,Đã có sổ,Không xác định,16.0,27,Hà Nội,Sóc Sơn,Bán đất tại đường 14,0.02,>90 m²,>10 tỷ,21.0285,105.8542
"Đồng Nai, Vĩnh Cửu, Bán đất tại đường Đồng Khởi",90.0,5.0,8.0,Không xác định,Không xác định,3.0,2.0,Đã có sổ,Không xác định,1.2,27,Đồng Nai,Vĩnh Cửu,Bán đất tại đường Đồng Khởi,0.01,70-90 m²,<4 tỷ,10.9454,106.8248
"Hồ Chí Minh, Quận 9, Bán đất tại đường Trương Văn Thành",122.0,6.0,10.0,Không xác định,Không xác định,3.0,2.0,Không xác định,Không xác định,0.11,27,Hồ Chí Minh,Quận 9,Bán đất tại đường Trương Văn Thành,0.0,>90 m²,<4 tỷ,10.7769,106.7009
"Hà Nội, Đông Anh, Bán đất tại đường Võ Văn Kiệt",88.0,6.0,5.0,Không xác định,Không xác định,3.0,2.0,Không xác định,Không xác định,5.9,27,Hà Nội,Đông Anh,Bán đất tại đường Võ Văn Kiệt,0.07,70-90 m²,4-6 tỷ,21.0285,105.8542
"Hòa Bình, Lương Sơn, Bán đất tại thị trấn Lương Sơn",392.0,24.0,30.0,Không xác định,Không xác định,3.0,2.0,Đã có sổ,Không xác định,7.5,27,Hòa Bình,Lương Sơn,Bán đất tại thị trấn Lương Sơn,0.02,>90 m²,6-8 tỷ,20.8133,105.3383
"Đà Nẵng, Cẩm Lệ, Bán đất tại đường Trần Huấn",81.0,6.0,10.0,Tây - Nam,Không xác định,3.0,2.0,Đã có sổ,Không xác định,7.3,27,Đà Nẵng,Cẩm Lệ,Bán đất tại đường Trần Huấn,0.09,70-90 m²,6-8 tỷ,16.0544,108.2022
"Đồng Tháp, Cao Lãnh, Bán đất tại đường Điện Biên Phủ",509.24,8.78,10.0,Không xác định,Không xác định,3.0,2.0,Không xác định,Không xác định,15.5,27,Đồng Tháp,Cao Lãnh,Bán đất tại đường Điện Biên Phủ,0.03,>90 m²,>10 tỷ,10.4578,105.6322
"Kiên Giang, Rạch Giá, Bán đất tại phố Tôn Đức Thắng",1037.0,30.0,17.0,Không xác định,Không xác định,3.0,2.0,Đã có sổ,Không xác định,22.28,27,Kiên Giang,Rạch Giá,Bán đất tại phố Tôn Đức Thắng,0.02,>90 m²,>10 tỷ,10.0125,105.0809
"Hà Nội, Đông Anh, Bán đất tại đường Võ Nguyên Giáp",76.0,5.0,6.0,Đông,Không xác định,3.0,2.0,Đã có sổ,Không xác định,0.1,27,Hà Nội,Đông Anh,Bán đất tại đường Võ Nguyên Giáp,0.0,70-90 m²,<4 tỷ,21.0285,105.8542
"Bình Dương, Phú Giáo, Bán đất tại đường DH501",397.0,6.0,10.0,Không xác định,Không xác định,3.0,2.0,Không xác định,Không xác định,3.0,27,Bình Dương,Phú Giáo,Bán đất tại đường DH501,0.01,>90 m²,<4 tỷ,11.1604,106.6508
"Đồng Nai, Long Thành, Bán đất tại xã Tam An",130.0,5.0,5.0,Đông - Nam,Không xác định,3.0,2.0,Đã có sổ,Không xác định,2.9,27,Đồng Nai,Long Thành,Bán đất tại xã Tam An,0.02,>90 m²,<4 tỷ,10.9454,106.8248
"Bình Thuận, La Gi, Bán đất tại phố Lương Định Của",75000.0,6.0,10.0,Không xác định,Không xác định,3.0,2.0,Đã có sổ,Không xác định,60.0,27,Bình Thuận,La Gi,Bán đất tại phố Lương Định Của,0.0,>90 m²,>10 tỷ,11.0904,108.0722
"Hòa Bình, Lạc Thủy, Bán đất tại xã Phú Thành",282.0,6.0,10.0,Không xác định,Không xác định,3.0,2.0,Không xác định,Không xác định,4.2,27,Hòa Bình,Lạc Thủy,Bán đất tại xã Phú Thành,0.01,>90 m²,4-6 tỷ,20.8133,105.3383
"Long An, Bến Lức, Bán đất tại đường Liên Xã",814.0,22.0,12.0,Đông,Không xác định,3.0,2.0,Đã có sổ,Không xác định,9.7,27,Long An,Bến Lức,Bán đất tại đường Liên Xã,0.01,>90 m²,8-10 tỷ,10.536,106.4099
"Khánh Hòa, Vạn Ninh, Bán đất tại đường Xuân Tự 1",450.0,13.0,5.0,Tây,Không xác định,3.0,2.0,Đã có sổ,Không xác định,5.2,27,Khánh Hòa,Vạn Ninh,Bán đất tại đường Xuân Tự 1,0.01,>90 m²,4-6 tỷ,12.2388,109.1967
"Khánh Hòa, Vạn Ninh, Bán đất tại xã Vạn Lương",2039.3,42.0,30.0,Đông,Không xác định,3.0,2.0,Đã có sổ,Không xác định,0.03,27,Khánh Hòa,Vạn Ninh,Bán đất tại xã Vạn Lương,0.0,>90 m²,<4 tỷ,12.2388,109.1967
"Tiền Giang, Tân Phước, Bán đất tại đường Tỉnh lộ 867",1500.0,12.0,10.0,Không xác định,Không xác định,3.0,2.0,Đã có sổ,Không xác định,4.5,27,Tiền Giang,Tân Phước,Bán đất tại đường Tỉnh lộ 867,0.0,>90 m²,4-6 tỷ,10.4493,106.3422
"Đồng Nai, Nhơn Trạch, Bán đất tại xã Phú Thạnh",114.0,6.0,10.0,Không xác định,Không xác định,3.0,2.0,Hợp đồng mua bán,Không xác định,0.03,27,Đồng Nai,Nhơn Trạch,Bán đất tại xã Phú Thạnh,0.0,>90 m²,<4 tỷ,10.9454,106.8248
"Bình Thuận, Phan Thiết, Bán đất tại xã Thiện Nghiệp",1000.0,6.0,10.0,Không xác định,Không xác định,3.0,2.0,Đã có sổ,Không xác định,1.2,27,Bình Thuận,Phan Thiết,Bán đất tại xã Thiện Nghiệp,0.0,>90 m²,<4 tỷ,11.0904,108.0722
"Hồ Chí Minh, Nhà Bè, Bán đất tại đường Huỳnh Tấn Phát",200.0,7.0,30.0,Đông,Không xác định,3.0,2.0,Đã có sổ,Không xác định,17.9,27,Hồ Chí Minh,Nhà Bè,Bán đất tại đường Huỳnh Tấn Phát,0.09,>90 m²,>10 tỷ,10.7769,106.7009
"Đà Nẵng, Hòa Vang, Bán đất tại đường Hoà Sơn 6",100.0,6.0,7.5,Không xác định,Không xác định,3.0,2.0,Đã có sổ,Không xác định,2.75,27,Đà Nẵng,Hòa Vang,Bán đất tại đường Hoà Sơn 6,0.03,>90 m²,<4 tỷ,16.0544,108.2022
"Đà Nẵng, Hòa Vang, Bán đất tại đường Hòa Liên 4",390.0,6.0,7.5,Không xác định,Không xác định,3.0,2.0,Đã có sổ,Không xác định,8.5,27,Đà Nẵng,Hòa Vang,Bán đất tại đường Hòa Liên 4,0.02,>90 m²,8-10 tỷ,16.0544,108.2022
"Đà Nẵng, Liên Chiểu, Bán đất tại đường Bàu Mạc 6",107.0,6.0,5.5,Đông - Nam,Không xác định,3.0,2.0,Không xác định,Không xác định,6.0,27,Đà Nẵng,Liên Chiểu,Bán đất tại đường Bàu Mạc 6,0.06,>90 m²,4-6 tỷ,16.0544,108.2022
"Đà Nẵng, Hòa Vang, Bán đất tại đường ĐT 601",225.0,6.0,5.5,Không xác định,Không xác định,3.0,2.0,Đã có sổ,Không xác định,5.5,27,Đà Nẵng,Hòa Vang,Bán đất tại đường ĐT 601,0.02,>90 m²,4-6 tỷ,16.0544,108.2022
"Đồng Nai, Thống Nhất, Bán đất tại xã Hưng Lộc",95.0,8.0,8.0,Nam,Không xác định,3.0,2.0,Đã có sổ,Không xác định,1.05,27,Đồng Nai,Thống Nhất,Bán đất tại xã Hưng Lộc,0.01,>90 m²,<4 tỷ,10.9454,106.8248
"Long An, Bến Lức, Bán đất tại đường ĐT 830",100.0,6.0,10.0,Bắc,Không xác định,3.0,2.0,Đã có sổ,Không xác định,3.75,27,Long An,Bến Lức,Bán đất tại đường ĐT 830,0.04,>90 m²,<4 tỷ,10.536,106.4099
"Lâm Đồng, Bảo Lộc, Bán đất tại phường B'Lao",515.0,50.0,6.0,Bắc,Không xác định,3.0,2.0,Đã có sổ,Không xác định,2.1,27,Lâm Đồng,Bảo Lộc,Bán đất tại phường B'Lao,0.0,>90 m²,<4 tỷ,11.9404,108.4583
"Kiên Giang, Rạch Giá, Bán đất tại đường Võ Trường Toản",656.0,6.95,8.0,Đông - Bắc,Không xác định,3.0,2.0,Đã có sổ,Không xác định,3.8,27,Kiên Giang,Rạch Giá,Bán đất tại đường Võ Trường Toản,0.01,>90 m²,<4 tỷ,10.0125,105.0809
"Hà Nội, Đông Anh, Bán đất tại đường Thôn Đoài",56.0,6.0,3.0,Không xác định,Không xác định,3.0,2.0,Đã có sổ,Không xác định,4.55,27,Hà Nội,Đông Anh,Bán đất tại đường Thôn Đoài,0.08,50-70 m²,4-6 tỷ,21.0285,105.8542
"Hà Nội, Chương Mỹ, Bán đất tại xã Nam Phương Tiến",105.0,6.0,10.0,Không xác định,Không xác định,3.0,2.0,Đã có sổ,Không xác định,3.39,27,Hà Nội,Chương Mỹ,Bán đất tại xã Nam Phương Tiến,0.03,>90 m²,<4 tỷ,21.0285,105.8542
"Kon Tum, KonTum, Bán đất tại xã Kroong",8500.0,110.0,5.0,Nam,Không xác định,3.0,2.0,Đã có sổ,Không xác định,0.99,27,Kon Tum,Kontum,Bán đất tại xã Kroong,0.0,>90 m²,<4 tỷ,14.35,108.0
"Hồ Chí Minh, Quận 6, Bán đất tại đường An Dương Vương",16000.0,140.0,10.0,Không xác định,Không xác định,3.0,2.0,Đã có sổ,Không xác định,700.0,27,Hồ Chí Minh,Quận 6,Bán đất tại đường An Dương Vương,0.04,>90 m²,>10 tỷ,10.7769,106.7009
"Đà Nẵng, Ngũ Hành Sơn, Bán đất tại đường Võ Nguyên Giáp",156.7,6.0,33.0,Đông - Bắc,Không xác định,3.0,2.0,Đã có sổ,Không xác định,16.4,27,Đà Nẵng,Ngũ Hành Sơn,Bán đất tại đường Võ Nguyên Giáp,0.1,>90 m²,>10 tỷ,16.0544,108.2022
"Long An, Cần Đước, Bán đất tại đường Thái Thị Thiêu",863.5,25.0,10.0,Đông,Không xác định,3.0,2.0,Đã có sổ,Không xác định,0.5,27,Long An,Cần Đước,Bán đất tại đường Thái Thị Thiêu,0.0,>90 m²,<4 tỷ,10.536,106.4099
"Lâm Đồng, Đức Trọng, Bán đất tại xã Hiệp Thạnh",9000.0,6.0,5.0,Không xác định,Không xác định,3.0,2.0,Đã có sổ,Không xác định,12.6,27,Lâm Đồng,Đức Trọng,Bán đất tại xã Hiệp Thạnh,0.0,>90 m²,>10 tỷ,11.9404,108.4583
"Quảng Ninh, Hải Hà, Bán đất tại đường Hoàng Hoa Thám",700.0,35.0,6.0,Đông - Nam,Không xác định,3.0,2.0,Đã có sổ,Không xác định,31.5,27,Quảng Ninh,Hải Hà,Bán đất tại đường Hoàng Hoa Thám,0.04,>90 m²,>10 tỷ,21.0069,107.2925
"Lâm Đồng, Bảo Lộc, Bán đất tại đường Mê Linh",216.0,10.0,10.0,Tây - Bắc,Không xác định,3.0,2.0,Đã có sổ,Không xác định,11.0,27,Lâm Đồng,Bảo Lộc,Bán đất tại đường Mê Linh,0.05,>90 m²,>10 tỷ,11.9404,108.4583
"Đà Nẵng, Hải Châu, Bán đất tại đường Nguyễn Văn Linh",225.0,9.0,20.0,Nam,Không xác định,3.0,2.0,Đã có sổ,Không xác định,75.0,27,Đà Nẵng,Hải Châu,Bán đất tại đường Nguyễn Văn Linh,0.33,>90 m²,>10 tỷ,16.0544,108.2022
"Đà Nẵng, Sơn Trà, Bán đất tại đường Bùi Hữu Nghĩa",164.0,8.3,3.75,Đông,Không xác định,3.0,2.0,Đã có sổ,Không xác định,19.5,27,Đà Nẵng,Sơn Trà,Bán đất tại đường Bùi Hữu Nghĩa,0.12,>90 m²,>10 tỷ,16.0544,108.2022
"Hà Nội, Quốc Oai, Bán đất tại xã Phú Cát",93.0,5.0,6.0,Tây - Nam,Không xác định,3.0,2.0,Đã có sổ,Không xác định,3.8,25,Hà Nội,Quốc Oai,Bán đất tại xã Phú Cát,0.04,>90 m²,<4 tỷ,21.0285,105.8542
"Hồ Chí Minh, Nhà Bè, Bán đất tại đường Huỳnh Tấn Phát",95.8,5.0,4.0,Không xác định,Không xác định,3.0,2.0,Đã có sổ,Không xác định,4.0,15,Hồ Chí Minh,Nhà Bè,Bán đất tại đường Huỳnh Tấn Phát,0.04,>90 m²,<4 tỷ,10.7769,106.7009
"Hưng Yên, Mỹ Hào, Bán đất tại xã Dương Quang",70.0,4.0,5.0,Đông,Không xác định,3.0,2.0,Đã có sổ,Không xác định,1.5,27,Hưng Yên,Mỹ Hào,Bán đất tại xã Dương Quang,0.02,50-70 m²,<4 tỷ,20.6464,106.0511
"Bà Rịa Vũng Tàu, Châu Đức, Bán đất tại đường Trần Hưng Đạo",270.0,15.0,24.0,Nam,Không xác định,3.0,2.0,Đã có sổ,Không xác định,5.4,27,Bà Rịa Vũng Tàu,Châu Đức,Bán đất tại đường Trần Hưng Đạo,0.02,>90 m²,4-6 tỷ,10.4114,107.1362
"Tiền Giang, Mỹ Tho, Bán đất tại xã Phước Thạnh",915.4,5.46,3.0,Bắc,Không xác định,3.0,2.0,Đã có sổ,Không xác định,1.85,27,Tiền Giang,Mỹ Tho,Bán đất tại xã Phước Thạnh,0.0,>90 m²,<4 tỷ,10.4493,106.3422
"Đà Nẵng, Thanh Khê, Bán đất tại đường Điện Biên Phủ",83.0,4.5,10.0,Đông - Bắc,Không xác định,3.0,2.0,Đã có sổ,Không xác định,4.35,27,Đà Nẵng,Thanh Khê,Bán đất tại đường Điện Biên Phủ,0.05,70-90 m²,4-6 tỷ,16.0544,108.2022
"Hà Nội, Thạch Thất, Bán đất tại đường 420",100.0,6.3,6.0,Nam,Không xác định,3.0,2.0,Đã có sổ,Không xác định,4.0,28,Hà Nội,Thạch Thất,Bán đất tại đường 420,0.04,>90 m²,<4 tỷ,21.0285,105.8542
"Đà Nẵng, Sơn Trà, Bán đất tại đường Nguyễn Hữu An",183.0,10.0,7.5,Đông,Không xác định,3.0,2.0,Đã có sổ,Không xác định,0.09,28,Đà Nẵng,Sơn Trà,Bán đất tại đường Nguyễn Hữu An,0.0,>90 m²,<4 tỷ,16.0544,108.2022
"Bình Dương, Dĩ An, Bán đất tại đường Châu Thới",450.0,22.0,20.0,Đông - Bắc,Không xác định,3.0,2.0,Đã có sổ,Không xác định,31.0,28,Bình Dương,Dĩ An,Bán đất tại đường Châu Thới,0.07,>90 m²,>10 tỷ,11.1604,106.6508
"Bình Dương, Dĩ An, Bán đất tại đường Châu Thới",300.0,15.0,12.0,Đông - Nam,Không xác định,3.0,2.0,Đã có sổ,Không xác định,22.0,28,Bình Dương,Dĩ An,Bán đất tại đường Châu Thới,0.07,>90 m²,>10 tỷ,11.1604,106.6508
"Bình Dương, Dĩ An, Bán đất tại đường Quốc lộ 1K",480.0,3.5,9.0,Bắc,Không xác định,3.0,2.0,Đã có sổ,Không xác định,46.0,28,Bình Dương,Dĩ An,Bán đất tại đường Quốc lộ 1K,0.1,>90 m²,>10 tỷ,11.1604,106.6508
"Tây Ninh, Trảng Bàng, Bán đất tại đường Bời Lời",7000.0,9.0,10.0,Đông - Nam,Không xác định,3.0,2.0,Đã có sổ,Không xác định,6.0,23,Tây Ninh,Trảng Bàng,Bán đất tại đường Bời Lời,0.0,>90 m²,4-6 tỷ,11.3601,106.1098
"Bà Rịa Vũng Tàu, Long Đất, Bán đất tại xã Long Tân",424.0,30.0,6.0,Đông - Nam,Không xác định,3.0,2.0,Đã có sổ,Không xác định,4.2,28,Bà Rịa Vũng Tàu,Long Đất,Bán đất tại xã Long Tân,0.01,>90 m²,4-6 tỷ,10.4114,107.1362
"Đồng Tháp, Lai Vung, Bán đất tại đường Tỉnh lộ 852",750.0,14.0,16.0,Nam,Không xác định,3.0,2.0,Đã có sổ,Không xác định,3.6,28,Đồng Tháp,Lai Vung,Bán đất tại đường Tỉnh lộ 852,0.0,>90 m²,<4 tỷ,10.4578,105.6322
"Hồ Chí Minh, Củ Chi, Bán đất tại đường Trung An",2906.0,6.0,10.0,Không xác định,Không xác định,3.0,2.0,Đã có sổ,Không xác định,0.01,28,Hồ Chí Minh,Củ Chi,Bán đất tại đường Trung An,0.0,>90 m²,<4 tỷ,10.7769,106.7009
"Hồ Chí Minh, Củ Chi, Bán đất tại xã An Phú",4139.0,40.0,10.0,Không xác định,Không xác định,3.0,2.0,Đã có sổ,Không xác định,0.0,28,Hồ Chí Minh,Củ Chi,Bán đất tại xã An Phú,0.0,>90 m²,<4 tỷ,10.7769,106.7009
"Đắk Lắk, Ea Kar, Bán đất tại xã Ea Păl",541.0,10.0,3.5,Bắc,Không xác định,3.0,2.0,Đã có sổ,Không xác định,0.2,28,Đắk Lắk,Ea Kar,Bán đất tại xã Ea Păl,0.0,>90 m²,<4 tỷ,12.6667,108.05
"Hồ Chí Minh, Củ Chi, Bán đất tại xã An Phú",8680.0,6.0,10.0,Không xác định,Không xác định,3.0,2.0,Đã có sổ,Không xác định,89.03,28,Hồ Chí Minh,Củ Chi,Bán đất tại xã An Phú,0.01,>90 m²,>10 tỷ,10.7769,106.7009
"Lâm Đồng, Đà Lạt, Bán đất tại đường Mimosa",2590.0,18.0,10.0,Không xác định,Không xác định,3.0,2.0,Đã có sổ,Không xác định,0.01,28,Lâm Đồng,Đà Lạt,Bán đất tại đường Mimosa,0.0,>90 m²,<4 tỷ,11.9404,108.4583
"Tây Ninh, Bến Cầu, Bán đất tại xã Tiên Thuận",4696.0,6.0,10.0,Không xác định,Không xác định,3.0,2.0,Không xác định,Không xác định,439.23,28,Tây Ninh,Bến Cầu,Bán đất tại xã Tiên Thuận,0.09,>90 m²,>10 tỷ,11.3601,106.1098
"Hồ Chí Minh, Củ Chi, Bán đất tại xã Trung Lập Hạ",11140.0,6.0,10.0,Không xác định,Không xác định,3.0,2.0,Đã có sổ,Không xác định,650.0,28,Hồ Chí Minh,Củ Chi,Bán đất tại xã Trung Lập Hạ,0.06,>90 m²,>10 tỷ,10.7769,106.7009
"Đồng Nai, Vĩnh Cửu, Bán đất tại đường Cây Quéo",81.9,6.0,6.0,Tây - Bắc,Không xác định,3.0,2.0,Đã có sổ,Không xác định,1.22,28,Đồng Nai,Vĩnh Cửu,Bán đất tại đường Cây Quéo,0.01,70-90 m²,<4 tỷ,10.9454,106.8248
"Bắc Ninh, Bắc Ninh, Bán đất tại đường Lãm Làng",90.0,6.0,10.0,Không xác định,Không xác định,3.0,2.0,Đã có sổ,Không xác định,7.3,28,Bắc Ninh,Bắc Ninh,Bán đất tại đường Lãm Làng,0.08,70-90 m²,6-8 tỷ,21.1861,106.0763
"Bà Rịa Vũng Tàu, Bà Rịa, Bán đất tại đường Nguyễn Trực",85.0,5.0,10.0,Không xác định,Không xác định,3.0,2.0,Đã có sổ,Không xác định,2.27,28,Bà Rịa Vũng Tàu,Bà Rịa,Bán đất tại đường Nguyễn Trực,0.03,70-90 m²,<4 tỷ,10.4114,107.1362
"Đồng Nai, Nhơn Trạch, Bán đất tại xã Đại Phước",195.5,9.0,5.0,Tây - Bắc,Không xác định,3.0,2.0,Đã có sổ,Không xác định,3.2,27,Đồng Nai,Nhơn Trạch,Bán đất tại xã Đại Phước,0.02,>90 m²,<4 tỷ,10.9454,106.8248
"Khánh Hòa, Vạn Ninh, Bán đất tại xã Vạn Lương",577.0,21.0,30.0,Đông - Nam,Không xác định,3.0,2.0,Đã có sổ,Không xác định,25.0,27,Khánh Hòa,Vạn Ninh,Bán đất tại xã Vạn Lương,0.04,>90 m²,>10 tỷ,12.2388,109.1967
"Bình Dương, Dầu Tiếng, Bán đất tại xã Thanh An",288.0,6.0,10.0,Không xác định,Không xác định,3.0,2.0,Đã có sổ,Không xác định,0.75,28,Bình Dương,Dầu Tiếng,Bán đất tại xã Thanh An,0.0,>90 m²,<4 tỷ,11.1604,106.6508
"Kiên Giang, Phú Quốc, Bán đất tại đường Ba Trại",800.0,20.0,4.5,Tây - Nam,Không xác định,3.0,2.0,Đã có sổ,Không xác định,3.15,28,Kiên Giang,Phú Quốc,Bán đất tại đường Ba Trại,0.0,>90 m²,<4 tỷ,10.0125,105.0809
"Long An, Bến Lức, Bán đất tại xã Thạnh Hòa",2170.0,24.0,3.0,Không xác định,Không xác định,3.0,2.0,Đã có sổ,Không xác định,2.2,28,Long An,Bến Lức,Bán đất tại xã Thạnh Hòa,0.0,>90 m²,<4 tỷ,10.536,106.4099
"Đà Nẵng, Ngũ Hành Sơn, Bán đất tại đường Dương Tôn Hải",90.0,5.0,5.5,Tây,Không xác định,3.0,2.0,Đã có sổ,Không xác định,4.25,28,Đà Nẵng,Ngũ Hành Sơn,Bán đất tại đường Dương Tôn Hải,0.05,70-90 m²,4-6 tỷ,16.0544,108.2022
"Cần Thơ, Bình Thủy, Bán đất tại đường Nguyễn Chí Thanh",232.0,8.0,10.0,Đông - Nam,Không xác định,3.0,2.0,Đã có sổ,Không xác định,4.21,28,Cần Thơ,Bình Thủy,Bán đất tại đường Nguyễn Chí Thanh,0.02,>90 m²,4-6 tỷ,10.0452,105.7469
"Cần Thơ, Phong Điền, Bán đất tại đường Vàm Bi",104.0,4.5,7.0,Tây - Nam,Không xác định,3.0,2.0,Đã có sổ,Không xác định,0.55,28,Cần Thơ,Phong Điền,Bán đất tại đường Vàm Bi,0.01,>90 m²,<4 tỷ,10.0452,105.7469
"Phú Thọ, Thanh Thủy, Bán đất tại xã Tu Vũ",151.0,5.0,16.0,Đông,Không xác định,3.0,2.0,Đã có sổ,Không xác định,1.45,28,Phú Thọ,Thanh Thủy,Bán đất tại xã Tu Vũ,0.01,>90 m²,<4 tỷ,21.3167,105.2167
"Phú Thọ, Thanh Thủy, Bán đất tại đường ĐT 317E",206.0,6.0,6.0,Không xác định,Không xác định,3.0,2.0,Đã có sổ,Không xác định,0.02,28,Phú Thọ,Thanh Thủy,Bán đất tại đường ĐT 317E,0.0,>90 m²,<4 tỷ,21.3167,105.2167
"Đà Nẵng, Ngũ Hành Sơn, Bán đất tại đường Nguyễn Tuyển",90.0,6.0,10.0,Không xác định,Không xác định,3.0,2.0,Đã có sổ,Không xác định,4.6,28,Đà Nẵng,Ngũ Hành Sơn,Bán đất tại đường Nguyễn Tuyển,0.05,70-90 m²,4-6 tỷ,16.0544,108.2022
"Đà Nẵng, Ngũ Hành Sơn, Bán đất tại đường Đông Hải 7",252.0,14.0,5.5,Không xác định,Không xác định,3.0,2.0,Đã có sổ,Không xác định,13.5,28,Đà Nẵng,Ngũ Hành Sơn,Bán đất tại đường Đông Hải 7,0.05,>90 m²,>10 tỷ,16.0544,108.2022
"Phú Thọ, Thanh Thủy, Bán đất tại đường Tỉnh Lộ 317",395.0,6.0,10.0,Không xác định,Không xác định,3.0,2.0,Không xác định,Không xác định,0.06,28,Phú Thọ,Thanh Thủy,Bán đất tại đường Tỉnh Lộ 317,0.0,>90 m²,<4 tỷ,21.3167,105.2167
"Hòa Bình, Tân Lạc, Bán đất tại xã Mỹ Hoà",1635.0,6.0,10.0,Không xác định,Không xác định,3.0,2.0,Đã có sổ,Không xác định,0.98,28,Hòa Bình,Tân Lạc,Bán đất tại xã Mỹ Hoà,0.0,>90 m²,<4 tỷ,20.8133,105.3383
"Bình Phước, Đồng Phú, Bán đất tại đường ĐT 741",1080.0,30.0,100.0,Không xác định,Không xác định,3.0,2.0,Đã có sổ,Không xác định,0.51,28,Bình Phước,Đồng Phú,Bán đất tại đường ĐT 741,0.0,>90 m²,<4 tỷ,11.75,106.9167
"Quảng Ngãi, Mộ Đức, Bán đất tại xã Đức Lợi",197.8,6.0,12.0,Không xác định,Không xác định,3.0,2.0,Đã có sổ,Không xác định,0.89,28,Quảng Ngãi,Mộ Đức,Bán đất tại xã Đức Lợi,0.0,>90 m²,<4 tỷ,15.1205,108.7923
"Đà Nẵng, Hòa Vang, Bán đất tại xã Hòa Phú",340.0,9.0,5.5,Đông - Nam,Không xác định,3.0,2.0,Đã có sổ,Không xác định,1.9,28,Đà Nẵng,Hòa Vang,Bán đất tại xã Hòa Phú,0.01,>90 m²,<4 tỷ,16.0544,108.2022
"Long An, Tân Trụ, Bán đất tại đường Đan",110.7,4.0,4.0,Đông - Nam,Không xác định,3.0,2.0,Đã có sổ,Không xác định,0.33,28,Long An,Tân Trụ,Bán đất tại đường Đan,0.0,>90 m²,<4 tỷ,10.536,106.4099
"Quảng Ninh, Vân Đồn, Bán đất tại đường Liên Xã",436.4,10.0,17.0,Nam,Không xác định,3.0,2.0,Đã có sổ,Không xác định,0.07,28,Quảng Ninh,Vân Đồn,Bán đất tại đường Liên Xã,0.0,>90 m²,<4 tỷ,21.0069,107.2925
"Lâm Đồng, Đức Trọng, Bán đất tại thị trấn Liên Nghĩa",313.0,20.0,6.0,Nam,Không xác định,3.0,2.0,Đã có sổ,Không xác định,10.5,28,Lâm Đồng,Đức Trọng,Bán đất tại thị trấn Liên Nghĩa,0.03,>90 m²,>10 tỷ,11.9404,108.4583
"Bà Rịa Vũng Tàu, Châu Đức, Bán đất tại đường Số 1",1725.0,15.0,15.0,Không xác định,Không xác định,3.0,2.0,Đã có sổ,Không xác định,21.0,25,Bà Rịa Vũng Tàu,Châu Đức,Bán đất tại đường Số 1,0.01,>90 m²,>10 tỷ,10.4114,107.1362
"Đà Nẵng, Sơn Trà, Bán đất tại đường Nguyễn Phan Vinh",60.0,6.0,50.0,Tây - Nam,Không xác định,3.0,2.0,Đã có sổ,Không xác định,4.2,28,Đà Nẵng,Sơn Trà,Bán đất tại đường Nguyễn Phan Vinh,0.07,50-70 m²,4-6 tỷ,16.0544,108.2022
"Bình Dương, Dĩ An, Bán đất tại phường Bình An",6200.0,10.0,5.0,Bắc,Không xác định,3.0,2.0,Đã có sổ,Không xác định,790.0,29,Bình Dương,Dĩ An,Bán đất tại phường Bình An,0.13,>90 m²,>10 tỷ,11.1604,106.6508
"Phú Thọ, Thanh Sơn, Bán đất tại xã Cự Đồng",90.0,5.0,6.0,Không xác định,Không xác định,3.0,2.0,Đã có sổ,Không xác định,0.86,29,Phú Thọ,Thanh Sơn,Bán đất tại xã Cự Đồng,0.01,70-90 m²,<4 tỷ,21.3167,105.2167
"Hà Nội, Phú Xuyên, Bán đất tại xã Phú Túc",508.0,29.0,4.0,Đông - Nam,Không xác định,3.0,2.0,Đã có sổ,Không xác định,0.01,29,Hà Nội,Phú Xuyên,Bán đất tại xã Phú Túc,0.0,>90 m²,<4 tỷ,21.0285,105.8542
"Hải Phòng, Hải An, Bán đất tại đường Cát Vũ",100.0,5.0,5.0,Tây - Nam,Không xác định,3.0,2.0,Đã có sổ,Không xác định,3.5,28,Hải Phòng,Hải An,Bán đất tại đường Cát Vũ,0.04,>90 m²,<4 tỷ,20.8449,106.6881
"Cần Thơ, Cái Răng, Bán đất tại đường Số 5",90.0,4.5,10.0,Tây - Nam,Không xác định,3.0,2.0,Đã có sổ,Không xác định,2.25,28,Cần Thơ,Cái Răng,Bán đất tại đường Số 5,0.02,70-90 m²,<4 tỷ,10.0452,105.7469
"Đà Nẵng, Sơn Trà, Bán đất tại đường Đinh Công Trứ",166.0,8.8,10.0,Tây - Nam,Không xác định,3.0,2.0,Đã có sổ,Không xác định,16.5,28,Đà Nẵng,Sơn Trà,Bán đất tại đường Đinh Công Trứ,0.1,>90 m²,>10 tỷ,16.0544,108.2022
"Hà Nội, Phú Xuyên, Bán đất tại xã Phượng Dực",110.0,6.7,3.0,Đông - Nam,Không xác định,3.0,2.0,Đã có sổ,Không xác định,5.5,28,Hà Nội,Phú Xuyên,Bán đất tại xã Phượng Dực,0.05,>90 m²,4-6 tỷ,21.0285,105.8542
"Đồng Nai, Vĩnh Cửu, Bán đất tại đường Long Chiến",145.0,12.0,12.0,Đông,Không xác định,3.0,2.0,Đã có sổ,Không xác định,1.38,28,Đồng Nai,Vĩnh Cửu,Bán đất tại đường Long Chiến,0.01,>90 m²,<4 tỷ,10.9454,106.8248
"Phú Thọ, Thanh Thủy, Bán đất tại xã Tu Vũ",108.0,5.0,16.0,Không xác định,Không xác định,3.0,2.0,Đã có sổ,Không xác định,1.45,28,Phú Thọ,Thanh Thủy,Bán đất tại xã Tu Vũ,0.01,>90 m²,<4 tỷ,21.3167,105.2167
"Hòa Bình, Cao Phong, Bán đất tại đường Quốc Lộ 6",1423.0,37.0,10.0,Đông - Nam,Không xác định,3.0,2.0,Đã có sổ,Không xác định,1.1,28,Hòa Bình,Cao Phong,Bán đất tại đường Quốc Lộ 6,0.0,>90 m²,<4 tỷ,20.8133,105.3383
"Lâm Đồng, Đức Trọng, Bán đất tại xã Tân Hội",133.3,5.0,8.0,Đông - Bắc,Không xác định,3.0,2.0,Đã có sổ,Không xác định,1.35,28,Lâm Đồng,Đức Trọng,Bán đất tại xã Tân Hội,0.01,>90 m²,<4 tỷ,11.9404,108.4583
"Thanh Hóa, Như Thanh, Bán đất tại thị trấn Bến Sung",110.0,6.0,10.0,Không xác định,Không xác định,3.0,2.0,Đã có sổ,Không xác định,0.55,28,Thanh Hóa,Như Thanh,Bán đất tại thị trấn Bến Sung,0.0,>90 m²,<4 tỷ,19.8067,105.7852
"Bình Định, Hoài Nhơn, Bán đất tại xã Hoài Xuân",133.0,6.0,10.0,Không xác định,Không xác định,3.0,2.0,Đã có sổ,Không xác định,1.5,28,Bình Định,Hoài Nhơn,Bán đất tại xã Hoài Xuân,0.01,>90 m²,<4 tỷ,13.782,109.2194
"Hà Nội, Bắc Từ Liêm, Bán đất tại đường Cổ Nhuế",120.0,6.0,10.0,Không xác định,Không xác định,3.0,2.0,Không xác định,Không xác định,33.0,14,Hà Nội,Bắc Từ Liêm,Bán đất tại đường Cổ Nhuế,0.28,>90 m²,>10 tỷ,21.0285,105.8542
"Hòa Bình, Lạc Thủy, Bán đất tại xã Phú Thành",5216.0,6.0,10.0,Không xác định,Không xác định,3.0,2.0,Đã có sổ,Không xác định,0.0,28,Hòa Bình,Lạc Thủy,Bán đất tại xã Phú Thành,0.0,>90 m²,<4 tỷ,20.8133,105.3383
"Hòa Bình, Lạc Thủy, Bán đất tại xã Phú Thành",1147.0,30.0,4.0,Không xác định,Không xác định,3.0,2.0,Không xác định,Không xác định,0.0,28,Hòa Bình,Lạc Thủy,Bán đất tại xã Phú Thành,0.0,>90 m²,<4 tỷ,20.8133,105.3383
"Bình Phước, Chơn Thành, Bán đất tại đường Số 25",210.0,6.0,10.0,Không xác định,Không xác định,3.0,2.0,Đã có sổ,Không xác định,0.38,28,Bình Phước,Chơn Thành,Bán đất tại đường Số 25,0.0,>90 m²,<4 tỷ,11.75,106.9167
"Tây Ninh, Tây Ninh, Bán đất tại đường Nguyễn Hữu Thọ",128.0,6.0,10.0,Không xác định,Không xác định,3.0,2.0,Không xác định,Không xác định,0.77,28,Tây Ninh,Tây Ninh,Bán đất tại đường Nguyễn Hữu Thọ,0.01,>90 m²,<4 tỷ,11.3601,106.1098
"Bình Phước, Đồng Phú, Bán đất tại đường ĐT 741",1000.0,6.0,100.0,Không xác định,Không xác định,3.0,2.0,Đã có sổ,Không xác định,0.53,28,Bình Phước,Đồng Phú,Bán đất tại đường ĐT 741,0.0,>90 m²,<4 tỷ,11.75,106.9167
"Hồ Chí Minh, Bình Chánh, Bán đất tại đường Đoàn Nguyễn Tuấn",477.0,12.0,4.0,Nam,Không xác định,3.0,2.0,Đã có sổ,Không xác định,7.7,28,Hồ Chí Minh,Bình Chánh,Bán đất tại đường Đoàn Nguyễn Tuấn,0.02,>90 m²,6-8 tỷ,10.7769,106.7009
"Quảng Nam, Đại Lộc, Bán đất tại xã Đại An",215.0,8.0,5.0,Đông - Nam,Không xác định,3.0,2.0,Đã có sổ,Không xác định,1.0,29,Quảng Nam,Đại Lộc,Bán đất tại xã Đại An,0.0,>90 m²,<4 tỷ,15.5667,108.4833
"Lâm Đồng, Đà Lạt, Bán đất tại đường 725",631.0,12.0,10.0,Không xác định,Không xác định,3.0,2.0,Đã có sổ,Không xác định,6.0,23,Lâm Đồng,Đà Lạt,Bán đất tại đường 725,0.01,>90 m²,4-6 tỷ,11.9404,108.4583
"Đồng Nai, Thống Nhất, Bán đất tại xã Gia Tân 3",3600.0,6.0,10.0,Không xác định,Không xác định,3.0,2.0,Đã có sổ,Không xác định,1.4,29,Đồng Nai,Thống Nhất,Bán đất tại xã Gia Tân 3,0.0,>90 m²,<4 tỷ,10.9454,106.8248
"Hà Nội, Tây Hồ, Bán đất tại đường An Dương Vương",100.0,6.4,3.5,Không xác định,Không xác định,3.0,2.0,Đã có sổ,Không xác định,23.0,29,Hà Nội,Tây Hồ,Bán đất tại đường An Dương Vương,0.23,>90 m²,>10 tỷ,21.0285,105.8542
"Hồ Chí Minh, Quận 9, Bán đất tại đường Hoàng Hữu Nam",187.2,6.0,10.0,Không xác định,Không xác định,3.0,2.0,Đã có sổ,Không xác định,22.0,29,Hồ Chí Minh,Quận 9,Bán đất tại đường Hoàng Hữu Nam,0.12,>90 m²,>10 tỷ,10.7769,106.7009
"Quảng Bình, Quảng Ninh, Bán đất tại xã Hải Ninh",3000.0,50.0,20.0,Không xác định,Không xác định,3.0,2.0,Đã có sổ,Không xác định,0.5,29,Quảng Bình,Quảng Ninh,Bán đất tại xã Hải Ninh,0.0,>90 m²,<4 tỷ,17.469,106.6227
"Cần Thơ, Bình Thủy, Bán đất tại phường Long Hòa",2000.0,6.0,10.0,Tây - Nam,Không xác định,3.0,2.0,Đã có sổ,Không xác định,1.99,29,Cần Thơ,Bình Thủy,Bán đất tại phường Long Hòa,0.0,>90 m²,<4 tỷ,10.0452,105.7469
"Bà Rịa Vũng Tàu, Châu Đức, Bán đất tại xã Suối Rao",22015.0,35.0,30.0,Đông - Bắc,Không xác định,3.0,2.0,Đã có sổ,Không xác định,23.0,29,Bà Rịa Vũng Tàu,Châu Đức,Bán đất tại xã Suối Rao,0.0,>90 m²,>10 tỷ,10.4114,107.1362
"Kiên Giang, Rạch Giá, Bán đất tại đường Quang Trung",90.0,5.0,7.0,Đông - Nam,Không xác định,3.0,2.0,Đã có sổ,Không xác định,0.61,29,Kiên Giang,Rạch Giá,Bán đất tại đường Quang Trung,0.01,70-90 m²,<4 tỷ,10.0125,105.0809
"Hải Phòng, An Dương, Bán đất tại đường Quốc Lộ 17B",145.0,11.0,3.0,Đông - Bắc,Không xác định,3.0,2.0,Đã có sổ,Không xác định,0.01,29,Hải Phòng,An Dương,Bán đất tại đường Quốc Lộ 17B,0.0,>90 m²,<4 tỷ,20.8449,106.6881
"Đồng Nai, Vĩnh Cửu, Bán đất tại đường 768",520.0,8.0,10.0,Không xác định,Không xác định,3.0,2.0,Không xác định,Không xác định,2.5,29,Đồng Nai,Vĩnh Cửu,Bán đất tại đường 768,0.0,>90 m²,<4 tỷ,10.9454,106.8248
"Hải Phòng, Ngô Quyền, Bán đất tại đường Lê Hồng Phong",1600.0,32.0,64.0,Không xác định,Không xác định,3.0,2.0,Đã có sổ,Không xác định,0.26,29,Hải Phòng,Ngô Quyền,Bán đất tại đường Lê Hồng Phong,0.0,>90 m²,<4 tỷ,20.8449,106.6881
"Lâm Đồng, Bảo Lộc, Bán đất tại đường Nguyễn Khuyến",180.0,6.0,10.0,Không xác định,Không xác định,3.0,2.0,Không xác định,Không xác định,10.0,29,Lâm Đồng,Bảo Lộc,Bán đất tại đường Nguyễn Khuyến,0.06,>90 m²,8-10 tỷ,11.9404,108.4583
"Đà Nẵng, Sơn Trà, Bán đất tại đường Chính Hữu",125.0,8.0,4.0,Đông - Bắc,Không xác định,3.0,2.0,Đã có sổ,Không xác định,11.2,29,Đà Nẵng,Sơn Trà,Bán đất tại đường Chính Hữu,0.09,>90 m²,>10 tỷ,16.0544,108.2022
"Bình Dương, Bến Cát, Bán đất tại đường 18",15632.0,50.0,8.0,Đông,Không xác định,3.0,2.0,Đã có sổ,Không xác định,0.0,29,Bình Dương,Bến Cát,Bán đất tại đường 18,0.0,>90 m²,<4 tỷ,11.1604,106.6508
"Lâm Đồng, Lâm Hà, Bán đất tại đường Tỉnh lộ 725",11000.0,100.0,4.0,Đông - Nam,Không xác định,3.0,2.0,Đã có sổ,Không xác định,6.8,29,Lâm Đồng,Lâm Hà,Bán đất tại đường Tỉnh lộ 725,0.0,>90 m²,6-8 tỷ,11.9404,108.4583
"Quảng Bình, Quảng Ninh, Bán đất tại xã Hải Ninh",2400.0,40.0,20.0,Không xác định,Không xác định,3.0,2.0,Đã có sổ,Không xác định,0.4,29,Quảng Bình,Quảng Ninh,Bán đất tại xã Hải Ninh,0.0,>90 m²,<4 tỷ,17.469,106.6227
"Tây Ninh, Tây Ninh, Bán đất tại đường Nguyễn Văn Rốp",177.1,6.0,10.0,Không xác định,Không xác định,3.0,2.0,Đã có sổ,Không xác định,2.3,29,Tây Ninh,Tây Ninh,Bán đất tại đường Nguyễn Văn Rốp,0.01,>90 m²,<4 tỷ,11.3601,106.1098
"Bà Rịa Vũng Tàu, Phú Mỹ, Bán đất tại đường Võ Văn Kiệt",8363.0,6.0,8.0,Không xác định,Không xác định,3.0,2.0,Đã có sổ,Không xác định,23.0,4,Bà Rịa Vũng Tàu,Phú Mỹ,Bán đất tại đường Võ Văn Kiệt,0.0,>90 m²,>10 tỷ,10.4114,107.1362
"Nam Định, Hải Hậu, Bán đất tại xã Hải Xuân",90.0,5.0,10.0,Không xác định,Không xác định,3.0,2.0,Đã có sổ,Không xác định,1.0,29,Nam Định,Hải Hậu,Bán đất tại xã Hải Xuân,0.01,70-90 m²,<4 tỷ,20.42,106.1683
"Đắk Nông, Gia Nghĩa, Bán đất tại phường Nghĩa Trung",285.0,8.88,12.0,Không xác định,Không xác định,3.0,2.0,Đã có sổ,Không xác định,2.39,29,Đắk Nông,Gia Nghĩa,Bán đất tại phường Nghĩa Trung,0.01,>90 m²,<4 tỷ,12.25,107.6833
"Đồng Nai, Long Khánh, Bán đất tại đường Điểu Xiển",4200.0,60.0,5.0,Bắc,Không xác định,3.0,2.0,Đã có sổ,Không xác định,0.9,29,Đồng Nai,Long Khánh,Bán đất tại đường Điểu Xiển,0.0,>90 m²,<4 tỷ,10.9454,106.8248
"Hà Nội, Ba Vì, Bán đất tại xã Cẩm Lĩnh",1982.0,22.0,8.0,Không xác định,Không xác định,3.0,2.0,Đã có sổ,Không xác định,13.0,29,Hà Nội,Ba Vì,Bán đất tại xã Cẩm Lĩnh,0.01,>90 m²,>10 tỷ,21.0285,105.8542
"Hà Nội, Ba Vì, Bán đất tại xã Cẩm Lĩnh",1910.0,24.0,8.0,Không xác định,Không xác định,3.0,2.0,Đã có sổ,Không xác định,14.0,29,Hà Nội,Ba Vì,Bán đất tại xã Cẩm Lĩnh,0.01,>90 m²,>10 tỷ,21.0285,105.8542
"Lâm Đồng, Đức Trọng, Bán đất tại đường Quốc Lộ 20",4311.0,7.0,10.0,Không xác định,Không xác định,3.0,2.0,Đã có sổ,Không xác định,23.5,29,Lâm Đồng,Đức Trọng,Bán đất tại đường Quốc Lộ 20,0.01,>90 m²,>10 tỷ,11.9404,108.4583
"Long An, Tân An, Bán đất tại phường 6",769.1,6.0,10.0,Không xác định,Không xác định,3.0,2.0,Đã có sổ,Không xác định,27.0,29,Long An,Tân An,Bán đất tại phường 6,0.04,>90 m²,>10 tỷ,10.536,106.4099
"Long An, Tân Trụ, Bán đất tại đường ĐT 833",1945.0,4.0,10.0,Không xác định,Không xác định,3.0,2.0,Đã có sổ,Không xác định,16.0,29,Long An,Tân Trụ,Bán đất tại đường ĐT 833,0.01,>90 m²,>10 tỷ,10.536,106.4099
"Hòa Bình, Mai Châu, Bán đất tại đường Quốc lộ 15",50.0,5.0,12.0,Nam,Không xác định,3.0,2.0,Đã có sổ,Không xác định,0.77,29,Hòa Bình,Mai Châu,Bán đất tại đường Quốc lộ 15,0.02,30-50 m²,<4 tỷ,20.8133,105.3383
"Đồng Nai, Trảng Bom, Bán đất tại đường Sông Thao",80.0,5.0,10.0,Không xác định,Không xác định,3.0,2.0,Đã có sổ,Không xác định,3.86,29,Đồng Nai,Trảng Bom,Bán đất tại đường Sông Thao,0.05,70-90 m²,<4 tỷ,10.9454,106.8248
"Hồ Chí Minh, Quận 7, Bán đất tại đường Lâm Văn Bền",274.0,9.0,10.0,Không xác định,Không xác định,3.0,2.0,Đã có sổ,Không xác định,0.2,29,Hồ Chí Minh,Quận 7,Bán đất tại đường Lâm Văn Bền,0.0,>90 m²,<4 tỷ,10.7769,106.7009
"Hà Nội, Ba Vì, Bán đất tại xã Cẩm Lĩnh",1674.0,18.0,8.0,Không xác định,Không xác định,3.0,2.0,Đã có sổ,Không xác định,17.0,29,Hà Nội,Ba Vì,Bán đất tại xã Cẩm Lĩnh,0.01,>90 m²,>10 tỷ,21.0285,105.8542
"Hà Nội, Sơn Tây, Bán đất tại xã Cổ Đông",100.0,6.0,6.0,Đông - Nam,Không xác định,3.0,2.0,Đã có sổ,Không xác định,2.0,29,Hà Nội,Sơn Tây,Bán đất tại xã Cổ Đông,0.02,>90 m²,<4 tỷ,21.0285,105.8542
"Khánh Hòa, Nha Trang, Bán đất tại xã Vĩnh Hiệp",86.5,6.0,10.0,Không xác định,Không xác định,3.0,2.0,Không xác định,Không xác định,9.17,29,Khánh Hòa,Nha Trang,Bán đất tại xã Vĩnh Hiệp,0.11,70-90 m²,8-10 tỷ,12.2388,109.1967
"Hà Nội, Ba Vì, Bán đất tại xã Cẩm Lĩnh",1568.0,19.0,10.0,Không xác định,Không xác định,3.0,2.0,Đã có sổ,Không xác định,16.0,29,Hà Nội,Ba Vì,Bán đất tại xã Cẩm Lĩnh,0.01,>90 m²,>10 tỷ,21.0285,105.8542
"Đồng Nai, Vĩnh Cửu, Bán đất tại đường Tỉnh Lộ 768",100.0,5.0,20.0,Không xác định,Không xác định,3.0,2.0,Đã có sổ,Không xác định,1.35,29,Đồng Nai,Vĩnh Cửu,Bán đất tại đường Tỉnh Lộ 768,0.01,>90 m²,<4 tỷ,10.9454,106.8248
"Đồng Nai, Thống Nhất, Bán đất tại đường 769",420.0,8.0,8.0,Đông - Nam,Không xác định,3.0,2.0,Đã có sổ,Không xác định,2.9,29,Đồng Nai,Thống Nhất,Bán đất tại đường 769,0.01,>90 m²,<4 tỷ,10.9454,106.8248
"Long An, Kiến Tường, Bán đất tại xã Bình Hiệp",708.0,15.0,10.0,Không xác định,Không xác định,3.0,2.0,Không xác định,Không xác định,1.8,29,Long An,Kiến Tường,Bán đất tại xã Bình Hiệp,0.0,>90 m²,<4 tỷ,10.536,106.4099
"Đồng Nai, Vĩnh Cửu, Bán đất tại đường Tỉnh Lộ 768",90.0,5.0,8.0,Không xác định,Không xác định,3.0,2.0,Đã có sổ,Không xác định,1.18,27,Đồng Nai,Vĩnh Cửu,Bán đất tại đường Tỉnh Lộ 768,0.01,70-90 m²,<4 tỷ,10.9454,106.8248
"Đồng Nai, Thống Nhất, Bán đất tại đường Tỉnh lộ 769",100.0,5.0,5.0,Đông - Bắc,Không xác định,3.0,2.0,Đã có sổ,Không xác định,0.89,29,Đồng Nai,Thống Nhất,Bán đất tại đường Tỉnh lộ 769,0.01,>90 m²,<4 tỷ,10.9454,106.8248
"Đồng Nai, Thống Nhất, Bán đất tại đường 769",110.0,5.0,8.0,Không xác định,Không xác định,3.0,2.0,Đã có sổ,Không xác định,0.75,29,Đồng Nai,Thống Nhất,Bán đất tại đường 769,0.01,>90 m²,<4 tỷ,10.9454,106.8248
"Hồ Chí Minh, Quận 6, Bán đất tại đường Số 24",648.0,24.0,10.0,Không xác định,Không xác định,3.0,2.0,Đã có sổ,Không xác định,96.0,26,Hồ Chí Minh,Quận 6,Bán đất tại đường Số 24,0.15,>90 m²,>10 tỷ,10.7769,106.7009
"Bình Dương, Thuận An, Bán đất tại đường Bình Nhâm 88",1015.8,20.9,6.0,Đông - Bắc,Không xác định,3.0,2.0,Đã có sổ,Không xác định,0.01,29,Bình Dương,Thuận An,Bán đất tại đường Bình Nhâm 88,0.0,>90 m²,<4 tỷ,11.1604,106.6508
"Bình Dương, Thuận An, Bán đất tại đường Vĩnh Phú 32",609.0,8.5,5.0,Không xác định,Không xác định,3.0,2.0,Đã có sổ,Không xác định,9.79,29,Bình Dương,Thuận An,Bán đất tại đường Vĩnh Phú 32,0.02,>90 m²,8-10 tỷ,11.1604,106.6508
"Quảng Nam, Núi Thành, Bán đất tại xã Tam Tiến",670.0,30.0,5.0,Đông - Nam,Không xác định,3.0,2.0,Không xác định,Không xác định,9.0,29,Quảng Nam,Núi Thành,Bán đất tại xã Tam Tiến,0.01,>90 m²,8-10 tỷ,15.5667,108.4833
"Bà Rịa Vũng Tàu, Châu Đức, Bán đất tại xã Bình Trung",1000.0,6.0,10.0,Đông - Nam,Không xác định,3.0,2.0,Đã có sổ,Không xác định,0.71,29,Bà Rịa Vũng Tàu,Châu Đức,Bán đất tại xã Bình Trung,0.0,>90 m²,<4 tỷ,10.4114,107.1362
"Hồ Chí Minh, Thủ Đức, Bán đất tại đường Số 4",130.0,7.0,9.0,Không xác định,Không xác định,3.0,2.0,Đã có sổ,Không xác định,9.1,29,Hồ Chí Minh,Thủ Đức,Bán đất tại đường Số 4,0.07,>90 m²,8-10 tỷ,10.7769,106.7009
"Tiền Giang, Mỹ Tho, Bán đất tại xã Phước Thạnh",2068.0,5.0,3.0,Bắc,Không xác định,3.0,2.0,Đã có sổ,Không xác định,4.65,29,Tiền Giang,Mỹ Tho,Bán đất tại xã Phước Thạnh,0.0,>90 m²,4-6 tỷ,10.4493,106.3422
"Lâm Đồng, Đà Lạt, Bán đất tại đường Phan Chu Trinh",500.0,13.8,10.0,Đông - Nam,Không xác định,3.0,2.0,Đã có sổ,Không xác định,4.0,29,Lâm Đồng,Đà Lạt,Bán đất tại đường Phan Chu Trinh,0.01,>90 m²,<4 tỷ,11.9404,108.4583
"Long An, Cần Giuộc, Bán đất tại đường Ấp 2",358.0,28.0,28.0,Đông,Không xác định,3.0,2.0,Đã có sổ,Không xác định,0.01,29,Long An,Cần Giuộc,Bán đất tại đường Ấp 2,0.0,>90 m²,<4 tỷ,10.536,106.4099
"Hồ Chí Minh, Bình Chánh, Bán đất tại đường Hoàng Phan Thái",80.0,30.0,10.0,Không xác định,Không xác định,3.0,2.0,Đã có sổ,Không xác định,3.0,29,Hồ Chí Minh,Bình Chánh,Bán đất tại đường Hoàng Phan Thái,0.04,70-90 m²,<4 tỷ,10.7769,106.7009
"Đồng Nai, Vĩnh Cửu, Bán đất tại xã Thạnh Phú",80.1,6.0,10.0,Không xác định,Không xác định,3.0,2.0,Không xác định,Không xác định,1.45,29,Đồng Nai,Vĩnh Cửu,Bán đất tại xã Thạnh Phú,0.02,70-90 m²,<4 tỷ,10.9454,106.8248
"Quảng Nam, Điện Bàn, Bán đất tại đường Trần Phú",300.0,33.0,33.0,Bắc,Không xác định,3.0,2.0,Đã có sổ,Không xác định,6.2,29,Quảng Nam,Điện Bàn,Bán đất tại đường Trần Phú,0.02,>90 m²,6-8 tỷ,15.5667,108.4833
"Đà Nẵng, Ngũ Hành Sơn, Bán đất tại đường Hói Kiểng 2",110.0,6.0,10.0,Không xác định,Không xác định,3.0,2.0,Không xác định,Không xác định,5.5,29,Đà Nẵng,Ngũ Hành Sơn,Bán đất tại đường Hói Kiểng 2,0.05,>90 m²,4-6 tỷ,16.0544,108.2022
"Quảng Ngãi, Bình Sơn, Bán đất tại xã Bình Châu",125.0,6.0,6.0,Tây - Bắc,Không xác định,3.0,2.0,Đã có sổ,Không xác định,1.2,29,Quảng Ngãi,Bình Sơn,Bán đất tại xã Bình Châu,0.01,>90 m²,<4 tỷ,15.1205,108.7923
"Nam Định, Giao Thủy, Bán đất tại xã Bạch Long",108.0,6.7,10.0,Tây - Bắc,Không xác định,3.0,2.0,Đã có sổ,Không xác định,1.35,29,Nam Định,Giao Thủy,Bán đất tại xã Bạch Long,0.01,>90 m²,<4 tỷ,20.42,106.1683
"Hồ Chí Minh, Củ Chi, Bán đất tại xã Phú Hòa Đông",6000.0,6.0,10.0,Không xác định,Không xác định,3.0,2.0,Đã có sổ,Không xác định,36.0,29,Hồ Chí Minh,Củ Chi,Bán đất tại xã Phú Hòa Đông,0.01,>90 m²,>10 tỷ,10.7769,106.7009
"Hồ Chí Minh, Củ Chi, Bán đất tại xã Tân Thạnh Đông",1300.0,6.0,10.0,Không xác định,Không xác định,3.0,2.0,Đã có sổ,Không xác định,14.0,29,Hồ Chí Minh,Củ Chi,Bán đất tại xã Tân Thạnh Đông,0.01,>90 m²,>10 tỷ,10.7769,106.7009
"Hải Phòng, Ngô Quyền, Bán đất tại phường Đằng Giang",100.0,5.0,25.0,Không xác định,Không xác định,3.0,2.0,Không xác định,Không xác định,0.12,29,Hải Phòng,Ngô Quyền,Bán đất tại phường Đằng Giang,0.0,>90 m²,<4 tỷ,20.8449,106.6881
"Hà Nội, Sơn Tây, Bán đất tại xã Cổ Đông",100.0,6.49,10.0,Không xác định,Không xác định,3.0,2.0,Không xác định,Không xác định,2.0,29,Hà Nội,Sơn Tây,Bán đất tại xã Cổ Đông,0.02,>90 m²,<4 tỷ,21.0285,105.8542
"Thanh Hóa, Thanh Hóa, Bán đất tại xã Quảng Đông",51.6,6.0,10.0,Không xác định,Không xác định,3.0,2.0,Không xác định,Không xác định,1.25,29,Thanh Hóa,Thanh Hóa,Bán đất tại xã Quảng Đông,0.02,50-70 m²,<4 tỷ,19.8067,105.7852
"Hồ Chí Minh, Thủ Đức, Bán đất tại đường 104",352.0,12.2,6.0,Bắc,Không xác định,3.0,2.0,Đã có sổ,Không xác định,0.05,29,Hồ Chí Minh,Thủ Đức,Bán đất tại đường 104,0.0,>90 m²,<4 tỷ,10.7769,106.7009
"Hải Phòng, Ngô Quyền, Bán đất tại đường Bạch Thái Bưởi",59.6,4.96,30.0,Đông,Không xác định,3.0,2.0,Đã có sổ,Không xác định,8.2,29,Hải Phòng,Ngô Quyền,Bán đất tại đường Bạch Thái Bưởi,0.14,50-70 m²,8-10 tỷ,20.8449,106.6881
"Hải Phòng, Ngô Quyền, Bán đất tại đường Đông Khê",61.6,3.95,20.0,Tây - Nam,Không xác định,3.0,2.0,Đã có sổ,Không xác định,7.2,29,Hải Phòng,Ngô Quyền,Bán đất tại đường Đông Khê,0.12,50-70 m²,6-8 tỷ,20.8449,106.6881
"Khánh Hòa, Cam Lâm, Bán đất tại xã Cam Tân",100.0,5.0,3.0,Đông - Nam,Không xác định,3.0,2.0,Đã có sổ,Không xác định,0.7,29,Khánh Hòa,Cam Lâm,Bán đất tại xã Cam Tân,0.01,>90 m²,<4 tỷ,12.2388,109.1967
"Hà Nội, Hoài Đức, Bán đất tại xã Di Trạch",98.0,6.0,9.0,Không xác định,Không xác định,3.0,2.0,Đã có sổ,Không xác định,12.0,29,Hà Nội,Hoài Đức,Bán đất tại xã Di Trạch,0.12,>90 m²,>10 tỷ,21.0285,105.8542
"Hồ Chí Minh, Hóc Môn, Bán đất tại đường Lê Thị Lơ",159.0,10.0,10.0,Tây - Bắc,Không xác định,3.0,2.0,Đã có sổ,Không xác định,5.2,29,Hồ Chí Minh,Hóc Môn,Bán đất tại đường Lê Thị Lơ,0.03,>90 m²,4-6 tỷ,10.7769,106.7009
"Lâm Đồng, Bảo Lộc, Bán đất tại đường Đoàn Thị Điểm",4021.0,88.5,4.0,Tây - Nam,Không xác định,3.0,2.0,Đã có sổ,Không xác định,12.6,29,Lâm Đồng,Bảo Lộc,Bán đất tại đường Đoàn Thị Điểm,0.0,>90 m²,>10 tỷ,11.9404,108.4583
"Bình Dương, Dĩ An, Bán đất tại phường Bình An",510.0,20.0,15.0,Đông - Nam,Không xác định,3.0,2.0,Đã có sổ,Không xác định,29.0,29,Bình Dương,Dĩ An,Bán đất tại phường Bình An,0.06,>90 m²,>10 tỷ,11.1604,106.6508
"Bình Thuận, Phan Thiết, Bán đất tại đường Hồ Xuân Hương",640.0,21.5,10.0,Không xác định,Không xác định,3.0,2.0,Đã có sổ,Không xác định,12.5,29,Bình Thuận,Phan Thiết,Bán đất tại đường Hồ Xuân Hương,0.02,>90 m²,>10 tỷ,11.0904,108.0722
"Hà Nội, Hoài Đức, Bán đất tại đường Quốc lộ 32",67.0,5.5,30.0,Không xác định,Không xác định,3.0,2.0,Đã có sổ,Không xác định,12.5,29,Hà Nội,Hoài Đức,Bán đất tại đường Quốc lộ 32,0.19,50-70 m²,>10 tỷ,21.0285,105.8542
"Nam Định, Ý Yên, Bán đất tại xã Hồng Quang",200.0,5.1,15.0,Không xác định,Không xác định,3.0,2.0,Đã có sổ,Không xác định,7.8,29,Nam Định,Ý Yên,Bán đất tại xã Hồng Quang,0.04,>90 m²,6-8 tỷ,20.42,106.1683
"Hà Nội, Sơn Tây, Bán đất tại đường Đồng Trạng",100.0,6.0,9.0,Không xác định,Không xác định,3.0,2.0,Đã có sổ,Không xác định,2.1,27,Hà Nội,Sơn Tây,Bán đất tại đường Đồng Trạng,0.02,>90 m²,<4 tỷ,21.0285,105.8542
"Đồng Nai, Long Khánh, Bán đất tại xã Hàng Gòn",2273.0,28.0,10.0,Không xác định,Không xác định,3.0,2.0,Không xác định,Không xác định,4.4,29,Đồng Nai,Long Khánh,Bán đất tại xã Hàng Gòn,0.0,>90 m²,4-6 tỷ,10.9454,106.8248
"Đà Nẵng, Hòa Vang, Bán đất tại xã Hòa Liên",100.0,7.5,7.5,Tây - Nam,Không xác định,3.0,2.0,Đã có sổ,Không xác định,2.8,28,Đà Nẵng,Hòa Vang,Bán đất tại xã Hòa Liên,0.03,>90 m²,<4 tỷ,16.0544,108.2022
"Đồng Nai, Long Khánh, Bán đất tại xã Hàng Gòn",2000.0,20.0,5.0,Không xác định,Không xác định,3.0,2.0,Đã có sổ,Không xác định,3.35,29,Đồng Nai,Long Khánh,Bán đất tại xã Hàng Gòn,0.0,>90 m²,<4 tỷ,10.9454,106.8248
"Đồng Nai, Long Khánh, Bán đất tại xã Hàng Gòn",1288.0,20.0,10.0,Không xác định,Không xác định,3.0,2.0,Không xác định,Không xác định,1.91,29,Đồng Nai,Long Khánh,Bán đất tại xã Hàng Gòn,0.0,>90 m²,<4 tỷ,10.9454,106.8248
"Đồng Nai, Long Khánh, Bán đất tại xã Hàng Gòn",1000.0,6.0,10.0,Không xác định,Không xác định,3.0,2.0,Không xác định,Không xác định,1.3,29,Đồng Nai,Long Khánh,Bán đất tại xã Hàng Gòn,0.0,>90 m²,<4 tỷ,10.9454,106.8248
"Đà Nẵng, Liên Chiểu, Bán đất tại đường Hòa Phú 25",100.0,5.0,7.5,Tây - Bắc,Không xác định,3.0,2.0,Đã có sổ,Không xác định,7.0,10,Đà Nẵng,Liên Chiểu,Bán đất tại đường Hòa Phú 25,0.07,>90 m²,6-8 tỷ,16.0544,108.2022
"Lâm Đồng, Bảo Lâm, Bán đất tại đường Quốc Lộ 20",138.0,5.0,10.0,Không xác định,Không xác định,3.0,2.0,Không xác định,Không xác định,1.95,29,Lâm Đồng,Bảo Lâm,Bán đất tại đường Quốc Lộ 20,0.01,>90 m²,<4 tỷ,11.9404,108.4583
"Kiên Giang, Phú Quốc, Bán đất tại đường Nguyễn Trung Trực",216.0,12.0,8.0,Đông,Không xác định,3.0,2.0,Đã có sổ,Không xác định,2.55,29,Kiên Giang,Phú Quốc,Bán đất tại đường Nguyễn Trung Trực,0.01,>90 m²,<4 tỷ,10.0125,105.0809
"Quảng Nam, Thăng Bình, Bán đất tại xã Bình Dương",3171.0,46.5,7.5,Tây - Bắc,Không xác định,3.0,2.0,Đã có sổ,Không xác định,0.01,29,Quảng Nam,Thăng Bình,Bán đất tại xã Bình Dương,0.0,>90 m²,<4 tỷ,15.5667,108.4833
"Quảng Nam, Thăng Bình, Bán đất tại đường Võ Chí Công",1032.0,32.0,6.0,Đông - Nam,Không xác định,3.0,2.0,Đã có sổ,Không xác định,0.01,29,Quảng Nam,Thăng Bình,Bán đất tại đường Võ Chí Công,0.0,>90 m²,<4 tỷ,15.5667,108.4833
"Hồ Chí Minh, Quận 9, Bán đất tại đường Võ Văn Hát",86.0,8.0,8.0,Tây - Bắc,Không xác định,3.0,2.0,Đã có sổ,Không xác định,5.75,29,Hồ Chí Minh,Quận 9,Bán đất tại đường Võ Văn Hát,0.07,70-90 m²,4-6 tỷ,10.7769,106.7009
"Quảng Nam, Thăng Bình, Bán đất tại xã Bình Dương",1277.0,15.0,7.5,Đông - Nam,Không xác định,3.0,2.0,Đã có sổ,Không xác định,0.01,29,Quảng Nam,Thăng Bình,Bán đất tại xã Bình Dương,0.0,>90 m²,<4 tỷ,15.5667,108.4833
"Hòa Bình, Lạc Sơn, Bán đất tại đường Quốc Lộ 12B",124.0,5.0,6.0,Đông - Nam,Không xác định,3.0,2.0,Đã có sổ,Không xác định,0.35,24,Hòa Bình,Lạc Sơn,Bán đất tại đường Quốc Lộ 12B,0.0,>90 m²,<4 tỷ,20.8133,105.3383
"Hồ Chí Minh, Quận 9, Bán đất tại đường Võ Văn Hát",91.5,6.0,6.0,Không xác định,Không xác định,3.0,2.0,Đã có sổ,Không xác định,5.85,29,Hồ Chí Minh,Quận 9,Bán đất tại đường Võ Văn Hát,0.06,>90 m²,4-6 tỷ,10.7769,106.7009
"Hà Nội, Chương Mỹ, Bán đất tại xã Phụng Châu",71.0,5.4,2.4,Đông,Không xác định,3.0,2.0,Đã có sổ,Không xác định,3.3,24,Hà Nội,Chương Mỹ,Bán đất tại xã Phụng Châu,0.05,70-90 m²,<4 tỷ,21.0285,105.8542
"Trà Vinh, Trà Vinh, Bán đất tại đường Lê Lợi",75.0,5.0,6.0,Bắc,Không xác định,3.0,2.0,Đã có sổ,Không xác định,1.15,27,Trà Vinh,Trà Vinh,Bán đất tại đường Lê Lợi,0.02,70-90 m²,<4 tỷ,9.9347,106.3453
"Hồ Chí Minh, Quận 9, Bán đất tại đường Long Phước",102.0,16.0,16.0,Không xác định,Không xác định,3.0,2.0,Đã có sổ,Không xác định,6.3,29,Hồ Chí Minh,Quận 9,Bán đất tại đường Long Phước,0.06,>90 m²,6-8 tỷ,10.7769,106.7009
"Hồ Chí Minh, Quận 2, Bán đất tại đường Nguyễn Văn Kỉnh",135.0,6.0,20.0,Không xác định,Không xác định,3.0,2.0,Đã có sổ,Không xác định,32.0,29,Hồ Chí Minh,Quận 2,Bán đất tại đường Nguyễn Văn Kỉnh,0.24,>90 m²,>10 tỷ,10.7769,106.7009
"Hồ Chí Minh, Quận 2, Bán đất tại đường Số 46-CL",140.0,7.0,12.0,Không xác định,Không xác định,3.0,2.0,Đã có sổ,Không xác định,9.2,29,Hồ Chí Minh,Quận 2,Bán đất tại đường Số 46-CL,0.07,>90 m²,8-10 tỷ,10.7769,106.7009
"Đà Nẵng, Thanh Khê, Bán đất tại đường Nguyễn Tất Thành",125.0,5.0,10.0,Không xác định,Không xác định,3.0,2.0,Đã có sổ,Không xác định,0.12,29,Đà Nẵng,Thanh Khê,Bán đất tại đường Nguyễn Tất Thành,0.0,>90 m²,<4 tỷ,16.0544,108.2022
"Bắc Ninh, Thuận Thành, Bán đất tại xã Trạm Lộ",82.8,6.1,4.5,Tây - Nam,Không xác định,3.0,2.0,Đã có sổ,Không xác định,1.85,29,Bắc Ninh,Thuận Thành,Bán đất tại xã Trạm Lộ,0.02,70-90 m²,<4 tỷ,21.1861,106.0763
"Hồ Chí Minh, Quận 2, Bán đất tại đường Lưu Đình Lễ",3028.0,47.0,10.0,Không xác định,Không xác định,3.0,2.0,Không xác định,Không xác định,640.0,29,Hồ Chí Minh,Quận 2,Bán đất tại đường Lưu Đình Lễ,0.21,>90 m²,>10 tỷ,10.7769,106.7009
"Hà Nội, Đông Anh, Bán đất tại đường Tiên Hùng",102.0,5.5,5.0,Bắc,Không xác định,3.0,2.0,Đã có sổ,Không xác định,5.65,29,Hà Nội,Đông Anh,Bán đất tại đường Tiên Hùng,0.06,>90 m²,4-6 tỷ,21.0285,105.8542
"Lâm Đồng, Đức Trọng, Bán đất tại đường Quốc Lộ 20",4200.0,27.0,10.0,Không xác định,Không xác định,3.0,2.0,Đã có sổ,Không xác định,22.0,29,Lâm Đồng,Đức Trọng,Bán đất tại đường Quốc Lộ 20,0.01,>90 m²,>10 tỷ,11.9404,108.4583
"Đồng Nai, Long Khánh, Bán đất tại xã Hàng Gòn",3000.0,56.0,10.0,Không xác định,Không xác định,3.0,2.0,Không xác định,Không xác định,7.5,29,Đồng Nai,Long Khánh,Bán đất tại xã Hàng Gòn,0.0,>90 m²,6-8 tỷ,10.9454,106.8248
"Đồng Nai, Long Thành, Bán đất tại xã Tân Hiệp",4881.5,6.0,10.0,Không xác định,Không xác định,3.0,2.0,Đã có sổ,Không xác định,7.0,29,Đồng Nai,Long Thành,Bán đất tại xã Tân Hiệp,0.0,>90 m²,6-8 tỷ,10.9454,106.8248
"Hải Phòng, Ngô Quyền, Bán đất tại đường Đông Khê",68.6,4.0,3.0,Đông - Nam,Không xác định,3.0,2.0,Đã có sổ,Không xác định,3.8,29,Hải Phòng,Ngô Quyền,Bán đất tại đường Đông Khê,0.06,50-70 m²,<4 tỷ,20.8449,106.6881
"Long An, Đức Huệ, Bán đất tại xã Mỹ Thạnh Đông",150.0,5.0,10.0,Tây,Không xác định,3.0,2.0,Đã có sổ,Không xác định,0.3,29,Long An,Đức Huệ,Bán đất tại xã Mỹ Thạnh Đông,0.0,>90 m²,<4 tỷ,10.536,106.4099
"Thừa Thiên Huế, Huế, Bán đất tại đường Bùi Thị Xuân",220.0,6.0,10.0,Không xác định,Không xác định,3.0,2.0,Không xác định,Không xác định,0.06,30,Thừa Thiên Huế,Huế,Bán đất tại đường Bùi Thị Xuân,0.0,>90 m²,<4 tỷ,16.4637,107.5909
"Hà Nội, Thạch Thất, Bán đất tại xã Bình Yên",86.9,5.6,6.0,Đông - Nam,Không xác định,3.0,2.0,Đã có sổ,Không xác định,0.04,30,Hà Nội,Thạch Thất,Bán đất tại xã Bình Yên,0.0,70-90 m²,<4 tỷ,21.0285,105.8542
"Hà Nội, Quốc Oai, Bán đất tại xã Hòa Thạch",101.0,6.2,10.0,Không xác định,Không xác định,3.0,2.0,Đã có sổ,Không xác định,2.22,30,Hà Nội,Quốc Oai,Bán đất tại xã Hòa Thạch,0.02,>90 m²,<4 tỷ,21.0285,105.8542
"Hồ Chí Minh, Thủ Đức, Bán đất tại đường 11",1660.8,6.0,10.0,Không xác định,Không xác định,3.0,2.0,Không xác định,Không xác định,38.0,19,Hồ Chí Minh,Thủ Đức,Bán đất tại đường 11,0.02,>90 m²,>10 tỷ,10.7769,106.7009
"Hòa Bình, Lạc Thủy, Bán đất tại đường Hồ Chí Minh",200.0,8.0,6.0,Không xác định,Không xác định,3.0,2.0,Đã có sổ,Không xác định,2.3,29,Hòa Bình,Lạc Thủy,Bán đất tại đường Hồ Chí Minh,0.01,>90 m²,<4 tỷ,20.8133,105.3383
"Hòa Bình, Lạc Sơn, Bán đất tại đường Quốc Lộ 12B",130.0,5.0,6.0,Đông - Bắc,Không xác định,3.0,2.0,Đã có sổ,Không xác định,0.36,24,Hòa Bình,Lạc Sơn,Bán đất tại đường Quốc Lộ 12B,0.0,>90 m²,<4 tỷ,20.8133,105.3383
"Bắc Ninh, Bắc Ninh, Bán đất tại đường Khả Lễ",81.0,6.0,12.0,Không xác định,Không xác định,3.0,2.0,Không xác định,Không xác định,8.0,30,Bắc Ninh,Bắc Ninh,Bán đất tại đường Khả Lễ,0.1,70-90 m²,6-8 tỷ,21.1861,106.0763
"Quảng Ninh, Cô Tô, Bán đất tại đường Lạc Long Quân",575.0,20.0,15.0,Không xác định,Không xác định,3.0,2.0,Đã có sổ,Không xác định,2.08,30,Quảng Ninh,Cô Tô,Bán đất tại đường Lạc Long Quân,0.0,>90 m²,<4 tỷ,21.0069,107.2925
"Quảng Ninh, Cô Tô, Bán đất tại xã Thanh Lân",300.0,6.0,10.0,Không xác định,Không xác định,3.0,2.0,Đã có sổ,Không xác định,0.01,30,Quảng Ninh,Cô Tô,Bán đất tại xã Thanh Lân,0.0,>90 m²,<4 tỷ,21.0069,107.2925
"Bà Rịa Vũng Tàu, Long Đất, Bán đất tại đường Nguyễn Văn Hưng",303.0,6.0,10.0,Không xác định,Không xác định,3.0,2.0,Đã có sổ,Không xác định,1.39,30,Bà Rịa Vũng Tàu,Long Đất,Bán đất tại đường Nguyễn Văn Hưng,0.0,>90 m²,<4 tỷ,10.4114,107.1362
"Bà Rịa Vũng Tàu, Xuyên Mộc, Bán đất tại đường Tỉnh Lộ 329",1375.0,7.0,24.0,Đông - Bắc,Không xác định,3.0,2.0,Đã có sổ,Không xác định,3.0,30,Bà Rịa Vũng Tàu,Xuyên Mộc,Bán đất tại đường Tỉnh Lộ 329,0.0,>90 m²,<4 tỷ,10.4114,107.1362
"Quảng Ninh, Cẩm Phả, Bán đất tại phố Lý Thường Kiệt",123.7,4.17,9.9,Tây - Nam,Không xác định,3.0,2.0,Đã có sổ,Không xác định,2.6,30,Quảng Ninh,Cẩm Phả,Bán đất tại phố Lý Thường Kiệt,0.02,>90 m²,<4 tỷ,21.0069,107.2925
"Đồng Nai, Vĩnh Cửu, Bán đất tại xã Thạnh Phú",75.0,6.0,10.0,Không xác định,Không xác định,3.0,2.0,Đã có sổ,Không xác định,1.12,29,Đồng Nai,Vĩnh Cửu,Bán đất tại xã Thạnh Phú,0.01,70-90 m²,<4 tỷ,10.9454,106.8248
"Hồ Chí Minh, Thủ Đức, Bán đất tại đường Phạm Văn Đồng",68.8,4.5,5.0,Không xác định,Không xác định,3.0,2.0,Đã có sổ,Không xác định,6.1,29,Hồ Chí Minh,Thủ Đức,Bán đất tại đường Phạm Văn Đồng,0.09,50-70 m²,6-8 tỷ,10.7769,106.7009
"Đắk Lắk, Buôn Đôn, Bán đất tại xã Ea Bar",654.0,5.0,5.0,Không xác định,Không xác định,3.0,2.0,Đã có sổ,Không xác định,1.5,29,Đắk Lắk,Buôn Đôn,Bán đất tại xã Ea Bar,0.0,>90 m²,<4 tỷ,12.6667,108.05
"Hồ Chí Minh, Thủ Đức, Bán đất tại đường Hiệp Bình",52.0,4.0,5.0,Không xác định,Không xác định,3.0,2.0,Đã có sổ,Không xác định,4.8,29,Hồ Chí Minh,Thủ Đức,Bán đất tại đường Hiệp Bình,0.09,50-70 m²,4-6 tỷ,10.7769,106.7009
"Đồng Nai, Vĩnh Cửu, Bán đất tại xã Tân Bình",84.0,6.0,6.0,Không xác định,Không xác định,3.0,2.0,Đã có sổ,Không xác định,1.3,29,Đồng Nai,Vĩnh Cửu,Bán đất tại xã Tân Bình,0.02,70-90 m²,<4 tỷ,10.9454,106.8248
"Hà Nội, Hoài Đức, Bán đất tại đường Quốc lộ 32",64.0,5.0,11.0,Tây - Nam,Không xác định,3.0,2.0,Đã có sổ,Không xác định,11.0,29,Hà Nội,Hoài Đức,Bán đất tại đường Quốc lộ 32,0.17,50-70 m²,>10 tỷ,21.0285,105.8542
"Hồ Chí Minh, Quận 9, Bán đất tại đường Đình Phong Phú",115.0,5.8,7.0,Không xác định,Không xác định,3.0,2.0,Đã có sổ,Không xác định,8.39,29,Hồ Chí Minh,Quận 9,Bán đất tại đường Đình Phong Phú,0.07,>90 m²,8-10 tỷ,10.7769,106.7009
"Hồ Chí Minh, Củ Chi, Bán đất tại đường Nguyễn Thị Lèn",71837.0,100.0,6.0,Không xác định,Không xác định,3.0,2.0,Đã có sổ,Không xác định,350.0,29,Hồ Chí Minh,Củ Chi,Bán đất tại đường Nguyễn Thị Lèn,0.0,>90 m²,>10 tỷ,10.7769,106.7009
"Hà Nội, Hoài Đức, Bán đất tại xã An Khánh",74.8,6.0,11.5,Không xác định,Không xác định,3.0,2.0,Không xác định,Không xác định,8.42,25,Hà Nội,Hoài Đức,Bán đất tại xã An Khánh,0.11,70-90 m²,8-10 tỷ,21.0285,105.8542
"Hà Nội, Hoài Đức, Bán đất tại đường Liên Khu 8",60.0,6.0,11.0,Không xác định,Không xác định,3.0,2.0,Đã có sổ,Không xác định,6.75,25,Hà Nội,Hoài Đức,Bán đất tại đường Liên Khu 8,0.11,50-70 m²,6-8 tỷ,21.0285,105.8542
"Hà Nội, Đan Phượng, Bán đất tại đường Quốc lộ 32",66.0,5.5,11.0,Không xác định,Không xác định,3.0,2.0,Đã có sổ,Không xác định,0.15,30,Hà Nội,Đan Phượng,Bán đất tại đường Quốc lộ 32,0.0,50-70 m²,<4 tỷ,21.0285,105.8542
"Khánh Hòa, Diên Khánh, Bán đất tại đường Gò Mây",131.6,5.0,7.0,Tây - Nam,Không xác định,3.0,2.0,Đã có sổ,Không xác định,0.64,30,Khánh Hòa,Diên Khánh,Bán đất tại đường Gò Mây,0.0,>90 m²,<4 tỷ,12.2388,109.1967
"Hà Nội, Đông Anh, Bán đất tại đường 3",430.0,6.0,6.0,Không xác định,Không xác định,3.0,2.0,Đã có sổ,Không xác định,32.0,30,Hà Nội,Đông Anh,Bán đất tại đường 3,0.07,>90 m²,>10 tỷ,21.0285,105.8542
"Khánh Hòa, Diên Khánh, Bán đất tại đường Gò Mây",131.0,5.0,5.0,Không xác định,Không xác định,3.0,2.0,Đã có sổ,Không xác định,0.64,30,Khánh Hòa,Diên Khánh,Bán đất tại đường Gò Mây,0.0,>90 m²,<4 tỷ,12.2388,109.1967
"Hồ Chí Minh, Cần Giờ, Bán đất tại đường 30/4",200.0,8.0,20.0,Không xác định,Không xác định,3.0,2.0,Đã có sổ,Không xác định,11.0,30,Hồ Chí Minh,Cần Giờ,Bán đất tại đường 30/4,0.06,>90 m²,>10 tỷ,10.7769,106.7009
"Bình Dương, Dầu Tiếng, Bán đất tại xã Minh Thạnh",2487.0,6.0,10.0,Không xác định,Không xác định,3.0,2.0,Đã có sổ,Không xác định,1.25,30,Bình Dương,Dầu Tiếng,Bán đất tại xã Minh Thạnh,0.0,>90 m²,<4 tỷ,11.1604,106.6508
"Lâm Đồng, Lâm Hà, Bán đất tại xã Phúc Thọ",4040.0,6.0,10.0,Không xác định,Không xác định,3.0,2.0,Đã có sổ,Không xác định,6.5,30,Lâm Đồng,Lâm Hà,Bán đất tại xã Phúc Thọ,0.0,>90 m²,6-8 tỷ,11.9404,108.4583
"Hồ Chí Minh, Củ Chi, Bán đất tại xã Thái Mỹ",642.3,6.0,7.0,Không xác định,Không xác định,3.0,2.0,Không xác định,Không xác định,1.9,30,Hồ Chí Minh,Củ Chi,Bán đất tại xã Thái Mỹ,0.0,>90 m²,<4 tỷ,10.7769,106.7009
"Đồng Nai, Vĩnh Cửu, Bán đất tại đường Cây Quéo",80.0,5.0,5.0,Đông,Không xác định,3.0,2.0,Đã có sổ,Không xác định,1.25,30,Đồng Nai,Vĩnh Cửu,Bán đất tại đường Cây Quéo,0.02,70-90 m²,<4 tỷ,10.9454,106.8248
"Quảng Nam, Thăng Bình, Bán đất tại xã Bình Dương",2800.0,22.0,4.0,Đông - Bắc,Không xác định,3.0,2.0,Đã có sổ,Không xác định,800.0,30,Quảng Nam,Thăng Bình,Bán đất tại xã Bình Dương,0.29,>90 m²,>10 tỷ,15.5667,108.4833
"Tiền Giang, Mỹ Tho, Bán đất tại đường Quốc Lộ 50",6966.0,54.0,50.0,Nam,Không xác định,3.0,2.0,Đã có sổ,Không xác định,110.0,30,Tiền Giang,Mỹ Tho,Bán đất tại đường Quốc Lộ 50,0.02,>90 m²,>10 tỷ,10.4493,106.3422
"Bình Dương, Dầu Tiếng, Bán đất tại đường ĐT 749B",700.0,10.0,10.0,Không xác định,Không xác định,3.0,2.0,Không xác định,Không xác định,1.6,30,Bình Dương,Dầu Tiếng,Bán đất tại đường ĐT 749B,0.0,>90 m²,<4 tỷ,11.1604,106.6508
"Tây Ninh, Hòa Thành, Bán đất tại đường Trịnh Phong Đáng",77.0,5.0,10.0,Không xác định,Không xác định,3.0,2.0,Đã có sổ,Không xác định,0.9,30,Tây Ninh,Hòa Thành,Bán đất tại đường Trịnh Phong Đáng,0.01,70-90 m²,<4 tỷ,11.3601,106.1098
"Hà Nội, Thạch Thất, Bán đất tại đường Tỉnh lộ 420",100.0,8.88,4.0,Không xác định,Không xác định,3.0,2.0,Đã có sổ,Không xác định,2.0,30,Hà Nội,Thạch Thất,Bán đất tại đường Tỉnh lộ 420,0.02,>90 m²,<4 tỷ,21.0285,105.8542
"Quảng Ninh, Cô Tô, Bán đất tại đường Lạc Long Quân",300.0,15.0,15.0,Không xác định,Không xác định,3.0,2.0,Không xác định,Không xác định,0.03,30,Quảng Ninh,Cô Tô,Bán đất tại đường Lạc Long Quân,0.0,>90 m²,<4 tỷ,21.0069,107.2925
"Hòa Bình, Lương Sơn, Bán đất tại xã Cao Dương",91.0,5.0,6.0,Không xác định,Không xác định,3.0,2.0,Đã có sổ,Không xác định,0.36,30,Hòa Bình,Lương Sơn,Bán đất tại xã Cao Dương,0.0,>90 m²,<4 tỷ,20.8133,105.3383
"Đắk Lắk, Buôn Đôn, Bán đất tại xã Ea Nuôl",371.0,10.0,10.0,Không xác định,Không xác định,1.0,1.0,Đã có sổ,Cơ bản,4.5,30,Đắk Lắk,Buôn Đôn,Bán đất tại xã Ea Nuôl,0.01,>90 m²,4-6 tỷ,12.6667,108.05
"Bình Phước, Đồng Phú, Bán đất tại đường Quốc lộ 14",250.0,5.0,4.0,Đông - Nam,Không xác định,3.0,2.0,Đã có sổ,Không xác định,0.35,30,Bình Phước,Đồng Phú,Bán đất tại đường Quốc lộ 14,0.0,>90 m²,<4 tỷ,11.75,106.9167
"Thái Nguyên, Phổ Yên, Bán đất tại phố Trần Nguyên Hãn",630.0,27.0,9.0,Tây - Nam,Không xác định,3.0,2.0,Đã có sổ,Không xác định,0.05,30,Thái Nguyên,Phổ Yên,Bán đất tại phố Trần Nguyên Hãn,0.0,>90 m²,<4 tỷ,21.5928,105.8442
"Hưng Yên, Kim Động, Bán đất tại xã Vĩnh Xá",130.0,6.5,10.0,Không xác định,Không xác định,3.0,2.0,Không xác định,Không xác định,0.02,30,Hưng Yên,Kim Động,Bán đất tại xã Vĩnh Xá,0.0,>90 m²,<4 tỷ,20.6464,106.0511
"Lâm Đồng, Đà Lạt, Bán đất tại phường 10",1678.0,14.0,10.0,Tây - Bắc,Không xác định,3.0,2.0,Đã có sổ,Không xác định,71.0,30,Lâm Đồng,Đà Lạt,Bán đất tại phường 10,0.04,>90 m²,>10 tỷ,11.9404,108.4583
"Khánh Hòa, Nha Trang, Bán đất tại đường Hòn Xện",300.0,6.0,10.0,Không xác định,Không xác định,3.0,2.0,Không xác định,Không xác định,0.12,30,Khánh Hòa,Nha Trang,Bán đất tại đường Hòn Xện,0.0,>90 m²,<4 tỷ,12.2388,109.1967
"Đồng Nai, Vĩnh Cửu, Bán đất tại xã Thạnh Phú",295.0,10.0,12.0,Đông,Không xác định,3.0,2.0,Đã có sổ,Không xác định,4.0,27,Đồng Nai,Vĩnh Cửu,Bán đất tại xã Thạnh Phú,0.01,>90 m²,<4 tỷ,10.9454,106.8248
"Hồ Chí Minh, Quận 9, Bán đất tại đường 8",50.0,8.0,8.0,Tây - Bắc,Không xác định,3.0,2.0,Đã có sổ,Không xác định,2.77,30,Hồ Chí Minh,Quận 9,Bán đất tại đường 8,0.06,30-50 m²,<4 tỷ,10.7769,106.7009
"Hà Nội, Hoàng Mai, Bán đất tại đường Linh Đường",50.0,4.0,4.0,Không xác định,Không xác định,3.0,2.0,Đã có sổ,Không xác định,9.0,30,Hà Nội,Hoàng Mai,Bán đất tại đường Linh Đường,0.18,30-50 m²,8-10 tỷ,21.0285,105.8542
"Đắk Lắk, Buôn Hồ, Bán đất tại xã Ea Drông",617.3,11.22,12.0,Đông - Nam,Không xác định,3.0,2.0,Đã có sổ,Không xác định,0.26,30,Đắk Lắk,Buôn Hồ,Bán đất tại xã Ea Drông,0.0,>90 m²,<4 tỷ,12.6667,108.05
"Lâm Đồng, Bảo Lộc, Bán đất tại đường Chi Lăng",454.0,6.0,20.0,Tây,Không xác định,3.0,2.0,Đã có sổ,Không xác định,3.4,30,Lâm Đồng,Bảo Lộc,Bán đất tại đường Chi Lăng,0.01,>90 m²,<4 tỷ,11.9404,108.4583
"Hà Nội, Mê Linh, Bán đất tại xã Thanh Lâm",86.0,6.0,10.0,Không xác định,Không xác định,3.0,2.0,Đã có sổ,Không xác định,3.8,30,Hà Nội,Mê Linh,Bán đất tại xã Thanh Lâm,0.04,70-90 m²,<4 tỷ,21.0285,105.8542
"Bình Thuận, Hàm Tân, Bán đất tại xã Tân Xuân",10000.0,63.0,5.0,Không xác định,Không xác định,3.0,2.0,Đã có sổ,Không xác định,8.19,30,Bình Thuận,Hàm Tân,Bán đất tại xã Tân Xuân,0.0,>90 m²,8-10 tỷ,11.0904,108.0722
"Đà Nẵng, Cẩm Lệ, Bán đất tại đường Hoà An 17",348.8,15.0,7.0,Tây - Bắc,Không xác định,3.0,2.0,Đã có sổ,Không xác định,17.44,30,Đà Nẵng,Cẩm Lệ,Bán đất tại đường Hoà An 17,0.05,>90 m²,>10 tỷ,16.0544,108.2022
"Quảng Bình, Đồng Hới, Bán đất tại đường Nguyễn Đăng Giai",200.0,10.0,7.5,Đông - Bắc,Không xác định,3.0,2.0,Đã có sổ,Không xác định,1.81,30,Quảng Bình,Đồng Hới,Bán đất tại đường Nguyễn Đăng Giai,0.01,>90 m²,<4 tỷ,17.469,106.6227
"Đà Nẵng, Cẩm Lệ, Bán đất tại đường Tôn Đản",117.0,5.0,10.0,Bắc,Không xác định,3.0,2.0,Đã có sổ,Không xác định,6.0,30,Đà Nẵng,Cẩm Lệ,Bán đất tại đường Tôn Đản,0.05,>90 m²,4-6 tỷ,16.0544,108.2022
"Hà Nội, Thạch Thất, Bán đất tại đường Liên Xã",93.0,6.0,15.0,Không xác định,Không xác định,3.0,2.0,Đã có sổ,Không xác định,4.48,30,Hà Nội,Thạch Thất,Bán đất tại đường Liên Xã,0.05,>90 m²,4-6 tỷ,21.0285,105.8542
"Hà Nội, Quốc Oai, Bán đất tại đường Vai Réo",186.0,28.0,15.0,Không xác định,Không xác định,3.0,2.0,Đã có sổ,Không xác định,4.09,30,Hà Nội,Quốc Oai,Bán đất tại đường Vai Réo,0.02,>90 m²,4-6 tỷ,21.0285,105.8542
"Hà Nội, Quốc Oai, Bán đất tại đường Vai Réo",150.0,22.0,15.0,Không xác định,Không xác định,3.0,2.0,Đã có sổ,Không xác định,3.3,24,Hà Nội,Quốc Oai,Bán đất tại đường Vai Réo,0.02,>90 m²,<4 tỷ,21.0285,105.8542
"Long An, Châu Thành, Bán đất tại đường Tỉnh 827B",100.8,4.2,6.0,Không xác định,Không xác định,3.0,2.0,Đã có sổ,Không xác định,0.36,30,Long An,Châu Thành,Bán đất tại đường Tỉnh 827B,0.0,>90 m²,<4 tỷ,10.536,106.4099
"Đà Nẵng, Cẩm Lệ, Bán đất tại đường Phước Tường 14",95.0,5.0,5.5,Nam,Không xác định,3.0,2.0,Đã có sổ,Không xác định,3.85,30,Đà Nẵng,Cẩm Lệ,Bán đất tại đường Phước Tường 14,0.04,>90 m²,<4 tỷ,16.0544,108.2022
"Hà Nội, Hoài Đức, Bán đất tại đường 442",50.0,5.23,11.0,Không xác định,Không xác định,3.0,2.0,Đã có sổ,Không xác định,0.15,30,Hà Nội,Hoài Đức,Bán đất tại đường 442,0.0,30-50 m²,<4 tỷ,21.0285,105.8542
"Đồng Nai, Cẩm Mỹ, Bán đất tại xã Sông Ray",2020.0,6.0,3.2,Không xác định,Không xác định,3.0,2.0,Không xác định,Không xác định,1.88,30,Đồng Nai,Cẩm Mỹ,Bán đất tại xã Sông Ray,0.0,>90 m²,<4 tỷ,10.9454,106.8248
"Bà Rịa Vũng Tàu, Phú Mỹ, Bán đất tại đường Quốc Lộ 51",125.0,5.0,6.0,Tây - Nam,Không xác định,3.0,2.0,Đã có sổ,Không xác định,1.13,30,Bà Rịa Vũng Tàu,Phú Mỹ,Bán đất tại đường Quốc Lộ 51,0.01,>90 m²,<4 tỷ,10.4114,107.1362
"Hồ Chí Minh, Quận 12, Bán đất tại đường Thạnh Xuân 52",334.7,4.6,4.0,Không xác định,Không xác định,3.0,2.0,Đã có sổ,Không xác định,13.0,30,Hồ Chí Minh,Quận 12,Bán đất tại đường Thạnh Xuân 52,0.04,>90 m²,>10 tỷ,10.7769,106.7009
"Khánh Hòa, Vạn Ninh, Bán đất tại đường Tân Đức Đông",570.0,15.0,15.0,Đông - Bắc,Không xác định,3.0,2.0,Đã có sổ,Không xác định,0.02,30,Khánh Hòa,Vạn Ninh,Bán đất tại đường Tân Đức Đông,0.0,>90 m²,<4 tỷ,12.2388,109.1967
"Đà Nẵng, Liên Chiểu, Bán đất tại đường Phan Đình Giót",125.0,5.0,10.0,Không xác định,Không xác định,3.0,2.0,Đã có sổ,Không xác định,8.0,30,Đà Nẵng,Liên Chiểu,Bán đất tại đường Phan Đình Giót,0.06,>90 m²,6-8 tỷ,16.0544,108.2022
"Hà Nội, Long Biên, Bán đất tại đường Nguyễn Văn Cừ",957.0,59.0,60.0,Không xác định,Không xác định,3.0,2.0,Đã có sổ,Không xác định,86.0,30,Hà Nội,Long Biên,Bán đất tại đường Nguyễn Văn Cừ,0.09,>90 m²,>10 tỷ,21.0285,105.8542
"Hà Nội, Long Biên, Bán đất tại phố Lệ Mật",1052.0,6.0,10.0,Không xác định,Không xác định,3.0,2.0,Đã có sổ,Không xác định,0.04,30,Hà Nội,Long Biên,Bán đất tại phố Lệ Mật,0.0,>90 m²,<4 tỷ,21.0285,105.8542
"Thừa Thiên Huế, Huế, Bán đất tại đường Bùi Thị Xuân",267.0,12.0,10.0,Không xác định,Không xác định,3.0,2.0,Đã có sổ,Không xác định,0.05,30,Thừa Thiên Huế,Huế,Bán đất tại đường Bùi Thị Xuân,0.0,>90 m²,<4 tỷ,16.4637,107.5909
"Hồ Chí Minh, Quận 9, Bán đất tại đường Trường Lưu",62.0,7.0,7.0,Không xác định,Không xác định,3.0,2.0,Đã có sổ,Không xác định,4.0,30,Hồ Chí Minh,Quận 9,Bán đất tại đường Trường Lưu,0.06,50-70 m²,<4 tỷ,10.7769,106.7009
"Quảng Ninh, Hạ Long, Bán đất tại phường Tuần Châu",468.0,26.0,12.0,Không xác định,Không xác định,3.0,2.0,Đã có sổ,Không xác định,25.82,30,Quảng Ninh,Hạ Long,Bán đất tại phường Tuần Châu,0.06,>90 m²,>10 tỷ,21.0069,107.2925
"Quảng Ninh, Hạ Long, Bán đất tại phường Tuần Châu",360.0,20.0,8.0,Nam,Không xác định,3.0,2.0,Đã có sổ,Không xác định,19.86,30,Quảng Ninh,Hạ Long,Bán đất tại phường Tuần Châu,0.06,>90 m²,>10 tỷ,21.0069,107.2925
"Quảng Ninh, Hạ Long, Bán đất tại đường Lán Bè",252.0,14.0,7.0,Bắc,Không xác định,3.0,2.0,Đã có sổ,Không xác định,32.0,30,Quảng Ninh,Hạ Long,Bán đất tại đường Lán Bè,0.13,>90 m²,>10 tỷ,21.0069,107.2925
"Quảng Ninh, Hạ Long, Bán đất tại đường Âu Tầu",683.0,6.0,10.0,Không xác định,Không xác định,3.0,2.0,Đã có sổ,Không xác định,37.69,30,Quảng Ninh,Hạ Long,Bán đất tại đường Âu Tầu,0.06,>90 m²,>10 tỷ,21.0069,107.2925
"Hồ Chí Minh, Quận 9, Bán đất tại đường Trường Lưu",102.0,10.0,10.0,Bắc,Không xác định,3.0,2.0,Đã có sổ,Không xác định,5.65,30,Hồ Chí Minh,Quận 9,Bán đất tại đường Trường Lưu,0.06,>90 m²,4-6 tỷ,10.7769,106.7009
"Thừa Thiên Huế, Huế, Bán đất tại đường Trần Phú",230.0,10.0,10.0,Không xác định,Không xác định,3.0,2.0,Đã có sổ,Không xác định,0.1,30,Thừa Thiên Huế,Huế,Bán đất tại đường Trần Phú,0.0,>90 m²,<4 tỷ,16.4637,107.5909
"Hà Nội, Long Biên, Bán đất tại phường Cự Khối",64.0,4.3,5.0,Không xác định,Không xác định,3.0,2.0,Đã có sổ,Không xác định,9.09,30,Hà Nội,Long Biên,Bán đất tại phường Cự Khối,0.14,50-70 m²,8-10 tỷ,21.0285,105.8542
"Bà Rịa Vũng Tàu, Vũng Tàu, Bán đất tại đường Trương Công Định",223.0,6.0,10.0,Đông - Nam,Không xác định,3.0,2.0,Đã có sổ,Không xác định,18.0,30,Bà Rịa Vũng Tàu,Vũng Tàu,Bán đất tại đường Trương Công Định,0.08,>90 m²,>10 tỷ,10.4114,107.1362
"Hà Nội, Long Biên, Bán đất tại đường Ngô Gia Tự",3200.0,6.0,30.0,Không xác định,Không xác định,3.0,2.0,Đã có sổ,Không xác định,430.0,30,Hà Nội,Long Biên,Bán đất tại đường Ngô Gia Tự,0.13,>90 m²,>10 tỷ,21.0285,105.8542
"Long An, Thủ Thừa, Bán đất tại xã Bình An",190.0,6.0,10.0,Không xác định,Không xác định,3.0,2.0,Đã có sổ,Không xác định,2.55,30,Long An,Thủ Thừa,Bán đất tại xã Bình An,0.01,>90 m²,<4 tỷ,10.536,106.4099
"Khánh Hòa, Nha Trang, Bán đất tại đường Hòn Xện",140.0,8.0,10.0,Bắc,Không xác định,3.0,2.0,Đã có sổ,Không xác định,0.07,30,Khánh Hòa,Nha Trang,Bán đất tại đường Hòn Xện,0.0,>90 m²,<4 tỷ,12.2388,109.1967
"Đồng Nai, Xuân Lộc, Bán đất tại đường ĐT 763",1875.0,20.0,8.0,Tây,Không xác định,3.0,2.0,Đã có sổ,Không xác định,5.73,30,Đồng Nai,Xuân Lộc,Bán đất tại đường ĐT 763,0.0,>90 m²,4-6 tỷ,10.9454,106.8248
"Bình Dương, Bến Cát, Bán đất tại đường Hùng Vương",1106.0,7.0,10.0,Không xác định,Không xác định,3.0,2.0,Đã có sổ,Không xác định,7.0,30,Bình Dương,Bến Cát,Bán đất tại đường Hùng Vương,0.01,>90 m²,6-8 tỷ,11.1604,106.6508
"Đồng Nai, Nhơn Trạch, Bán đất tại đường Võ Thị Sáu",100.0,5.0,12.0,Không xác định,Không xác định,3.0,2.0,Đã có sổ,Không xác định,3.5,30,Đồng Nai,Nhơn Trạch,Bán đất tại đường Võ Thị Sáu,0.04,>90 m²,<4 tỷ,10.9454,106.8248
"Bà Rịa Vũng Tàu, Vũng Tàu, Bán đất tại đường Dương Minh Châu",213.0,7.5,13.0,Đông - Nam,Không xác định,3.0,2.0,Đã có sổ,Không xác định,23.5,30,Bà Rịa Vũng Tàu,Vũng Tàu,Bán đất tại đường Dương Minh Châu,0.11,>90 m²,>10 tỷ,10.4114,107.1362
"Đồng Nai, Nhơn Trạch, Bán đất tại đường Võ Thị Sáu",140.0,7.0,12.0,Không xác định,Không xác định,3.0,2.0,Đã có sổ,Không xác định,6.5,30,Đồng Nai,Nhơn Trạch,Bán đất tại đường Võ Thị Sáu,0.05,>90 m²,6-8 tỷ,10.9454,106.8248
"Hà Nội, Chương Mỹ, Bán đất tại xã Trần Phú",650.0,15.0,7.0,Không xác định,Không xác định,3.0,2.0,Đã có sổ,Không xác định,3.98,30,Hà Nội,Chương Mỹ,Bán đất tại xã Trần Phú,0.01,>90 m²,<4 tỷ,21.0285,105.8542
"Hồ Chí Minh, Củ Chi, Bán đất tại đường Bùi Thị He",232.0,8.0,10.0,Không xác định,Không xác định,3.0,2.0,Đã có sổ,Không xác định,2.38,30,Hồ Chí Minh,Củ Chi,Bán đất tại đường Bùi Thị He,0.01,>90 m²,<4 tỷ,10.7769,106.7009
"Bình Dương, Dầu Tiếng, Bán đất tại đường Tỉnh lộ 749",250.0,5.0,10.0,Tây,Không xác định,3.0,2.0,Đã có sổ,Không xác định,0.55,30,Bình Dương,Dầu Tiếng,Bán đất tại đường Tỉnh lộ 749,0.0,>90 m²,<4 tỷ,11.1604,106.6508
"Hà Nội, Chương Mỹ, Bán đất tại xã Đại Yên",178.5,10.35,10.0,Không xác định,Không xác định,3.0,2.0,Không xác định,Không xác định,0.06,30,Hà Nội,Chương Mỹ,Bán đất tại xã Đại Yên,0.0,>90 m²,<4 tỷ,21.0285,105.8542
"Đồng Nai, Cẩm Mỹ, Bán đất tại xã Bảo Bình",2100.0,28.0,4.0,Nam,Không xác định,3.0,2.0,Đã có sổ,Không xác định,1.11,30,Đồng Nai,Cẩm Mỹ,Bán đất tại xã Bảo Bình,0.0,>90 m²,<4 tỷ,10.9454,106.8248
"Đồng Nai, Cẩm Mỹ, Bán đất tại đường 765",113.7,5.0,3.0,Không xác định,Không xác định,3.0,2.0,Đã có sổ,Không xác định,0.56,30,Đồng Nai,Cẩm Mỹ,Bán đất tại đường 765,0.0,>90 m²,<4 tỷ,10.9454,106.8248
"Long An, Cần Đước, Bán đất tại xã Tân Trạch",101.0,6.0,10.0,Không xác định,Không xác định,3.0,2.0,Đã có sổ,Không xác định,1.19,30,Long An,Cần Đước,Bán đất tại xã Tân Trạch,0.01,>90 m²,<4 tỷ,10.536,106.4099
"Đồng Nai, Cẩm Mỹ, Bán đất tại xã Xuân Tây",3264.0,21.0,3.0,Đông - Bắc,Không xác định,3.0,2.0,Đã có sổ,Không xác định,1.18,30,Đồng Nai,Cẩm Mỹ,Bán đất tại xã Xuân Tây,0.0,>90 m²,<4 tỷ,10.9454,106.8248
"Đồng Nai, Nhơn Trạch, Bán đất tại đường Hùng Vương",137.0,5.0,5.0,Không xác định,Không xác định,3.0,2.0,Đã có sổ,Không xác định,2.1,30,Đồng Nai,Nhơn Trạch,Bán đất tại đường Hùng Vương,0.02,>90 m²,<4 tỷ,10.9454,106.8248
"Hà Nội, Thạch Thất, Bán đất tại đường Tỉnh lộ 420",65.0,5.0,4.0,Không xác định,Không xác định,3.0,2.0,Đã có sổ,Không xác định,1.6,30,Hà Nội,Thạch Thất,Bán đất tại đường Tỉnh lộ 420,0.02,50-70 m²,<4 tỷ,21.0285,105.8542
"Tiền Giang, Mỹ Tho, Bán đất tại đường Phạm Hùng",108.0,4.0,2.0,Tây,Không xác định,3.0,2.0,Đã có sổ,Không xác định,0.77,30,Tiền Giang,Mỹ Tho,Bán đất tại đường Phạm Hùng,0.01,>90 m²,<4 tỷ,10.4493,106.3422
"Hà Nội, Quốc Oai, Bán đất tại đường Phú Cát",100.0,5.0,12.0,Đông - Bắc,Không xác định,3.0,2.0,Đã có sổ,Không xác định,0.03,30,Hà Nội,Quốc Oai,Bán đất tại đường Phú Cát,0.0,>90 m²,<4 tỷ,21.0285,105.8542
"Thanh Hóa, Bá Thước, Bán đất tại thị trấn Cành Nàng",124.9,5.0,10.0,Không xác định,Không xác định,3.0,2.0,Không xác định,Không xác định,0.48,30,Thanh Hóa,Bá Thước,Bán đất tại thị trấn Cành Nàng,0.0,>90 m²,<4 tỷ,19.8067,105.7852
"Đồng Nai, Vĩnh Cửu, Bán đất tại đường Hương Lộ 15",80.0,4.0,9.0,Không xác định,Không xác định,3.0,2.0,Đã có sổ,Không xác định,1.56,30,Đồng Nai,Vĩnh Cửu,Bán đất tại đường Hương Lộ 15,0.02,70-90 m²,<4 tỷ,10.9454,106.8248
"Đồng Nai, Cẩm Mỹ, Bán đất tại xã Sông Ray",1700.0,6.0,3.0,Không xác định,Không xác định,3.0,2.0,Đã có sổ,Không xác định,1.34,30,Đồng Nai,Cẩm Mỹ,Bán đất tại xã Sông Ray,0.0,>90 m²,<4 tỷ,10.9454,106.8248
"Quảng Ngãi, Sơn Tịnh, Bán đất tại đường Tế Hanh",500.0,15.0,12.0,Không xác định,Không xác định,3.0,2.0,Đã có sổ,Không xác định,0.01,30,Quảng Ngãi,Sơn Tịnh,Bán đất tại đường Tế Hanh,0.0,>90 m²,<4 tỷ,15.1205,108.7923
"Hải Phòng, Đồ Sơn, Bán đất tại đường Hợp Đức",125.0,5.0,18.0,Không xác định,Không xác định,3.0,2.0,Đã có sổ,Không xác định,0.02,30,Hải Phòng,Đồ Sơn,Bán đất tại đường Hợp Đức,0.0,>90 m²,<4 tỷ,20.8449,106.6881
"Ninh Thuận, Ninh Phước, Bán đất tại đường Quốc lộ 1A",4987.9,6.0,5.0,Không xác định,Không xác định,3.0,2.0,Đã có sổ,Không xác định,5.0,30,Ninh Thuận,Ninh Phước,Bán đất tại đường Quốc lộ 1A,0.0,>90 m²,4-6 tỷ,11.5653,108.9882
"Tây Ninh, Tân Châu, Bán đất tại xã Tân Hưng",848.2,15.0,10.0,Không xác định,Không xác định,3.0,2.0,Đã có sổ,Không xác định,2.5,30,Tây Ninh,Tân Châu,Bán đất tại xã Tân Hưng,0.0,>90 m²,<4 tỷ,11.3601,106.1098
"Kiên Giang, Phú Quốc, Bán đất tại xã Dương Tơ",25000.0,6.0,10.0,Không xác định,Không xác định,3.0,2.0,Đã có sổ,Không xác định,1.5,30,Kiên Giang,Phú Quốc,Bán đất tại xã Dương Tơ,0.0,>90 m²,<4 tỷ,10.0125,105.0809
"Bình Định, Phù Mỹ, Bán đất tại xã Mỹ Thọ",340.0,15.0,5.0,Đông - Nam,Không xác định,3.0,2.0,Đã có sổ,Không xác định,2.95,30,Bình Định,Phù Mỹ,Bán đất tại xã Mỹ Thọ,0.01,>90 m²,<4 tỷ,13.782,109.2194
"Đồng Nai, Long Khánh, Bán đất tại đường Bảo Quang - Bàu Cối",4652.0,157.0,25.0,Không xác định,Không xác định,3.0,2.0,Đã có sổ,Không xác định,13.5,30,Đồng Nai,Long Khánh,Bán đất tại đường Bảo Quang - Bàu Cối,0.0,>90 m²,>10 tỷ,10.9454,106.8248
"Đà Nẵng, Hòa Vang, Bán đất tại đường 14G",1280.0,50.0,10.0,Nam,Không xác định,3.0,2.0,Đã có sổ,Không xác định,9.5,30,Đà Nẵng,Hòa Vang,Bán đất tại đường 14G,0.01,>90 m²,8-10 tỷ,16.0544,108.2022
"Đồng Nai, Xuân Lộc, Bán đất tại đường Quốc lộ 1A",20000.0,89.0,50.0,Không xác định,Không xác định,3.0,2.0,Đã có sổ,Không xác định,60.0,30,Đồng Nai,Xuân Lộc,Bán đất tại đường Quốc lộ 1A,0.0,>90 m²,>10 tỷ,10.9454,106.8248
"Hà Nội, Thanh Trì, Bán đất tại xã Vạn Phúc",753.0,7.0,4.0,Không xác định,Không xác định,3.0,2.0,Đã có sổ,Không xác định,100.16,30,Hà Nội,Thanh Trì,Bán đất tại xã Vạn Phúc,0.13,>90 m²,>10 tỷ,21.0285,105.8542
"Tiền Giang, Châu Thành, Bán đất tại xã Tam Hiệp",296.0,23.6,3.0,Tây - Nam,Không xác định,3.0,2.0,Đã có sổ,Không xác định,0.4,30,Tiền Giang,Châu Thành,Bán đất tại xã Tam Hiệp,0.0,>90 m²,<4 tỷ,10.4493,106.3422
"Hà Nội, Long Biên, Bán đất tại đường Nguyễn Văn Linh",50.0,4.5,10.0,Không xác định,Không xác định,3.0,2.0,Đã có sổ,Không xác định,8.26,30,Hà Nội,Long Biên,Bán đất tại đường Nguyễn Văn Linh,0.17,30-50 m²,8-10 tỷ,21.0285,105.8542
"Đà Nẵng, Hải Châu, Bán đất tại đường Nguyễn Tất Thành",305.0,6.0,10.0,Không xác định,Không xác định,3.0,2.0,Không xác định,Không xác định,40.0,19,Đà Nẵng,Hải Châu,Bán đất tại đường Nguyễn Tất Thành,0.13,>90 m²,>10 tỷ,16.0544,108.2022
"Hà Nội, Nam Từ Liêm, Bán đất tại đường Do Nha",73.5,3.17,10.0,Không xác định,Không xác định,3.0,2.0,Đã có sổ,Không xác định,13.6,30,Hà Nội,Nam Từ Liêm,Bán đất tại đường Do Nha,0.19,70-90 m²,>10 tỷ,21.0285,105.8542
"Lào Cai, Sa Pa, Bán đất tại xã Mường Hoa",1600.0,6.0,10.0,Không xác định,Không xác định,3.0,2.0,Đã có sổ,Không xác định,7.5,30,Lào Cai,Sa Pa,Bán đất tại xã Mường Hoa,0.0,>90 m²,6-8 tỷ,22.4856,103.9707
"Hà Nội, Hoàng Mai, Bán đất tại đường Thanh Lân",50.0,5.5,2.0,Nam,Không xác định,3.0,2.0,Đã có sổ,Không xác định,7.8,30,Hà Nội,Hoàng Mai,Bán đất tại đường Thanh Lân,0.16,30-50 m²,6-8 tỷ,21.0285,105.8542
"Lào Cai, Sa Pa, Bán đất tại xã Mường Hoa",2800.0,6.0,10.0,Không xác định,Không xác định,3.0,2.0,Đã có sổ,Không xác định,23.0,30,Lào Cai,Sa Pa,Bán đất tại xã Mường Hoa,0.01,>90 m²,>10 tỷ,22.4856,103.9707
"Lâm Đồng, Bảo Lâm, Bán đất tại đường Quốc Lộ 20",186.0,6.0,6.0,Không xác định,Không xác định,3.0,2.0,Đã có sổ,Không xác định,2.94,30,Lâm Đồng,Bảo Lâm,Bán đất tại đường Quốc Lộ 20,0.02,>90 m²,<4 tỷ,11.9404,108.4583
"Tây Ninh, Bến Cầu, Bán đất tại đường Nguyễn Trung Trực",726.4,30.0,10.0,Nam,Không xác định,3.0,2.0,Đã có sổ,Không xác định,67.94,24,Tây Ninh,Bến Cầu,Bán đất tại đường Nguyễn Trung Trực,0.09,>90 m²,>10 tỷ,11.3601,106.1098
"Hồ Chí Minh, Cần Giờ, Bán đất tại đường Rừng Sác",416.0,6.0,10.0,Không xác định,Không xác định,3.0,2.0,Đã có sổ,Không xác định,0.07,22,Hồ Chí Minh,Cần Giờ,Bán đất tại đường Rừng Sác,0.0,>90 m²,<4 tỷ,10.7769,106.7009
"Hà Nội, Đông Anh, Bán đất tại đường Cao Lỗ",120.0,6.0,3.0,Không xác định,Không xác định,3.0,2.0,Đã có sổ,Không xác định,5.0,27,Hà Nội,Đông Anh,Bán đất tại đường Cao Lỗ,0.04,>90 m²,4-6 tỷ,21.0285,105.8542
"Bình Dương, Tân Uyên, Bán đất tại xã Vĩnh Tân",600.0,6.0,10.0,Không xác định,Không xác định,3.0,2.0,Không xác định,Không xác định,14.15,30,Bình Dương,Tân Uyên,Bán đất tại xã Vĩnh Tân,0.02,>90 m²,>10 tỷ,11.1604,106.6508
"Hòa Bình, Lạc Thủy, Bán đất tại đường Hồ Chí Minh",5216.0,30.0,7.0,Không xác định,Không xác định,3.0,2.0,Đã có sổ,Không xác định,40.44,24,Hòa Bình,Lạc Thủy,Bán đất tại đường Hồ Chí Minh,0.01,>90 m²,>10 tỷ,20.8133,105.3383
"Thanh Hóa, Thạch Thành, Bán đất tại xã Thạch Quảng",92.3,5.3,4.0,Tây - Nam,Không xác định,3.0,2.0,Đã có sổ,Không xác định,0.48,24,Thanh Hóa,Thạch Thành,Bán đất tại xã Thạch Quảng,0.01,>90 m²,<4 tỷ,19.8067,105.7852
"Hải Phòng, Dương Kinh, Bán đất tại phố Sông He",122.0,4.5,8.0,Tây - Bắc,Không xác định,3.0,2.0,Đã có sổ,Không xác định,0.04,25,Hải Phòng,Dương Kinh,Bán đất tại phố Sông He,0.0,>90 m²,<4 tỷ,20.8449,106.6881
"Bình Phước, Chơn Thành, Bán đất tại đường ĐT 756",252.3,5.0,6.0,Nam,Không xác định,3.0,2.0,Đã có sổ,Không xác định,0.57,25,Bình Phước,Chơn Thành,Bán đất tại đường ĐT 756,0.0,>90 m²,<4 tỷ,11.75,106.9167
"Đồng Nai, Biên Hòa, Bán đất tại đường Nguyễn Trung Trực",70.0,4.5,12.0,Không xác định,Không xác định,3.0,2.0,Đã có sổ,Không xác định,1.48,30,Đồng Nai,Biên Hòa,Bán đất tại đường Nguyễn Trung Trực,0.02,50-70 m²,<4 tỷ,10.9454,106.8248
"Hà Nội, Hà Đông, Bán đất tại phường Đồng Mai",65.5,4.0,8.0,Bắc,Không xác định,3.0,2.0,Đã có sổ,Không xác định,7.2,26,Hà Nội,Hà Đông,Bán đất tại phường Đồng Mai,0.11,50-70 m²,6-8 tỷ,21.0285,105.8542
"Hà Nội, Sơn Tây, Bán đất tại đường Quốc lộ 21A(Quốc lộ 21)",106.0,6.0,10.0,Không xác định,Không xác định,3.0,2.0,Không xác định,Không xác định,3.89,19,Hà Nội,Sơn Tây,Bán đất tại đường Quốc lộ 21A(Quốc lộ 21),0.04,>90 m²,<4 tỷ,21.0285,105.8542
"Hà Nội, Sóc Sơn, Bán đất tại xã Mai Đình",62.0,4.0,5.0,Đông - Bắc,Không xác định,3.0,2.0,Đã có sổ,Không xác định,3.25,25,Hà Nội,Sóc Sơn,Bán đất tại xã Mai Đình,0.05,50-70 m²,<4 tỷ,21.0285,105.8542
"Đồng Nai, Vĩnh Cửu, Bán đất tại đường Hương Lộ 9",84.1,7.0,7.0,Đông - Bắc,Không xác định,3.0,2.0,Đã có sổ,Không xác định,1.3,28,Đồng Nai,Vĩnh Cửu,Bán đất tại đường Hương Lộ 9,0.02,70-90 m²,<4 tỷ,10.9454,106.8248
"Hồ Chí Minh, Thủ Đức, Bán đất tại đường Số 9",1110.0,25.0,5.0,Không xác định,Không xác định,3.0,2.0,Đã có sổ,Không xác định,25.0,28,Hồ Chí Minh,Thủ Đức,Bán đất tại đường Số 9,0.02,>90 m²,>10 tỷ,10.7769,106.7009
"Hồ Chí Minh, Thủ Đức, Bán đất tại đường Số 8",26462.0,270.0,5.0,Không xác định,Không xác định,3.0,2.0,Đã có sổ,Không xác định,960.0,28,Hồ Chí Minh,Thủ Đức,Bán đất tại đường Số 8,0.04,>90 m²,>10 tỷ,10.7769,106.7009
"Đồng Nai, Vĩnh Cửu, Bán đất tại đường Cây Quéo",78.8,6.0,6.0,Tây - Bắc,Không xác định,3.0,2.0,Đã có sổ,Không xác định,1.18,28,Đồng Nai,Vĩnh Cửu,Bán đất tại đường Cây Quéo,0.01,70-90 m²,<4 tỷ,10.9454,106.8248
"Hà Nội, Gia Lâm, Bán đất tại đường Đa Tốn",50.0,4.5,17.0,Đông - Nam,Không xác định,3.0,2.0,Đã có sổ,Không xác định,9.8,14,Hà Nội,Gia Lâm,Bán đất tại đường Đa Tốn,0.2,30-50 m²,8-10 tỷ,21.0285,105.8542
"Kon Tum, Kon Plông, Trang trại, khu nghỉ dưỡng tại đường Ngô Quyền",420.0,14.0,10.0,Không xác định,Không xác định,12.0,12.0,Đã có sổ,Đầy đủ,19.8,6,Kon Tum,Kon Plông,"Trang trại, khu nghỉ dưỡng tại đường Ngô Quyền",0.05,>90 m²,>10 tỷ,14.35,108.0
"Long An, Thủ Thừa, Trang trại, khu nghỉ dưỡng tại xã Tân Thành",6500.0,6.0,10.0,Không xác định,Không xác định,3.0,2.0,Đã có sổ,Không xác định,29.0,5,Long An,Thủ Thừa,"Trang trại, khu nghỉ dưỡng tại xã Tân Thành",0.0,>90 m²,>10 tỷ,10.536,106.4099
"Lào Cai, Sa Pa, Trang trại, khu nghỉ dưỡng tại đường Quốc lộ 4D",15000.0,120.0,10.0,Tây,Không xác định,3.0,2.0,Đã có sổ,Không xác định,99.0,14,Lào Cai,Sa Pa,"Trang trại, khu nghỉ dưỡng tại đường Quốc lộ 4D",0.01,>90 m²,>10 tỷ,22.4856,103.9707
"Bà Rịa Vũng Tàu, Vũng Tàu, Condotel tại The Maris Vũng Tàu",42.4,6.0,10.0,Tây - Bắc,Đông - Nam,1.0,1.0,Đã có sổ,Đầy đủ,3.1,3,Bà Rịa Vũng Tàu,Vũng Tàu,Condotel tại The Maris Vũng Tàu,0.07,30-50 m²,<4 tỷ,10.4114,107.1362
"Quảng Ninh, Hạ Long, Condotel tại The Holiday Hạ Long",45.0,6.0,10.0,Tây - Nam,Tây - Nam,1.0,1.0,Hợp đồng mua bán,Không xác định,1.78,12,Quảng Ninh,Hạ Long,Condotel tại The Holiday Hạ Long,0.04,30-50 m²,<4 tỷ,21.0069,107.2925
"Đắk Nông, Dăk R'Lấp, Trang trại, khu nghỉ dưỡng tại xã Đắk Sin",1162.0,6.0,10.0,Không xác định,Không xác định,3.0,2.0,Đã có sổ,Không xác định,0.55,12,Đắk Nông,Dăk R'lấp,"Trang trại, khu nghỉ dưỡng tại xã Đắk Sin",0.0,>90 m²,<4 tỷ,12.25,107.6833
"Bà Rịa Vũng Tàu, Vũng Tàu, Condotel tại The Maris Vũng Tàu",83.0,6.0,10.0,Không xác định,Không xác định,2.0,2.0,Đã có sổ,Không xác định,5.3,12,Bà Rịa Vũng Tàu,Vũng Tàu,Condotel tại The Maris Vũng Tàu,0.06,70-90 m²,4-6 tỷ,10.4114,107.1362
"Bà Rịa Vũng Tàu, Vũng Tàu, Condotel tại Vega Polaris",70.0,6.0,10.0,Tây - Bắc,Đông - Bắc,1.0,2.0,Đã có sổ,Đầy đủ,5.53,12,Bà Rịa Vũng Tàu,Vũng Tàu,Condotel tại Vega Polaris,0.08,50-70 m²,4-6 tỷ,10.4114,107.1362
"Bà Rịa Vũng Tàu, Vũng Tàu, Condotel tại The Maris Vũng Tàu",78.0,6.0,10.0,Đông - Bắc,Tây - Nam,2.0,2.0,Đã có sổ,Đầy đủ,4.99,12,Bà Rịa Vũng Tàu,Vũng Tàu,Condotel tại The Maris Vũng Tàu,0.06,70-90 m²,4-6 tỷ,10.4114,107.1362
"Bà Rịa Vũng Tàu, Vũng Tàu, Condotel tại The Maris Vũng Tàu",44.54,6.0,10.0,Không xác định,Không xác định,3.0,2.0,Không xác định,Không xác định,2.95,12,Bà Rịa Vũng Tàu,Vũng Tàu,Condotel tại The Maris Vũng Tàu,0.07,30-50 m²,<4 tỷ,10.4114,107.1362
"Bình Thuận, Hàm Tân, Trang trại, khu nghỉ dưỡng tại thị trấn Tân Nghĩa",72521.0,6.0,10.0,Không xác định,Không xác định,3.0,2.0,Đã có sổ,Không xác định,174.74,11,Bình Thuận,Hàm Tân,"Trang trại, khu nghỉ dưỡng tại thị trấn Tân Nghĩa",0.0,>90 m²,>10 tỷ,11.0904,108.0722
"Bà Rịa Vũng Tàu, Vũng Tàu, Condotel tại The Maris Vũng Tàu",42.4,6.0,10.0,Đông - Nam,Tây - Bắc,3.0,2.0,Đã có sổ,Đầy đủ,2.85,4,Bà Rịa Vũng Tàu,Vũng Tàu,Condotel tại The Maris Vũng Tàu,0.07,30-50 m²,<4 tỷ,10.4114,107.1362
"Bà Rịa Vũng Tàu, Vũng Tàu, Condotel tại The Maris Vũng Tàu",42.4,6.0,10.0,Đông - Nam,Tây - Bắc,1.0,1.0,Đã có sổ,Đầy đủ,2.77,3,Bà Rịa Vũng Tàu,Vũng Tàu,Condotel tại The Maris Vũng Tàu,0.07,30-50 m²,<4 tỷ,10.4114,107.1362
"Bà Rịa Vũng Tàu, Vũng Tàu, Condotel tại The Maris Vũng Tàu",78.26,6.0,10.0,Tây - Bắc,Đông - Nam,2.0,2.0,Đã có sổ,Không xác định,4.99,6,Bà Rịa Vũng Tàu,Vũng Tàu,Condotel tại The Maris Vũng Tàu,0.06,70-90 m²,4-6 tỷ,10.4114,107.1362
"Bà Rịa Vũng Tàu, Vũng Tàu, Condotel tại The Maris Vũng Tàu",42.4,6.0,10.0,Tây - Bắc,Đông - Nam,1.0,1.0,Đã có sổ,Không xác định,2.77,6,Bà Rịa Vũng Tàu,Vũng Tàu,Condotel tại The Maris Vũng Tàu,0.07,30-50 m²,<4 tỷ,10.4114,107.1362
"Bà Rịa Vũng Tàu, Vũng Tàu, Condotel tại The Maris Vũng Tàu",44.54,6.0,10.0,Đông - Nam,Tây - Bắc,3.0,2.0,Đã có sổ,Đầy đủ,2.95,2,Bà Rịa Vũng Tàu,Vũng Tàu,Condotel tại The Maris Vũng Tàu,0.07,30-50 m²,<4 tỷ,10.4114,107.1362
"Gia Lai, Plei Ku, Trang trại, khu nghỉ dưỡng tại đường Phù Đổng",1000.0,5.0,7.0,Không xác định,Không xác định,8.0,8.0,Đã có sổ,Không xác định,9.5,10,Gia Lai,Plei Ku,"Trang trại, khu nghỉ dưỡng tại đường Phù Đổng",0.01,>90 m²,8-10 tỷ,13.9833,108.0
"Quảng Ninh, Hạ Long, Condotel tại Prima Bay",31.0,6.0,10.0,Không xác định,Đông - Bắc,1.0,1.0,Hợp đồng mua bán,Đầy đủ,1.4,4,Quảng Ninh,Hạ Long,Condotel tại Prima Bay,0.05,30-50 m²,<4 tỷ,21.0069,107.2925
"Đà Nẵng, Sơn Trà, Condotel tại Symphony 5",30.0,6.0,10.0,Không xác định,Không xác định,3.0,2.0,Hợp đồng mua bán,Cơ bản,2.5,9,Đà Nẵng,Sơn Trà,Condotel tại Symphony 5,0.08,<30 m²,<4 tỷ,16.0544,108.2022
"Quảng Ninh, Hạ Long, Condotel tại Sun Festo Town",33.0,6.0,10.0,Không xác định,Không xác định,1.0,2.0,Không xác định,Không xác định,1.82,2,Quảng Ninh,Hạ Long,Condotel tại Sun Festo Town,0.06,30-50 m²,<4 tỷ,21.0069,107.2925
"Quảng Ninh, Hạ Long, Condotel tại Best Western Premier Sapphire Hạ Long",35.0,6.0,10.0,Tây,Tây,1.0,1.0,Hợp đồng mua bán,Đầy đủ,1.93,1,Quảng Ninh,Hạ Long,Condotel tại Best Western Premier Sapphire Hạ Long,0.06,30-50 m²,<4 tỷ,21.0069,107.2925
"Quảng Ninh, Hạ Long, Condotel tại Best Western Premier Sapphire Hạ Long",70.0,6.0,10.0,Tây,Tây,2.0,2.0,Đã có sổ,Đầy đủ,3.86,1,Quảng Ninh,Hạ Long,Condotel tại Best Western Premier Sapphire Hạ Long,0.06,50-70 m²,<4 tỷ,21.0069,107.2925
"Hải Phòng, Cát Hải, Condotel tại Flamingo Cat Ba Beach Resort",58.2,6.0,10.0,Đông - Nam,Tây - Bắc,1.0,1.0,Đã có sổ,Đầy đủ,3.8,19,Hải Phòng,Cát Hải,Condotel tại Flamingo Cat Ba Beach Resort,0.07,50-70 m²,<4 tỷ,20.8449,106.6881
"Quảng Ninh, Hạ Long, Condotel tại Sun Centro Town",34.0,6.0,10.0,Tây - Bắc,Tây - Bắc,1.0,1.0,Hợp đồng mua bán,Đầy đủ,2.0,18,Quảng Ninh,Hạ Long,Condotel tại Sun Centro Town,0.06,30-50 m²,<4 tỷ,21.0069,107.2925
"Kiên Giang, Phú Quốc, Condotel tại The Sunset",30.0,6.0,10.0,Không xác định,Không xác định,1.0,1.0,Hợp đồng mua bán,Cơ bản,2.5,18,Kiên Giang,Phú Quốc,Condotel tại The Sunset,0.08,<30 m²,<4 tỷ,10.0125,105.0809
"Hòa Bình, Kim Bôi, Trang trại, khu nghỉ dưỡng tại xã Kim Bôi",3310.0,84.0,7.0,Không xác định,Không xác định,3.0,2.0,Đã có sổ,Không xác định,6.0,18,Hòa Bình,Kim Bôi,"Trang trại, khu nghỉ dưỡng tại xã Kim Bôi",0.0,>90 m²,4-6 tỷ,20.8133,105.3383
"Đắk Lắk, Ea H'Leo, Trang trại, khu nghỉ dưỡng tại đường Giải Phóng",13600.0,190.0,6.0,Tây - Bắc,Không xác định,4.0,3.0,Đã có sổ,Đầy đủ,17.5,18,Đắk Lắk,Ea H'leo,"Trang trại, khu nghỉ dưỡng tại đường Giải Phóng",0.0,>90 m²,>10 tỷ,12.6667,108.05
"Hải Phòng, Cát Hải, Condotel tại Xanh Island Cát Bà",34.0,6.0,10.0,Tây - Bắc,Đông - Nam,1.0,1.0,Hợp đồng mua bán,Đầy đủ,2.1,10,Hải Phòng,Cát Hải,Condotel tại Xanh Island Cát Bà,0.06,30-50 m²,<4 tỷ,20.8449,106.6881
"Đà Nẵng, Sơn Trà, Condotel tại Symphony 5",30.1,6.0,10.0,Đông - Nam,Tây - Bắc,1.0,1.0,Hợp đồng mua bán,Không xác định,4.02,16,Đà Nẵng,Sơn Trà,Condotel tại Symphony 5,0.13,30-50 m²,4-6 tỷ,16.0544,108.2022
"Quảng Ninh, Hạ Long, Condotel tại Sun Festo Town",31.0,6.0,10.0,Tây - Bắc,Đông - Nam,1.0,1.0,Đã có sổ,Đầy đủ,2.5,16,Quảng Ninh,Hạ Long,Condotel tại Sun Festo Town,0.08,30-50 m²,<4 tỷ,21.0069,107.2925
"Quảng Ninh, Hạ Long, Condotel tại Prima Bay",105.0,6.0,10.0,Nam,Đông - Nam,3.0,2.0,Hợp đồng mua bán,Cơ bản,5.8,17,Quảng Ninh,Hạ Long,Condotel tại Prima Bay,0.06,>90 m²,4-6 tỷ,21.0069,107.2925
"Lâm Đồng, Đà Lạt, Trang trại, khu nghỉ dưỡng tại đường Hoa Hồng",140000.0,6.0,10.0,Không xác định,Không xác định,3.0,2.0,Đã có sổ,Đầy đủ,850.0,16,Lâm Đồng,Đà Lạt,"Trang trại, khu nghỉ dưỡng tại đường Hoa Hồng",0.01,>90 m²,>10 tỷ,11.9404,108.4583
"Lâm Đồng, Đà Lạt, Trang trại, khu nghỉ dưỡng tại phường 7",46000.0,6.0,5.0,Không xác định,Không xác định,3.0,2.0,Đã có sổ,Không xác định,92.0,16,Lâm Đồng,Đà Lạt,"Trang trại, khu nghỉ dưỡng tại phường 7",0.0,>90 m²,>10 tỷ,11.9404,108.4583
"Lâm Đồng, Đức Trọng, Trang trại, khu nghỉ dưỡng tại đường Quốc lộ 27",25000.0,60.0,12.0,Không xác định,Không xác định,3.0,2.0,Đã có sổ,Không xác định,125.0,16,Lâm Đồng,Đức Trọng,"Trang trại, khu nghỉ dưỡng tại đường Quốc lộ 27",0.0,>90 m²,>10 tỷ,11.9404,108.4583
"Đồng Nai, Tân Phú, Trang trại, khu nghỉ dưỡng tại đường Tỉnh lộ 600A",92000.0,6.0,4.0,Không xác định,Không xác định,3.0,2.0,Đã có sổ,Không xác định,65.0,16,Đồng Nai,Tân Phú,"Trang trại, khu nghỉ dưỡng tại đường Tỉnh lộ 600A",0.0,>90 m²,>10 tỷ,10.9454,106.8248
"Lâm Đồng, Đà Lạt, Trang trại, khu nghỉ dưỡng tại phường 5",50000.0,6.0,5.0,Không xác định,Không xác định,5.0,10.0,Đã có sổ,Đầy đủ,85.0,16,Lâm Đồng,Đà Lạt,"Trang trại, khu nghỉ dưỡng tại phường 5",0.0,>90 m²,>10 tỷ,11.9404,108.4583
"Kiên Giang, Phú Quốc, Condotel tại The Sunset",32.0,6.0,10.0,Đông,Tây,1.0,1.0,Hợp đồng mua bán,Đầy đủ,1.52,16,Kiên Giang,Phú Quốc,Condotel tại The Sunset,0.05,30-50 m²,<4 tỷ,10.0125,105.0809
"Hải Phòng, Cát Hải, Condotel tại Xanh Island Cát Bà",33.0,6.0,10.0,Nam,Đông - Nam,1.0,1.0,Hợp đồng mua bán,Đầy đủ,1.9,5,Hải Phòng,Cát Hải,Condotel tại Xanh Island Cát Bà,0.06,30-50 m²,<4 tỷ,20.8449,106.6881
"Bình Thuận, Phan Thiết, Condotel tại Ocean Vista",167.0,6.0,10.0,Không xác định,Không xác định,2.0,2.0,Đã có sổ,Đầy đủ,4.95,15,Bình Thuận,Phan Thiết,Condotel tại Ocean Vista,0.03,>90 m²,4-6 tỷ,11.0904,108.0722
"Yên Bái, Yên Bình, Trang trại, khu nghỉ dưỡng tại xã Phúc An",32500.0,70.0,10.0,Bắc,Bắc,15.0,10.0,Đã có sổ,Không xác định,25.0,15,Yên Bái,Yên Bình,"Trang trại, khu nghỉ dưỡng tại xã Phúc An",0.0,>90 m²,>10 tỷ,21.7167,104.8833
"Quảng Ninh, Hạ Long, Condotel tại Sun Centro Town",54.0,6.0,10.0,Đông - Nam,Đông - Nam,1.0,1.0,Không xác định,Đầy đủ,4.0,9,Quảng Ninh,Hạ Long,Condotel tại Sun Centro Town,0.07,50-70 m²,<4 tỷ,21.0069,107.2925
"Lào Cai, Sa Pa, Trang trại, khu nghỉ dưỡng tại Sun Plaza Cầu Mây",20000.0,20.0,10.0,Tây,Không xác định,3.0,2.0,Đã có sổ,Không xác định,50.0,15,Lào Cai,Sa Pa,"Trang trại, khu nghỉ dưỡng tại Sun Plaza Cầu Mây",0.0,>90 m²,>10 tỷ,22.4856,103.9707
"Quảng Ninh, Hạ Long, Condotel tại Prima Bay",30.0,6.0,10.0,Không xác định,Không xác định,3.0,2.0,Không xác định,Đầy đủ,1.4,23,Quảng Ninh,Hạ Long,Condotel tại Prima Bay,0.05,<30 m²,<4 tỷ,21.0069,107.2925
"Hà Nội, Sóc Sơn, Trang trại, khu nghỉ dưỡng tại xã Bắc Sơn",1100.0,20.0,4.5,Nam,Nam,1.0,1.0,Đã có sổ,Không xác định,3.85,25,Hà Nội,Sóc Sơn,"Trang trại, khu nghỉ dưỡng tại xã Bắc Sơn",0.0,>90 m²,<4 tỷ,21.0285,105.8542
"Quảng Ninh, Hạ Long, Condotel tại Sun Centro Town",30.4,6.0,10.0,Bắc,Bắc,3.0,2.0,Hợp đồng mua bán,Đầy đủ,1.56,25,Quảng Ninh,Hạ Long,Condotel tại Sun Centro Town,0.05,30-50 m²,<4 tỷ,21.0069,107.2925
"Hà Nội, Đống Đa, Condotel tại The Ninety Complex",95.0,6.0,10.0,Đông - Nam,Tây - Bắc,3.0,2.0,Hợp đồng mua bán,Đầy đủ,10.3,25,Hà Nội,Đống Đa,Condotel tại The Ninety Complex,0.11,>90 m²,>10 tỷ,21.0285,105.8542
"Hòa Bình, Kim Bôi, Trang trại, khu nghỉ dưỡng tại xã Mỵ Hòa",1014.0,6.0,6.0,Không xác định,Không xác định,3.0,2.0,Đã có sổ,Không xác định,1.84,25,Hòa Bình,Kim Bôi,"Trang trại, khu nghỉ dưỡng tại xã Mỵ Hòa",0.0,>90 m²,<4 tỷ,20.8133,105.3383
"Bà Rịa Vũng Tàu, Vũng Tàu, Condotel tại Blanca City",81.0,6.0,10.0,Không xác định,Không xác định,3.0,2.0,Không xác định,Cơ bản,7.28,24,Bà Rịa Vũng Tàu,Vũng Tàu,Condotel tại Blanca City,0.09,70-90 m²,6-8 tỷ,10.4114,107.1362
"Bình Thuận, Bắc Bình, Trang trại, khu nghỉ dưỡng tại đường Quốc Lộ 28B",959.0,20.0,16.0,Không xác định,Không xác định,2.0,2.0,Đã có sổ,Không xác định,0.75,24,Bình Thuận,Bắc Bình,"Trang trại, khu nghỉ dưỡng tại đường Quốc Lộ 28B",0.0,>90 m²,<4 tỷ,11.0904,108.0722
"Lâm Đồng, Đức Trọng, Trang trại, khu nghỉ dưỡng tại đường Quốc Lộ 20",14000.0,100.0,10.0,Không xác định,Không xác định,3.0,2.0,Đã có sổ,Không xác định,115.0,24,Lâm Đồng,Đức Trọng,"Trang trại, khu nghỉ dưỡng tại đường Quốc Lộ 20",0.01,>90 m²,>10 tỷ,11.9404,108.4583
"Long An, Thủ Thừa, Trang trại, khu nghỉ dưỡng tại đường 834B",4700.0,28.0,10.0,Không xác định,Không xác định,3.0,2.0,Đã có sổ,Không xác định,11.99,24,Long An,Thủ Thừa,"Trang trại, khu nghỉ dưỡng tại đường 834B",0.0,>90 m²,>10 tỷ,10.536,106.4099
"Gia Lai, Mang Yang, Trang trại, khu nghỉ dưỡng tại đường Trần Hưng Đạo",6635.0,22.0,50.0,Nam,Không xác định,2.0,1.0,Đã có sổ,Cơ bản,7.0,23,Gia Lai,Mang Yang,"Trang trại, khu nghỉ dưỡng tại đường Trần Hưng Đạo",0.0,>90 m²,6-8 tỷ,13.9833,108.0
"Đà Nẵng, Sơn Trà, Condotel tại Vinpearl Condotel Đà Nẵng",58.0,6.0,10.0,Không xác định,Không xác định,3.0,2.0,Không xác định,Không xác định,3.5,23,Đà Nẵng,Sơn Trà,Condotel tại Vinpearl Condotel Đà Nẵng,0.06,50-70 m²,<4 tỷ,16.0544,108.2022
"Bà Rịa Vũng Tàu, Xuyên Mộc, Trang trại, khu nghỉ dưỡng tại xã Phước Thuận",12500.0,6.0,10.0,Không xác định,Không xác định,3.0,2.0,Đã có sổ,Không xác định,0.02,23,Bà Rịa Vũng Tàu,Xuyên Mộc,"Trang trại, khu nghỉ dưỡng tại xã Phước Thuận",0.0,>90 m²,<4 tỷ,10.4114,107.1362
"Đà Nẵng, Sơn Trà, Condotel tại Sun Costa Residence",50.2,6.0,10.0,Không xác định,Không xác định,1.0,1.0,Đã có sổ,Đầy đủ,6.71,23,Đà Nẵng,Sơn Trà,Condotel tại Sun Costa Residence,0.13,50-70 m²,6-8 tỷ,16.0544,108.2022
"Lào Cai, Sa Pa, Trang trại, khu nghỉ dưỡng tại xã Tả Van",600.0,20.0,5.0,Không xác định,Không xác định,3.0,2.0,Đã có sổ,Không xác định,0.0,23,Lào Cai,Sa Pa,"Trang trại, khu nghỉ dưỡng tại xã Tả Van",0.0,>90 m²,<4 tỷ,22.4856,103.9707
"Đồng Nai, Long Khánh, Trang trại, khu nghỉ dưỡng tại đường Quốc lộ 56",5288.3,25.0,4.0,Không xác định,Không xác định,3.0,2.0,Đã có sổ,Không xác định,5.0,23,Đồng Nai,Long Khánh,"Trang trại, khu nghỉ dưỡng tại đường Quốc lộ 56",0.0,>90 m²,4-6 tỷ,10.9454,106.8248
"Đà Nẵng, Sơn Trà, Condotel tại Sun Symphony Residence",49.7,6.0,10.0,Đông,Đông,1.0,1.0,Hợp đồng mua bán,Không xác định,3.52,8,Đà Nẵng,Sơn Trà,Condotel tại Sun Symphony Residence,0.07,30-50 m²,<4 tỷ,16.0544,108.2022
"Đồng Nai, Định Quán, Trang trại, khu nghỉ dưỡng tại đường Hương lộ 105",15000.0,167.0,6.0,Tây,Không xác định,3.0,2.0,Đã có sổ,Không xác định,6.3,22,Đồng Nai,Định Quán,"Trang trại, khu nghỉ dưỡng tại đường Hương lộ 105",0.0,>90 m²,6-8 tỷ,10.9454,106.8248
"Hòa Bình, Yên Thủy, Trang trại, khu nghỉ dưỡng tại xã Lạc Lương",5387.0,6.0,5.0,Không xác định,Không xác định,3.0,2.0,Đã có sổ,Không xác định,900.0,22,Hòa Bình,Yên Thủy,"Trang trại, khu nghỉ dưỡng tại xã Lạc Lương",0.17,>90 m²,>10 tỷ,20.8133,105.3383
"Quảng Ninh, Hạ Long, Condotel tại SkyM",30.5,6.0,10.0,Đông - Nam,Đông - Nam,1.0,1.0,Đã có sổ,Cơ bản,1.55,21,Quảng Ninh,Hạ Long,Condotel tại SkyM,0.05,30-50 m²,<4 tỷ,21.0069,107.2925
"Bà Rịa Vũng Tàu, Châu Đức, Trang trại, khu nghỉ dưỡng tại xã Kim Long",2400.0,31.0,6.0,Nam,Không xác định,3.0,2.0,Đã có sổ,Không xác định,5.0,4,Bà Rịa Vũng Tàu,Châu Đức,"Trang trại, khu nghỉ dưỡng tại xã Kim Long",0.0,>90 m²,4-6 tỷ,10.4114,107.1362
"Phú Thọ, Thanh Thủy, Condotel tại Wyndham Thanh Thủy Hotels & Resorts",32.4,6.0,10.0,Tây - Bắc,Đông - Nam,1.0,1.0,Hợp đồng mua bán,Đầy đủ,1.7,29,Phú Thọ,Thanh Thủy,Condotel tại Wyndham Thanh Thủy Hotels & Resorts,0.05,30-50 m²,<4 tỷ,21.3167,105.2167
"Phú Thọ, Thanh Thủy, Condotel tại Wyndham Thanh Thủy Hotels & Resorts",32.4,6.0,10.0,Đông - Nam,Đông - Nam,1.0,1.0,Hợp đồng mua bán,Đầy đủ,1.7,29,Phú Thọ,Thanh Thủy,Condotel tại Wyndham Thanh Thủy Hotels & Resorts,0.05,30-50 m²,<4 tỷ,21.3167,105.2167
"Bà Rịa Vũng Tàu, Vũng Tàu, Condotel tại Blanca City",65.0,6.0,10.0,Không xác định,Không xác định,2.0,2.0,Hợp đồng mua bán,Đầy đủ,6.8,29,Bà Rịa Vũng Tàu,Vũng Tàu,Condotel tại Blanca City,0.1,50-70 m²,6-8 tỷ,10.4114,107.1362
"Quảng Ngãi, Quảng Ngãi, Trang trại, khu nghỉ dưỡng tại đường Trần Nhân Tông",1000.0,30.0,5.0,Đông,Đông,5.0,1.0,Đã có sổ,Cơ bản,4.0,29,Quảng Ngãi,Quảng Ngãi,"Trang trại, khu nghỉ dưỡng tại đường Trần Nhân Tông",0.0,>90 m²,<4 tỷ,15.1205,108.7923
"Vĩnh Phúc, Phúc Yên, Trang trại, khu nghỉ dưỡng tại xã Ngọc Thanh",1665.0,6.0,10.0,Đông - Nam,Không xác định,3.0,2.0,Đã có sổ,Không xác định,61.08,29,Vĩnh Phúc,Phúc Yên,"Trang trại, khu nghỉ dưỡng tại xã Ngọc Thanh",0.04,>90 m²,>10 tỷ,21.3083,105.6042
"Hà Nội, Đống Đa, Condotel tại The Ninety Complex",65.0,6.0,10.0,Tây - Bắc,Đông - Nam,2.0,2.0,Hợp đồng mua bán,Đầy đủ,7.0,28,Hà Nội,Đống Đa,Condotel tại The Ninety Complex,0.11,50-70 m²,6-8 tỷ,21.0285,105.8542
"Đồng Nai, Xuân Lộc, Trang trại, khu nghỉ dưỡng tại đường Xuân Lộc - Long Khánh",1232.0,16.2,10.0,Không xác định,Không xác định,3.0,2.0,Đã có sổ,Cơ bản,5.5,28,Đồng Nai,Xuân Lộc,"Trang trại, khu nghỉ dưỡng tại đường Xuân Lộc - Long Khánh",0.0,>90 m²,4-6 tỷ,10.9454,106.8248
"Lâm Đồng, Lâm Hà, Trang trại, khu nghỉ dưỡng tại xã Tân Văn",9734.0,70.0,5.0,Nam,Đông,1.0,1.0,Đã có sổ,Cơ bản,5.0,28,Lâm Đồng,Lâm Hà,"Trang trại, khu nghỉ dưỡng tại xã Tân Văn",0.0,>90 m²,4-6 tỷ,11.9404,108.4583
"Bà Rịa Vũng Tàu, Xuyên Mộc, Trang trại, khu nghỉ dưỡng tại đường 329",4000.0,40.0,16.0,Đông - Bắc,Không xác định,3.0,2.0,Đã có sổ,Không xác định,4.0,28,Bà Rịa Vũng Tàu,Xuyên Mộc,"Trang trại, khu nghỉ dưỡng tại đường 329",0.0,>90 m²,<4 tỷ,10.4114,107.1362
"Đồng Nai, Cẩm Mỹ, Trang trại, khu nghỉ dưỡng tại xã Xuân Quế",4000.0,65.0,4.0,Không xác định,Không xác định,3.0,2.0,Đã có sổ,Không xác định,3.1,26,Đồng Nai,Cẩm Mỹ,"Trang trại, khu nghỉ dưỡng tại xã Xuân Quế",0.0,>90 m²,<4 tỷ,10.9454,106.8248
"Quảng Ninh, Hạ Long, Condotel tại SkyM",35.2,6.0,10.0,Bắc,Nam,3.0,2.0,Đã có sổ,Cơ bản,1.63,27,Quảng Ninh,Hạ Long,Condotel tại SkyM,0.05,30-50 m²,<4 tỷ,21.0069,107.2925
"Kiên Giang, Phú Quốc, Condotel tại Grand World Phú Quốc",29.9,6.0,10.0,Không xác định,Không xác định,1.0,1.0,Hợp đồng mua bán,Đầy đủ,1.1,24,Kiên Giang,Phú Quốc,Condotel tại Grand World Phú Quốc,0.04,<30 m²,<4 tỷ,10.0125,105.0809
"Bà Rịa Vũng Tàu, Xuyên Mộc, Condotel tại Maia Resort Hồ Tràm",35.0,6.0,10.0,Đông - Bắc,Không xác định,1.0,1.0,Hợp đồng mua bán,Không xác định,2.67,27,Bà Rịa Vũng Tàu,Xuyên Mộc,Condotel tại Maia Resort Hồ Tràm,0.08,30-50 m²,<4 tỷ,10.4114,107.1362
"Bình Thuận, Hàm Thuận Nam, Trang trại, khu nghỉ dưỡng tại đường Quốc lộ 1A",12000.0,100.0,10.0,Nam,Nam,3.0,2.0,Đã có sổ,Đầy đủ,12.0,27,Bình Thuận,Hàm Thuận Nam,"Trang trại, khu nghỉ dưỡng tại đường Quốc lộ 1A",0.0,>90 m²,>10 tỷ,11.0904,108.0722
"Khánh Hòa, Khánh Vĩnh, Trang trại, khu nghỉ dưỡng tại xã Khánh Phú",12500.0,70.0,10.0,Tây - Bắc,Tây - Bắc,3.0,1.0,Đã có sổ,Không xác định,7.5,27,Khánh Hòa,Khánh Vĩnh,"Trang trại, khu nghỉ dưỡng tại xã Khánh Phú",0.0,>90 m²,6-8 tỷ,12.2388,109.1967
"Gia Lai, Ia Pa, Trang trại, khu nghỉ dưỡng tại xã Ia Tul",5000000.0,6.0,10.0,Không xác định,Không xác định,3.0,2.0,Đã có sổ,Không xác định,160.0,27,Gia Lai,Ia Pa,"Trang trại, khu nghỉ dưỡng tại xã Ia Tul",0.0,>90 m²,>10 tỷ,13.9833,108.0
"Kiên Giang, Phú Quốc, Trang trại, khu nghỉ dưỡng tại đường Trần Hưng Đạo",9000.0,6.0,10.0,Không xác định,Không xác định,3.0,2.0,Đã có sổ,Đầy đủ,450.0,26,Kiên Giang,Phú Quốc,"Trang trại, khu nghỉ dưỡng tại đường Trần Hưng Đạo",0.05,>90 m²,>10 tỷ,10.0125,105.0809
"Lào Cai, Sa Pa, Trang trại, khu nghỉ dưỡng tại xã Mường Hoa",30000.0,6.0,10.0,Không xác định,Không xác định,3.0,2.0,Đã có sổ,Không xác định,165.0,26,Lào Cai,Sa Pa,"Trang trại, khu nghỉ dưỡng tại xã Mường Hoa",0.01,>90 m²,>10 tỷ,22.4856,103.9707
"Long An, Bến Lức, Trang trại, khu nghỉ dưỡng tại xã Thạnh Lợi",15000.0,6.0,10.0,Không xác định,Không xác định,3.0,2.0,Đã có sổ,Không xác định,15.0,26,Long An,Bến Lức,"Trang trại, khu nghỉ dưỡng tại xã Thạnh Lợi",0.0,>90 m²,>10 tỷ,10.536,106.4099
"Bà Rịa Vũng Tàu, Vũng Tàu, Condotel tại CSJ Tower",45.0,6.0,10.0,Đông - Nam,Đông - Nam,2.0,1.0,Hợp đồng mua bán,Đầy đủ,3.9,26,Bà Rịa Vũng Tàu,Vũng Tàu,Condotel tại CSJ Tower,0.09,30-50 m²,<4 tỷ,10.4114,107.1362
"Quảng Ninh, Hạ Long, Condotel tại The Sea Hạ Long",31.0,6.0,10.0,Đông - Nam,Đông - Nam,1.0,1.0,Không xác định,Đầy đủ,1.71,30,Quảng Ninh,Hạ Long,Condotel tại The Sea Hạ Long,0.06,30-50 m²,<4 tỷ,21.0069,107.2925
"Kiên Giang, Phú Quốc, Trang trại, khu nghỉ dưỡng tại phường Dương Đông",4683.0,6.0,10.0,Không xác định,Không xác định,3.0,2.0,Đã có sổ,Không xác định,130.0,14,Kiên Giang,Phú Quốc,"Trang trại, khu nghỉ dưỡng tại phường Dương Đông",0.03,>90 m²,>10 tỷ,10.0125,105.0809
"Quảng Nam, Hội An, Trang trại, khu nghỉ dưỡng tại phường Cửa Đại",5162.0,6.0,10.0,Không xác định,Không xác định,3.0,2.0,Đã có sổ,Đầy đủ,300.0,30,Quảng Nam,Hội An,"Trang trại, khu nghỉ dưỡng tại phường Cửa Đại",0.06,>90 m²,>10 tỷ,15.5667,108.4833
"Lâm Đồng, Bảo Lâm, Trang trại, khu nghỉ dưỡng tại xã Lộc Bắc",16467.0,6.0,10.0,Không xác định,Không xác định,3.0,2.0,Không xác định,Không xác định,4.7,30,Lâm Đồng,Bảo Lâm,"Trang trại, khu nghỉ dưỡng tại xã Lộc Bắc",0.0,>90 m²,4-6 tỷ,11.9404,108.4583
"Phú Thọ, Thanh Thủy, Condotel tại Wyndham Thanh Thủy Hotels & Resorts",32.4,6.0,10.0,Tây - Nam,Không xác định,3.0,2.0,Không xác định,Không xác định,1.0,30,Phú Thọ,Thanh Thủy,Condotel tại Wyndham Thanh Thủy Hotels & Resorts,0.03,30-50 m²,<4 tỷ,21.3167,105.2167
"Quảng Ninh, Hạ Long, Condotel tại Prima Bay",32.0,6.0,10.0,Không xác định,Không xác định,1.0,1.0,Đã có sổ,Đầy đủ,1.3,30,Quảng Ninh,Hạ Long,Condotel tại Prima Bay,0.04,30-50 m²,<4 tỷ,21.0069,107.2925
"Kiên Giang, Phú Quốc, Condotel tại Grand World Phú Quốc",25.4,6.0,10.0,Không xác định,Không xác định,1.0,1.0,Hợp đồng mua bán,Không xác định,1.0,30,Kiên Giang,Phú Quốc,Condotel tại Grand World Phú Quốc,0.04,<30 m²,<4 tỷ,10.0125,105.0809
"Khánh Hòa, Nha Trang, Condotel tại Paramount Signature",36.5,6.0,10.0,Đông - Nam,Đông - Bắc,1.0,1.0,Hợp đồng mua bán,Cơ bản,3.3,30,Khánh Hòa,Nha Trang,Condotel tại Paramount Signature,0.09,30-50 m²,<4 tỷ,12.2388,109.1967
"Khánh Hòa, Nha Trang, Condotel tại Paramount Signature",80.0,6.0,10.0,Đông - Bắc,Đông - Nam,1.0,1.0,Hợp đồng mua bán,Đầy đủ,9.9,30,Khánh Hòa,Nha Trang,Condotel tại Paramount Signature,0.12,70-90 m²,8-10 tỷ,12.2388,109.1967
"Phú Thọ, Thanh Thủy, Condotel tại Wyndham Thanh Thủy Hotels & Resorts",32.4,6.0,10.0,Đông - Nam,Đông - Nam,1.0,1.0,Hợp đồng mua bán,Đầy đủ,1.7,30,Phú Thọ,Thanh Thủy,Condotel tại Wyndham Thanh Thủy Hotels & Resorts,0.05,30-50 m²,<4 tỷ,21.3167,105.2167
"Bà Rịa Vũng Tàu, Vũng Tàu, Condotel tại Vũng Tàu Pearl",56.44,6.0,10.0,Không xác định,Không xác định,1.0,1.0,Hợp đồng mua bán,Cơ bản,1.9,30,Bà Rịa Vũng Tàu,Vũng Tàu,Condotel tại Vũng Tàu Pearl,0.03,50-70 m²,<4 tỷ,10.4114,107.1362
"Quảng Ninh, Hạ Long, Condotel tại The Sea Hạ Long",31.6,6.0,10.0,Đông - Nam,Không xác định,1.0,1.0,Không xác định,Đầy đủ,1.74,30,Quảng Ninh,Hạ Long,Condotel tại The Sea Hạ Long,0.06,30-50 m²,<4 tỷ,21.0069,107.2925
"Quảng Ninh, Hạ Long, Condotel tại The Holiday Hạ Long",55.2,6.0,10.0,Không xác định,Không xác định,1.0,1.0,Hợp đồng mua bán,Đầy đủ,3.6,29,Quảng Ninh,Hạ Long,Condotel tại The Holiday Hạ Long,0.07,50-70 m²,<4 tỷ,21.0069,107.2925
"Bắc Giang, Bắc Giang, Kho, nhà xưởng tại phường Thọ Xương",10000.0,6.0,10.0,Không xác định,Không xác định,3.0,2.0,Không xác định,Không xác định,0.0,12,Bắc Giang,Bắc Giang,"Kho, nhà xưởng tại phường Thọ Xương",0.0,>90 m²,<4 tỷ,21.2731,106.1946
"Hải Dương, Cẩm Giàng, Kho, nhà xưởng tại xã Ngọc Liên",8000.0,6.0,10.0,Không xác định,Không xác định,3.0,2.0,Không xác định,Không xác định,0.0,12,Hải Dương,Cẩm Giàng,"Kho, nhà xưởng tại xã Ngọc Liên",0.0,>90 m²,<4 tỷ,20.9374,106.3146
"Long An, Thủ Thừa, Kho, nhà xưởng tại thị trấn Thủ Thừa",5000.0,50.0,12.0,Không xác định,Không xác định,3.0,2.0,Không xác định,Không xác định,41.6,4,Long An,Thủ Thừa,"Kho, nhà xưởng tại thị trấn Thủ Thừa",0.01,>90 m²,>10 tỷ,10.536,106.4099
"Hồ Chí Minh, Quận 12, Kho, nhà xưởng tại đường Võ Thị Phải",178.7,6.0,8.0,Không xác định,Không xác định,3.0,2.0,Đã có sổ,Không xác định,9.7,5,Hồ Chí Minh,Quận 12,"Kho, nhà xưởng tại đường Võ Thị Phải",0.05,>90 m²,8-10 tỷ,10.7769,106.7009
"Long An, Đức Hòa, Kho, nhà xưởng tại Khu Công Nghiệp Tân Đô",19795.0,6.0,10.0,Không xác định,Không xác định,3.0,2.0,Đã có sổ,Cơ bản,147.5,9,Long An,Đức Hòa,"Kho, nhà xưởng tại Khu Công Nghiệp Tân Đô",0.01,>90 m²,>10 tỷ,10.536,106.4099
"Tây Ninh, Trảng Bàng, Kho, nhà xưởng tại thị trấn Trảng Bàng",15000.5,6.0,10.0,Không xác định,Không xác định,3.0,2.0,Đã có sổ,Cơ bản,126.43,9,Tây Ninh,Trảng Bàng,"Kho, nhà xưởng tại thị trấn Trảng Bàng",0.01,>90 m²,>10 tỷ,11.3601,106.1098
"Thanh Hóa, Đông Sơn, Kho, nhà xưởng tại xã Đông Tiến",20000.0,6.0,10.0,Không xác định,Không xác định,3.0,2.0,Đã có sổ,Không xác định,40.0,9,Thanh Hóa,Đông Sơn,"Kho, nhà xưởng tại xã Đông Tiến",0.0,>90 m²,>10 tỷ,19.8067,105.7852
"Long An, Bến Lức, Kho, nhà xưởng tại đường 830",5300.0,6.0,16.0,Không xác định,Không xác định,3.0,2.0,Không xác định,Không xác định,48.0,6,Long An,Bến Lức,"Kho, nhà xưởng tại đường 830",0.01,>90 m²,>10 tỷ,10.536,106.4099
"Long An, Thủ Thừa, Kho, nhà xưởng tại đường Quốc Lộ 62",12550.0,6.0,10.0,Không xác định,Không xác định,3.0,2.0,Không xác định,Không xác định,104.4,8,Long An,Thủ Thừa,"Kho, nhà xưởng tại đường Quốc Lộ 62",0.01,>90 m²,>10 tỷ,10.536,106.4099
"Long An, Cần Đước, Kho, nhà xưởng tại Thuận Đạo Residence",30000.0,6.0,10.0,Không xác định,Không xác định,3.0,2.0,Không xác định,Không xác định,390.71,6,Long An,Cần Đước,"Kho, nhà xưởng tại Thuận Đạo Residence",0.01,>90 m²,>10 tỷ,10.536,106.4099
"Bình Phước, Chơn Thành, Kho, nhà xưởng tại Khu công nghiệp Becamex",70110.0,246.0,12.0,Nam,Không xác định,3.0,2.0,Đã có sổ,Không xác định,0.0,6,Bình Phước,Chơn Thành,"Kho, nhà xưởng tại Khu công nghiệp Becamex",0.0,>90 m²,<4 tỷ,11.75,106.9167
"Long An, Đức Hòa, Kho, nhà xưởng tại xã Mỹ Hạnh Nam",5000.0,50.0,10.0,Không xác định,Không xác định,3.0,2.0,Không xác định,Không xác định,48.5,4,Long An,Đức Hòa,"Kho, nhà xưởng tại xã Mỹ Hạnh Nam",0.01,>90 m²,>10 tỷ,10.536,106.4099
"Long An, Thủ Thừa, Kho, nhà xưởng tại đường ĐT 818",12763.0,70.5,9.0,Bắc,Không xác định,3.0,2.0,Đã có sổ,Không xác định,52.0,5,Long An,Thủ Thừa,"Kho, nhà xưởng tại đường ĐT 818",0.0,>90 m²,>10 tỷ,10.536,106.4099
"Bà Rịa Vũng Tàu, Phú Mỹ, Kho, nhà xưởng tại đường Quốc Lộ 51",1027.0,10.0,50.0,Không xác định,Không xác định,3.0,2.0,Không xác định,Không xác định,12.0,3,Bà Rịa Vũng Tàu,Phú Mỹ,"Kho, nhà xưởng tại đường Quốc Lộ 51",0.01,>90 m²,>10 tỷ,10.4114,107.1362
"Long An, Thủ Thừa, Kho, nhà xưởng tại xã Nhị Thành",5000.0,79.0,10.0,Không xác định,Không xác định,3.0,2.0,Đã có sổ,Không xác định,41.6,3,Long An,Thủ Thừa,"Kho, nhà xưởng tại xã Nhị Thành",0.01,>90 m²,>10 tỷ,10.536,106.4099
"Long An, Đức Hòa, Kho, nhà xưởng tại Khu công nghiệp Hải Sơn",14000.0,62.0,36.0,Không xác định,Không xác định,3.0,2.0,Không xác định,Không xác định,0.01,3,Long An,Đức Hòa,"Kho, nhà xưởng tại Khu công nghiệp Hải Sơn",0.0,>90 m²,<4 tỷ,10.536,106.4099
"Long An, Đức Huệ, Kho, nhà xưởng tại thị trấn Đông Thành",45000.0,200.0,20.0,Tây - Nam,Không xác định,3.0,2.0,Đã có sổ,Không xác định,150.0,25,Long An,Đức Huệ,"Kho, nhà xưởng tại thị trấn Đông Thành",0.0,>90 m²,>10 tỷ,10.536,106.4099
"Bình Dương, Dĩ An, Kho, nhà xưởng tại đường ĐT 743C",270.3,4.81,16.0,Đông - Bắc,Không xác định,3.0,2.0,Đã có sổ,Cơ bản,6.83,24,Bình Dương,Dĩ An,"Kho, nhà xưởng tại đường ĐT 743C",0.03,>90 m²,6-8 tỷ,11.1604,106.6508
"Bình Dương, Tân Uyên, Kho, nhà xưởng tại đường N4",100000.0,6.0,10.0,Không xác định,Không xác định,3.0,2.0,Không xác định,Không xác định,990.0,24,Bình Dương,Tân Uyên,"Kho, nhà xưởng tại đường N4",0.01,>90 m²,>10 tỷ,11.1604,106.6508
"Bình Dương, Dĩ An, Kho, nhà xưởng tại đường Quốc lộ 1K",930.0,4.0,50.0,Đông - Nam,Không xác định,3.0,2.0,Đã có sổ,Không xác định,91.0,24,Bình Dương,Dĩ An,"Kho, nhà xưởng tại đường Quốc lộ 1K",0.1,>90 m²,>10 tỷ,11.1604,106.6508
"Hà Nội, Đông Anh, Kho, nhà xưởng tại xã Liên Hà",1000.0,22.5,18.5,Đông - Nam,Không xác định,3.0,2.0,Đã có sổ,Không xác định,194.23,24,Hà Nội,Đông Anh,"Kho, nhà xưởng tại xã Liên Hà",0.19,>90 m²,>10 tỷ,21.0285,105.8542
"Bình Dương, Bàu Bàng, Kho, nhà xưởng tại xã Long Nguyên",13800.0,10.0,6.0,Không xác định,Không xác định,3.0,2.0,Đã có sổ,Không xác định,75.0,23,Bình Dương,Bàu Bàng,"Kho, nhà xưởng tại xã Long Nguyên",0.01,>90 m²,>10 tỷ,11.1604,106.6508
"Hà Nội, Phúc Thọ, Kho, nhà xưởng tại đường Quốc lộ 32",1000.0,36.0,10.0,Không xác định,Không xác định,3.0,2.0,Không xác định,Không xác định,0.01,23,Hà Nội,Phúc Thọ,"Kho, nhà xưởng tại đường Quốc lộ 32",0.0,>90 m²,<4 tỷ,21.0285,105.8542
"Bình Dương, Bắc Tân Uyên, Kho, nhà xưởng tại đường ĐT 746",9700.0,20.0,62.0,Không xác định,Không xác định,3.0,2.0,Đã có sổ,Đầy đủ,52.0,23,Bình Dương,Bắc Tân Uyên,"Kho, nhà xưởng tại đường ĐT 746",0.01,>90 m²,>10 tỷ,11.1604,106.6508
"Yên Bái, Nghĩa Lộ, Kho, nhà xưởng tại xã Phù Nham",4500.0,50.0,13.0,Nam,Không xác định,3.0,2.0,Đã có sổ,Đầy đủ,6.5,19,Yên Bái,Nghĩa Lộ,"Kho, nhà xưởng tại xã Phù Nham",0.0,>90 m²,6-8 tỷ,21.7167,104.8833
"Long An, Bến Lức, Kho, nhà xưởng tại xã Thanh Phú",4710.0,30.0,8.0,Không xác định,Không xác định,3.0,2.0,Đã có sổ,Không xác định,38.0,18,Long An,Bến Lức,"Kho, nhà xưởng tại xã Thanh Phú",0.01,>90 m²,>10 tỷ,10.536,106.4099
"Hồ Chí Minh, Quận 7, Kho, nhà xưởng tại đường Bùi Văn Ba",2475.0,70.0,8.0,Đông - Nam,Không xác định,3.0,5.0,Đã có sổ,Cơ bản,0.05,17,Hồ Chí Minh,Quận 7,"Kho, nhà xưởng tại đường Bùi Văn Ba",0.0,>90 m²,<4 tỷ,10.7769,106.7009
"Quảng Nam, Điện Bàn, Kho, nhà xưởng tại Khu đô thị số 7 Điện Nam Điện Ngọc",23000.0,6.0,10.0,Không xác định,Không xác định,3.0,2.0,Đã có sổ,Không xác định,96.0,17,Quảng Nam,Điện Bàn,"Kho, nhà xưởng tại Khu đô thị số 7 Điện Nam Điện Ngọc",0.0,>90 m²,>10 tỷ,15.5667,108.4833
"Long An, Thủ Thừa, Kho, nhà xưởng tại xã Nhị Thành",12670.0,58.0,10.0,Không xác định,Không xác định,3.0,2.0,Hợp đồng mua bán,Không xác định,105.4,16,Long An,Thủ Thừa,"Kho, nhà xưởng tại xã Nhị Thành",0.01,>90 m²,>10 tỷ,10.536,106.4099
"Thanh Hóa, Thanh Hóa, Kho, nhà xưởng tại đường CSEDP",9783.0,6.0,10.0,Không xác định,Không xác định,3.0,2.0,Đã có sổ,Không xác định,21.0,12,Thanh Hóa,Thanh Hóa,"Kho, nhà xưởng tại đường CSEDP",0.0,>90 m²,>10 tỷ,19.8067,105.7852
"Thái Bình, Quỳnh Phụ, Kho, nhà xưởng tại đường 10",22000.0,6.0,10.0,Không xác định,Không xác định,3.0,2.0,Đã có sổ,Không xác định,65.0,12,Thái Bình,Quỳnh Phụ,"Kho, nhà xưởng tại đường 10",0.0,>90 m²,>10 tỷ,20.4464,106.3364
"Hà Nội, Ứng Hòa, Kho, nhà xưởng tại Cụm công nghiệp Xà Cầu (GĐ2)",1200.0,6.0,10.0,Không xác định,Không xác định,3.0,2.0,Đã có sổ,Không xác định,0.01,12,Hà Nội,Ứng Hòa,"Kho, nhà xưởng tại Cụm công nghiệp Xà Cầu (GĐ2)",0.0,>90 m²,<4 tỷ,21.0285,105.8542
"Hà Nội, Thanh Oai, Kho, nhà xưởng tại Cụm công nghiệp Thanh Văn -Tân Ước",2000.0,6.0,10.0,Không xác định,Không xác định,3.0,2.0,Hợp đồng mua bán,Không xác định,0.01,12,Hà Nội,Thanh Oai,"Kho, nhà xưởng tại Cụm công nghiệp Thanh Văn -Tân Ước",0.0,>90 m²,<4 tỷ,21.0285,105.8542
"Bình Dương, Tân Uyên, Kho, nhà xưởng tại xã Tân Vĩnh Hiệp",17600.0,150.0,8.0,Không xác định,Không xác định,3.0,2.0,Không xác định,Đầy đủ,135.0,24,Bình Dương,Tân Uyên,"Kho, nhà xưởng tại xã Tân Vĩnh Hiệp",0.01,>90 m²,>10 tỷ,11.1604,106.6508
"Vĩnh Phúc, Phúc Yên, Kho, nhà xưởng tại phường Phúc Thắng",2000.0,6.0,10.0,Không xác định,Không xác định,3.0,2.0,Không xác định,Không xác định,73.36,27,Vĩnh Phúc,Phúc Yên,"Kho, nhà xưởng tại phường Phúc Thắng",0.04,>90 m²,>10 tỷ,21.3083,105.6042
"Hà Nam, Duy Tiên, Kho, nhà xưởng tại xã Tiên Ngoại",10000.0,6.0,10.0,Không xác định,Không xác định,3.0,2.0,Không xác định,Không xác định,600.96,26,Hà Nam,Duy Tiên,"Kho, nhà xưởng tại xã Tiên Ngoại",0.06,>90 m²,>10 tỷ,20.5453,105.9126
"Đồng Nai, Long Khánh, Kho, nhà xưởng tại xã Bình Lộc",10000.0,6.0,10.0,Không xác định,Không xác định,3.0,2.0,Đã có sổ,Không xác định,32.5,26,Đồng Nai,Long Khánh,"Kho, nhà xưởng tại xã Bình Lộc",0.0,>90 m²,>10 tỷ,10.9454,106.8248
"Bắc Giang, Hiệp Hòa, Kho, nhà xưởng tại xã Hương Lâm",5000.0,6.0,10.0,Không xác định,Không xác định,3.0,2.0,Không xác định,Không xác định,0.0,26,Bắc Giang,Hiệp Hòa,"Kho, nhà xưởng tại xã Hương Lâm",0.0,>90 m²,<4 tỷ,21.2731,106.1946
"Tiền Giang, Tân Phước, Kho, nhà xưởng tại đường Tỉnh lộ 865",120.0,10.0,25.0,Đông - Nam,Không xác định,3.0,2.0,Đã có sổ,Không xác định,5.25,26,Tiền Giang,Tân Phước,"Kho, nhà xưởng tại đường Tỉnh lộ 865",0.04,>90 m²,4-6 tỷ,10.4493,106.3422
"Vĩnh Phúc, Tam Dương, Kho, nhà xưởng tại xã Đạo Tú",1000.0,6.0,10.0,Không xác định,Không xác định,3.0,2.0,Không xác định,Không xác định,0.0,26,Vĩnh Phúc,Tam Dương,"Kho, nhà xưởng tại xã Đạo Tú",0.0,>90 m²,<4 tỷ,21.3083,105.6042
"Hồ Chí Minh, Quận 12, Kho, nhà xưởng tại phường Trung Mỹ Tây",469.0,7.0,5.0,Đông - Bắc,Không xác định,3.0,2.0,Đã có sổ,Không xác định,12.25,26,Hồ Chí Minh,Quận 12,"Kho, nhà xưởng tại phường Trung Mỹ Tây",0.03,>90 m²,>10 tỷ,10.7769,106.7009
"Hồ Chí Minh, Bình Chánh, Kho, nhà xưởng tại đường Lê Đình Chi",823.0,6.0,4.0,Tây - Bắc,Không xác định,3.0,2.0,Đã có sổ,Không xác định,18.5,26,Hồ Chí Minh,Bình Chánh,"Kho, nhà xưởng tại đường Lê Đình Chi",0.02,>90 m²,>10 tỷ,10.7769,106.7009
"Vĩnh Long, Vĩnh Long, Kho, nhà xưởng tại đường Quốc lộ 1A",42000.0,35.0,34.0,Không xác định,Không xác định,3.0,2.0,Không xác định,Không xác định,100.0,26,Vĩnh Long,Vĩnh Long,"Kho, nhà xưởng tại đường Quốc lộ 1A",0.0,>90 m²,>10 tỷ,10.2537,105.9722
"Vĩnh Long, Vĩnh Long, Kho, nhà xưởng tại đường Quốc lộ 1A",29000.0,34.0,34.0,Không xác định,Không xác định,3.0,2.0,Không xác định,Không xác định,74.0,26,Vĩnh Long,Vĩnh Long,"Kho, nhà xưởng tại đường Quốc lộ 1A",0.0,>90 m²,>10 tỷ,10.2537,105.9722
"Long An, Bến Lức, Kho, nhà xưởng tại đường Quốc lộ 1A",25000.0,6.0,10.0,Không xác định,Không xác định,3.0,2.0,Không xác định,Không xác định,136.0,26,Long An,Bến Lức,"Kho, nhà xưởng tại đường Quốc lộ 1A",0.01,>90 m²,>10 tỷ,10.536,106.4099
"Long An, Bến Lức, Kho, nhà xưởng tại đường Tỉnh lộ 833",15901.3,34.0,34.0,Không xác định,Không xác định,3.0,2.0,Không xác định,Không xác định,64.0,26,Long An,Bến Lức,"Kho, nhà xưởng tại đường Tỉnh lộ 833",0.0,>90 m²,>10 tỷ,10.536,106.4099
"Bình Dương, Phú Giáo, Kho, nhà xưởng tại xã Tam Lập",500000.0,280.0,18.0,Không xác định,Không xác định,3.0,2.0,Không xác định,Không xác định,3778.19,26,Bình Dương,Phú Giáo,"Kho, nhà xưởng tại xã Tam Lập",0.01,>90 m²,>10 tỷ,11.1604,106.6508
"Tây Ninh, Trảng Bàng, Kho, nhà xưởng tại đường D5",40000.0,6.0,10.0,Không xác định,Không xác định,3.0,2.0,Không xác định,Không xác định,93.0,25,Tây Ninh,Trảng Bàng,"Kho, nhà xưởng tại đường D5",0.0,>90 m²,>10 tỷ,11.3601,106.1098
"Tây Ninh, Trảng Bàng, Kho, nhà xưởng tại đường Quốc Lộ 22",10000.0,34.0,34.0,Không xác định,Không xác định,3.0,2.0,Không xác định,Không xác định,72.0,25,Tây Ninh,Trảng Bàng,"Kho, nhà xưởng tại đường Quốc Lộ 22",0.01,>90 m²,>10 tỷ,11.3601,106.1098
"Bình Dương, Bến Cát, Kho, nhà xưởng tại đường ĐT 748",9300.0,57.0,60.0,Không xác định,Không xác định,3.0,2.0,Đã có sổ,Không xác định,0.0,25,Bình Dương,Bến Cát,"Kho, nhà xưởng tại đường ĐT 748",0.0,>90 m²,<4 tỷ,11.1604,106.6508
"Tây Ninh, Bến Cầu, Kho, nhà xưởng tại đường Quốc lộ 22B",33000.0,6.0,10.0,Không xác định,Không xác định,3.0,2.0,Đã có sổ,Không xác định,200.0,25,Tây Ninh,Bến Cầu,"Kho, nhà xưởng tại đường Quốc lộ 22B",0.01,>90 m²,>10 tỷ,11.3601,106.1098
"Hồ Chí Minh, Bình Tân, Kho, nhà xưởng tại đường Số 18",175.5,8.2,9.0,Đông - Nam,Không xác định,3.0,2.0,Đã có sổ,Không xác định,14.5,25,Hồ Chí Minh,Bình Tân,"Kho, nhà xưởng tại đường Số 18",0.08,>90 m²,>10 tỷ,10.7769,106.7009
"Yên Bái, Yên Bái, Kho, nhà xưởng tại đường Tuệ Tĩnh",5627.0,6.0,10.0,Không xác định,Không xác định,3.0,2.0,Đã có sổ,Không xác định,3.11,25,Yên Bái,Yên Bái,"Kho, nhà xưởng tại đường Tuệ Tĩnh",0.0,>90 m²,<4 tỷ,21.7167,104.8833
"Cần Thơ, Ô Môn, Kho, nhà xưởng tại đường Số 10",12949.0,20.0,20.0,Tây - Nam,Không xác định,3.0,2.0,Hợp đồng mua bán,Không xác định,0.0,30,Cần Thơ,Ô Môn,"Kho, nhà xưởng tại đường Số 10",0.0,>90 m²,<4 tỷ,10.0452,105.7469
"Long An, Tân An, Kho, nhà xưởng tại xã Lợi Bình Nhơn",10000.0,6.0,10.0,Không xác định,Không xác định,3.0,2.0,Đã có sổ,Không xác định,0.0,30,Long An,Tân An,"Kho, nhà xưởng tại xã Lợi Bình Nhơn",0.0,>90 m²,<4 tỷ,10.536,106.4099
"Bến Tre, Ba Tri, Kho, nhà xưởng tại xã An Bình Tây",4150.0,26.0,10.0,Không xác định,Không xác định,3.0,2.0,Đã có sổ,Không xác định,19.0,30,Bến Tre,Ba Tri,"Kho, nhà xưởng tại xã An Bình Tây",0.0,>90 m²,>10 tỷ,10.2415,106.3758
"Đà Nẵng, Liên Chiểu, Kho, nhà xưởng tại đường Hoàng Văn Thái",2400.0,50.0,30.0,Không xác định,Không xác định,3.0,3.0,Đã có sổ,Cơ bản,80.0,30,Đà Nẵng,Liên Chiểu,"Kho, nhà xưởng tại đường Hoàng Văn Thái",0.03,>90 m²,>10 tỷ,16.0544,108.2022
"Hải Phòng, Vĩnh Bảo, Kho, nhà xưởng tại xã Giang Biên",5000.0,6.0,10.0,Không xác định,Không xác định,3.0,2.0,Không xác định,Không xác định,0.0,29,Hải Phòng,Vĩnh Bảo,"Kho, nhà xưởng tại xã Giang Biên",0.0,>90 m²,<4 tỷ,20.8449,106.6881
"Hải Phòng, Hải An, Kho, nhà xưởng tại Khu công nghiệp Nam Đình Vũ",10000.0,6.0,10.0,Không xác định,Không xác định,3.0,2.0,Không xác định,Không xác định,0.0,29,Hải Phòng,Hải An,"Kho, nhà xưởng tại Khu công nghiệp Nam Đình Vũ",0.0,>90 m²,<4 tỷ,20.8449,106.6881
"Thái Bình, Đông Hưng, Kho, nhà xưởng tại xã Đông Các",5000.0,6.0,10.0,Không xác định,Không xác định,3.0,2.0,Không xác định,Không xác định,0.0,29,Thái Bình,Đông Hưng,"Kho, nhà xưởng tại xã Đông Các",0.0,>90 m²,<4 tỷ,20.4464,106.3364
"Bình Định, An Nhơn, Kho, nhà xưởng tại đường Ngô Gia Tự",20000.0,50.0,20.0,Không xác định,Không xác định,3.0,1.0,Đã có sổ,Không xác định,25.0,29,Bình Định,An Nhơn,"Kho, nhà xưởng tại đường Ngô Gia Tự",0.0,>90 m²,>10 tỷ,13.782,109.2194
"Bình Định, Quy Nhơn, Kho, nhà xưởng tại đường D10",3700.0,40.0,20.0,Không xác định,Không xác định,3.0,2.0,Đã có sổ,Không xác định,12.5,29,Bình Định,Quy Nhơn,"Kho, nhà xưởng tại đường D10",0.0,>90 m²,>10 tỷ,13.782,109.2194
"Đồng Nai, Nhơn Trạch, Kho, nhà xưởng tại đường 25C",2794.0,49.0,35.0,Không xác định,Không xác định,3.0,2.0,Đã có sổ,Không xác định,30.0,29,Đồng Nai,Nhơn Trạch,"Kho, nhà xưởng tại đường 25C",0.01,>90 m²,>10 tỷ,10.9454,106.8248
"Bình Dương, Bến Cát, Kho, nhà xưởng tại phường Hòa Lợi",166000.0,800.0,15.0,Không xác định,Không xác định,3.0,2.0,Đã có sổ,Không xác định,1.4,27,Bình Dương,Bến Cát,"Kho, nhà xưởng tại phường Hòa Lợi",0.0,>90 m²,<4 tỷ,11.1604,106.6508
"Hải Dương, Bình Giang, Kho, nhà xưởng tại xã Bình Xuyên",10000.0,6.0,10.0,Không xác định,Không xác định,3.0,2.0,Không xác định,Không xác định,0.0,27,Hải Dương,Bình Giang,"Kho, nhà xưởng tại xã Bình Xuyên",0.0,>90 m²,<4 tỷ,20.9374,106.3146
"Hải Dương, Cẩm Giàng, Kho, nhà xưởng tại xã Ngọc Liên",8000.0,6.0,10.0,Không xác định,Không xác định,3.0,2.0,Không xác định,Không xác định,0.0,27,Hải Dương,Cẩm Giàng,"Kho, nhà xưởng tại xã Ngọc Liên",0.0,>90 m²,<4 tỷ,20.9374,106.3146
"Bắc Giang, Việt Yên, Loại bất động sản khác tại đường 295B",56.0,5.0,10.0,Không xác định,Không xác định,2.0,2.0,Hợp đồng mua bán,Cơ bản,1.1,29,Bắc Giang,Việt Yên,Loại bất động sản khác tại đường 295B,0.02,50-70 m²,<4 tỷ,21.2731,106.1946
"Hà Nội, Bắc Từ Liêm, Loại bất động sản khác tại ROX Tower",150.0,10.0,17.0,Không xác định,Không xác định,1.0,2.0,Đã có sổ,Cơ bản,7.5,27,Hà Nội,Bắc Từ Liêm,Loại bất động sản khác tại ROX Tower,0.05,>90 m²,6-8 tỷ,21.0285,105.8542
"Bình Phước, Đồng Xoài, Loại bất động sản khác tại xã Tân Thành",1541.0,31.0,4.0,Nam,Không xác định,3.0,2.0,Đã có sổ,Đầy đủ,4.0,24,Bình Phước,Đồng Xoài,Loại bất động sản khác tại xã Tân Thành,0.0,>90 m²,<4 tỷ,11.75,106.9167
"Hà Nội, Cầu Giấy, Loại bất động sản khác tại AZ Lâm Viên Complex",940.0,6.0,10.0,Không xác định,Không xác định,3.0,2.0,Hợp đồng mua bán,Không xác định,40.0,23,Hà Nội,Cầu Giấy,Loại bất động sản khác tại AZ Lâm Viên Complex,0.04,>90 m²,>10 tỷ,21.0285,105.8542
"Hòa Bình, Hòa Bình, Loại bất động sản khác tại Lạc Hồng Viên",48.0,6.0,10.0,Nam,Không xác định,3.0,2.0,Hợp đồng mua bán,Không xác định,0.53,23,Hòa Bình,Hòa Bình,Loại bất động sản khác tại Lạc Hồng Viên,0.01,30-50 m²,<4 tỷ,20.8133,105.3383
"Hồ Chí Minh, Quận 8, Loại bất động sản khác tại đường Phạm Thế Hiển",1680.0,28.0,16.0,Đông - Nam,Đông - Nam,3.0,2.0,Hợp đồng mua bán,Đầy đủ,1.8,23,Hồ Chí Minh,Quận 8,Loại bất động sản khác tại đường Phạm Thế Hiển,0.0,>90 m²,<4 tỷ,10.7769,106.7009
"Hồ Chí Minh, Gò Vấp, Loại bất động sản khác tại CityLand Park Hills",2700.0,6.0,10.0,Đông,Đông,3.0,2.0,Đã có sổ,Không xác định,491.96,3,Hồ Chí Minh,Gò Vấp,Loại bất động sản khác tại CityLand Park Hills,0.18,>90 m²,>10 tỷ,10.7769,106.7009
"Đà Nẵng, Sơn Trà, Loại bất động sản khác tại đường Hà Bổng",513.0,6.0,10.0,Không xác định,Không xác định,3.0,2.0,Không xác định,Không xác định,255.0,3,Đà Nẵng,Sơn Trà,Loại bất động sản khác tại đường Hà Bổng,0.5,>90 m²,>10 tỷ,16.0544,108.2022
"Đồng Nai, Biên Hòa, Loại bất động sản khác tại đường Bùi Văn Hòa",2150.0,6.0,10.0,Không xác định,Không xác định,3.0,2.0,Đã có sổ,Không xác định,92.0,2,Đồng Nai,Biên Hòa,Loại bất động sản khác tại đường Bùi Văn Hòa,0.04,>90 m²,>10 tỷ,10.9454,106.8248
"Hà Nội, Nam Từ Liêm, Loại bất động sản khác tại đường Phạm Hùng",10000.0,6.0,10.0,Không xác định,Không xác định,3.0,2.0,Không xác định,Không xác định,950.0,23,Hà Nội,Nam Từ Liêm,Loại bất động sản khác tại đường Phạm Hùng,0.1,>90 m²,>10 tỷ,21.0285,105.8542
