Address,Area,Frontage,Access Road,House direction,Balcony direction,Bedrooms,Bathrooms,Legal status,Furniture state,Price,Day
"Hà Nội, Đống Đa, Bán đất tại phố Vũ Ngọc Phan",79.0,12.0,10.0,Tây,,,,Have certificate,,19.8,1
"Hồ Chí Minh, Hóc Môn, Bán đất tại đường Lê Thị Kim Chi",146.3,8.0,10.0,,,,,,,4.95,1
"Bà Rịa Vũng Tàu, Phú Mỹ, Bán đất tại đường Trường Chinh",109.0,5.1,16.0,,,,,Have certificate,,3.9,1
"Hồ Chí Minh, Quận 8, Bán đất tại đường Trịnh Quang Nghị",3.5,39.0,10.0,,,,,Have certificate,,116.0,1
"Hà Nội, Thanh Trì, Bán đất tại đường Ngũ Hiệp",65.0,4.0,6.0,,,,,Have certificate,,9.6,1
"Thanh Hóa, Thanh Hóa, Bán đất tại phường Đông Vệ",2.8,,,,,,,Have certificate,,25.0,1
"Đà Nẵng, Ngũ Hành Sơn, Bán đất tại đường Đồng Khoa",478.0,,7.5,Đông - Bắc,,,,Have certificate,,27.0,1
"Hồ Chí Minh, Bình Chánh, Bán đất tại đường Giao thông hào",630.0,8.0,3.0,,,,,Have certificate,,4.8,1
"Hồ Chí Minh, Cần Giờ, Bán đất tại đường Lương Văn Nho",5.0,40.0,10.0,Nam,,,,Have certificate,,80.0,1
"Hồ Chí Minh, Bình Chánh, Bán đất tại xã Lê Minh Xuân",2.93,30.0,5.0,,,,,Have certificate,,0.0,1
"Khánh Hòa, Khánh Vĩnh, Bán đất tại xã Khánh Phú",1.15,7.0,5.0,Đông,,,,Have certificate,,0.4,1
"Lạng Sơn, Hữu Lũng, Bán đất tại đường Quốc lộ 1A",101.9,5.0,7.0,Tây - Bắc,,,,Have certificate,,2.6,2
"Bắc Giang, Lạng Giang, Bán đất tại đường Tỉnh lộ 265",98.0,7.0,30.0,Nam,,,,Have certificate,,5.8,2
"Phú Thọ, Thanh Thủy, Bán đất tại đường Tỉnh Lộ 317",159.0,5.0,8.0,,,,,Have certificate,,0.55,2
"Thái Nguyên, Thái Nguyên, Bán đất tại phường Tân Thịnh",92.0,,,,,,,,,3.95,2
"Hồ Chí Minh, Gò Vấp, Bán đất tại đường Dương Quảng Hàm",713.0,13.0,32.0,,,,,,,72.0,2
"Hồ Chí Minh, Củ Chi, Bán đất tại xã An Phú",800.0,28.89,,,,,,Have certificate,,4.2,2
"Cà Mau, Thới Bình, Bán đất tại đường Xuyên Á",233.0,10.0,16.0,Đông - Bắc,,,,Have certificate,,1.6,2
"Yên Bái, Trấn Yên, Bán đất tại xã Vân Hội",1.005,20.0,,,,,,Have certificate,,0.0,2
"Đồng Nai, Thống Nhất, Bán đất tại đường ĐT 769",95.0,5.0,8.0,,,,,Have certificate,,1.05,2
"Bắc Giang, Bắc Giang, Bán đất tại phường Thọ Xương",730.0,22.0,,,,,,Have certificate,,2.75,3
"Bắc Giang, Yên Dũng, Bán đất tại xã Tân An",304.2,7.0,,,,,,Have certificate,,1.5,3
"Bắc Giang, Tân Yên, Bán đất tại xã Liên Sơn",192.0,,,,,,,Have certificate,,1.9,3
"Bắc Giang, Lạng Giang, Bán đất tại xã Hương Sơn",427.0,8.0,6.0,,,,,Have certificate,,2.05,3
"Bắc Giang, Yên Thế, Bán đất tại xã Hương Vĩ",146.0,7.0,5.0,,,,,Have certificate,,0.65,3
"Bắc Giang, Tân Yên, Bán đất tại xã Lam Cốt",544.0,15.0,4.0,,,,,Have certificate,,1.85,3
"Hà Nội, Đông Anh, Bán đất tại xã Mai Lâm",432.0,15.6,,,,,,Have certificate,,47.5,3
"Đà Nẵng, Hải Châu, Bán đất tại đường Đầm Rong 2",258.0,7.1,,,,,,Have certificate,,15.0,3
"Hà Nội, Quốc Oai, Bán đất tại xã Cộng Hòa",545.0,26.0,,Đông - Nam,,,,Have certificate,,0.04,3
"Đắk Lắk, Buôn Hồ, Bán đất tại phường An Lạc",729.0,28.0,12.0,,,,,Have certificate,,10.0,3
"Khánh Hòa, Ninh Hòa, Bán đất tại xã Ninh Thượng",248.0,6.0,5.0,Đông - Nam,,,,Have certificate,,0.28,4
"Lạng Sơn, Hữu Lũng, Bán đất tại đường Quốc lộ 1A",6.316,12.89,22.0,Tây - Bắc,,,,Have certificate,,9.0,4
"Bà Rịa Vũng Tàu, Bà Rịa, Bán đất tại xã Hòa Long",123.7,,6.0,,,,,Have certificate,,1.2,4
"Thanh Hóa, Quảng Xương, Bán đất tại xã Quảng Hải",162.0,,,,,,,Have certificate,,1.0,4
"Đồng Nai, Thống Nhất, Bán đất tại xã Hưng Lộc",112.0,,,,,,,Have certificate,,1.1,4
"Hà Nội, Sơn Tây, Bán đất tại đường Tỉnh Lộ 87A",80.0,4.0,,Nam,,,,Have certificate,,4.9,4
"Tây Ninh, Bến Cầu, Bán đất tại xã An Thạnh",58.127,,,,,,,,,,4
"Bình Dương, Dĩ An, Bán đất tại đường Bùi Thị Xuân",188.2,,20.0,,,,,Have certificate,,3.5,4
"Khánh Hòa, Ninh Hòa, Bán đất tại xã Ninh Sơn",251.0,8.6,3.5,,,,,,,1.2,4
"Ninh Thuận, Thuận Nam, Bán đất tại xã Nhị Hà",214.0,7.0,4.0,,,,,Have certificate,,0.43,4
"Đồng Nai, Xuân Lộc, Bán đất tại xã Xuân Hòa",276.0,7.8,,,,,,,,2.5,5
"Bà Rịa Vũng Tàu, Phú Mỹ, Bán đất tại phường Phú Mỹ",4.466,,8.0,,,,,Have certificate,,17.0,5
"Bình Định, Tuy Phước, Bán đất tại đường Nguyễn Huệ",760.0,19.0,3.0,,,,,Have certificate,,2.0,5
"Hồ Chí Minh, Cần Giờ, Bán đất tại đường Trần Quang Đạo",124.0,,2.0,,,,,Have certificate,,1.88,5
"Đồng Nai, Biên Hòa, Bán đất tại đường Đỗ Văn Thi",2.281,,,,,,,Have certificate,,16.0,5
"Hà Nam, Phủ Lý, Bán đất tại đường Võ Văn Tần",50.0,6.0,5.0,Đông - Bắc,,,,Have certificate,,1.48,5
"Đồng Nai, Biên Hòa, Bán đất tại phường Long Bình Tân",132.0,4.0,,,,,,Have certificate,,,5
"Khánh Hòa, Ninh Hòa, Bán đất tại xã Ninh Quang",118.4,5.0,8.0,Đông - Nam,,,,Have certificate,,0.45,5
"Khánh Hòa, Ninh Hòa, Bán đất tại xã Ninh Quang",157.6,6.0,4.0,Tây - Bắc,,,,Have certificate,,0.46,4
"Hồ Chí Minh, Quận 12, Bán đất tại đường An Phú Đông 13",81.0,5.6,20.0,Tây - Nam,,,,Have certificate,,8.5,5
"Bình Thuận, Hàm Thuận Bắc, Bán đất tại xã Hàm Hiệp",370.0,9.6,3.5,,,,,Have certificate,,1.7,6
"Tây Ninh, Bến Cầu, Bán đất tại xã Tiên Thuận",4.696,4.0,7.0,Tây - Nam,,,,Have certificate,,850.0,8
"Hà Nội, Quốc Oai, Bán đất tại đường 21",100.0,6.0,,,,,,Have certificate,,0.04,5
"Bình Phước, Đồng Phú, Bán đất tại xã Tân Lập",255.4,10.0,3.0,Tây - Nam,,,,Have certificate,,0.61,8
"Quảng Ninh, Hải Hà, Bán đất tại xã Cái Chiên",19.0,,,,,,,Have certificate,,0.7,8
"Quảng Ninh, Hải Hà, Bán đất tại xã Cái Chiên",22.6,,,,,,,Have certificate,,0.95,8
"Khánh Hòa, Nha Trang, Bán đất tại đường Biệt Thự",525.0,13.5,20.0,,,,,Have certificate,,243.0,8
"Thừa Thiên Huế, Huế, Bán đất tại đường Nguyễn Khoa Chiêm",400.0,10.0,7.0,Tây - Nam,,,,Have certificate,,0.04,8
"Bà Rịa Vũng Tàu, Xuyên Mộc, Bán đất tại đường Hùng Vương",539.5,10.0,6.0,Tây,,,,Have certificate,,2.5,8
"Hải Phòng, Thủy Nguyên, Bán đất tại đường 9C",51.0,5.0,4.0,Đông - Bắc,,,,Have certificate,,0.02,8
"Hải Phòng, An Lão, Bán đất tại xã Thái Sơn",68.9,4.0,5.0,Đông - Bắc,,,,Have certificate,,0.88,7
"Bình Dương, Bến Cát, Bán đất tại phường Chánh Phú Hòa",1.6,42.0,6.0,Tây,,,,Have certificate,,0.0,7
"Bình Dương, Dĩ An, Bán đất tại đường N9",292.0,30.0,,,,,,Have certificate,,16.0,7
"Quảng Ninh, Vân Đồn, Bán đất tại đường 58",108.0,6.0,22.0,Tây - Bắc,,,,Have certificate,,0.04,7
"Long An, Bến Lức, Bán đất tại đường Ấp 10",210.0,7.6,5.0,Tây - Bắc,,,,Have certificate,,1.7,6
"Lâm Đồng, Di Linh, Bán đất tại xã Hoà Ninh",136.5,,,,,,,Have certificate,,0.73,6
"Long An, Đức Hòa, Bán đất tại đường Mỹ Hạnh",353.0,20.0,20.0,,,,,Have certificate,,5.0,6
"Hồ Chí Minh, Gò Vấp, Bán đất tại đường Quang Trung",214.0,8.0,8.0,Tây - Nam,,,,Have certificate,,24.0,6
"Lâm Đồng, Lâm Hà, Bán đất tại xã Phúc Thọ",6.0,83.0,5.0,,,,,Have certificate,,10.5,6
"Khánh Hòa, Ninh Hòa, Bán đất tại xã Ninh Ích",11.0,,3.5,Đông,,,,Have certificate,,6.6,9
"Bình Thuận, La Gi, Bán đất tại đường Lý Thái Tổ",307.0,7.0,5.0,,,,,,,0.03,9
"Phú Yên, Sơn Hòa, Bán đất tại đường Quốc lộ 25",558.0,18.0,,,,,,Have certificate,,0.79,9
"Hòa Bình, Hòa Bình, Bán đất tại đường 433",67.0,10.0,12.0,Đông - Nam,,,,Have certificate,,0.03,9
"Ninh Bình, Ninh Bình, Bán đất tại đường Trần Hưng Đạo",119.0,8.0,,Tây - Bắc,,,,Have certificate,,8.0,9
"Long An, Đức Huệ, Bán đất tại xã Bình Hòa Nam",400.0,4.0,8.0,Tây - Nam,,,,Have certificate,,500.0,9
"Lào Cai, Sa Pa, Bán đất tại đường Điện Biên Phủ",626.0,,,,,,,,,24.5,9
"Lào Cai, Sa Pa, Bán đất tại xã Bản Hồ",363.0,,,,,,,,,0.69,9
"Lào Cai, Sa Pa, Bán đất tại đường Điện Biên Phủ",500.0,16.5,,,,,,Have certificate,,12.5,9
"Bà Rịa Vũng Tàu, Long Điền, Bán đất tại đường Quy hoạch Số 16",158.0,6.0,5.0,Tây - Nam,,,,Have certificate,,1.59,9
"Đồng Nai, Tân Phú, Bán đất tại xã Phú Thanh",4.322,,3.0,,,,,Have certificate,,0.85,9
"Hưng Yên, Văn Giang, Bán đất tại đường 379",198.5,6.0,6.0,Đông,,,,Have certificate,,10.5,3
"Hồ Chí Minh, Thủ Đức, Bán đất tại đường Phước Thiện",74.0,6.0,8.0,Đông - Nam,,,,Have certificate,,5.5,8
"Tây Ninh, Trảng Bàng, Bán đất tại xã Hưng Thuận",593.1,10.0,,,,,,Have certificate,,2.6,8
"Long An, Kiến Tường, Bán đất tại xã Bình Hiệp",1.08,36.0,30.0,,,,,Have certificate,,,8
"Hồ Chí Minh, Củ Chi, Bán đất tại đường Nguyễn Thị Nà",6.738,34.0,7.0,Tây - Bắc,,,,Have certificate,,13.5,8
"Hà Nội, Mê Linh, Bán đất tại thị trấn Quang Minh",89.5,,,,,,,Have certificate,,3.5,8
"Nghệ An, Vinh, Bán đất tại đường Trần Bình Trọng",155.2,7.0,9.0,,,,,Have certificate,,0.04,8
"Long An, Tân Trụ, Bán đất tại đường ĐT 832",900.0,,3.0,,,,,Have certificate,,2.0,1
"Đà Nẵng, Hòa Vang, Bán đất tại đường Quang Châu",213.0,11.5,5.0,Đông - Nam,,,,Have certificate,,3.1,10
"Gia Lai, Plei Ku, Bán đất tại đường Nguyễn Cư Trinh",110.0,5.0,,Tây - Bắc,,,,Have certificate,,1.6,10
"Khánh Hòa, Cam Lâm, Bán đất tại xã Cam An Nam",1.0,15.0,7.0,Tây - Nam,,,,Have certificate,,4.5,12
"Khánh Hòa, Cam Lâm, Bán đất tại xã Cam Phước Tây",1.488,60.0,7.0,Đông - Nam,,,,Have certificate,,2.6,11
"Lâm Đồng, Đà Lạt, Bán đất tại đường Quốc Lộ 20",283.0,15.0,10.0,Đông - Nam,,,,Have certificate,,7.0,11
"Thái Nguyên, Phổ Yên, Bán đất tại phường Tiên Phong",450.0,,,,,,,,,5.2,11
"Long An, Cần Đước, Bán đất tại đường Nguyễn Trung Trực",184.0,5.0,3.5,,,,,Have certificate,,1.15,5
"Bình Thuận, Hàm Thuận Bắc, Bán đất tại đường Hải Thượng Lãn Ông",977.7,,,Tây,,,,Have certificate,,1.2,11
"Bình Thuận, Hàm Thuận Nam, Bán đất tại đường Quốc lộ 1A",896.0,,,Tây - Nam,,,,Have certificate,,2.69,11
"Đồng Nai, Long Khánh, Bán đất tại đường Lê A",6.0,10.0,5.0,,,,,Have certificate,,42.0,11
"Hải Phòng, Thủy Nguyên, Bán đất tại đường Trần Hưng Đạo",84.0,6.0,13.0,Tây - Bắc,,,,Have certificate,,2.9,11
"Bắc Ninh, Từ Sơn, Bán đất tại phường Phù Khê",99.0,5.0,,,,,,Have certificate,,6.0,10
"Khánh Hòa, Cam Lâm, Bán đất tại xã Suối Tân",855.0,10.0,20.0,,,,,Have certificate,,0.01,10
"Khánh Hòa, Cam Lâm, Bán đất tại xã Cam Hải Đông",400.0,,,,,,,Have certificate,,0.02,10
"Tây Ninh, Tây Ninh, Bán đất tại đường Thuyền",250.3,,,,,,,Have certificate,,2.34,10
"Bắc Ninh, Thuận Thành, Bán đất tại xã Song Liễu",75.6,4.8,,,,,,Have certificate,,2.2,10
"Hà Nội, Quốc Oai, Bán đất tại đường Hoà Thạch",94.0,4.5,3.5,Đông - Nam,,,,Have certificate,,0.03,10
"Đồng Nai, Trảng Bom, Bán đất tại đường Hưng Bình 1",1.0,22.0,10.0,,,,,Have certificate,,2.8,10
"Bình Dương, Thuận An, Bán đất tại đường Vĩnh Phú 27",279.8,5.6,5.0,Đông - Nam,,,,Have certificate,,8.0,10
"Hà Nội, Quốc Oai, Bán đất tại xã Đông Yên",100.0,,,Đông - Nam,,,,Have certificate,,3.95,10
"Hồ Chí Minh, Quận 9, Bán đất tại phường Trường Thạnh",284.0,6.0,10.0,,,,,Have certificate,,10.5,10
"Bắc Ninh, Từ Sơn, Bán đất tại phường Phù Khê",50.0,8.37,3.5,Bắc,,,,Have certificate,,1.8,10
"Quảng Bình, Đồng Hới, Bán đất tại đường Lê Lợi",160.0,8.0,15.0,Đông - Bắc,,,,Have certificate,,4.2,13
"Đồng Nai, Thống Nhất, Bán đất tại xã Bàu Hàm 2",1.0,,,,,,,Have certificate,,1.0,13
"Hưng Yên, Khoái Châu, Bán đất tại xã Tân Châu",82.6,6.0,7.0,Đông,,,,Have certificate,,2.3,13
"Bắc Giang, Hiệp Hòa, Bán đất tại xã Hùng Sơn",125.0,8.0,9.0,,,,,Have certificate,,1.78,13
"Hà Nội, Sóc Sơn, Bán đất tại đường Quốc Lộ 2",115.0,5.0,7.0,,,,,Have certificate,,0.06,13
"Bình Dương, Bắc Tân Uyên, Bán đất tại xã Tân Lập",1.005,25.0,6.0,,,,,Have certificate,,4.25,12
"Đà Nẵng, Hòa Vang, Bán đất tại đường Phan Thêm",100.0,,7.5,,,,,Have certificate,,2.75,12
"Đà Nẵng, Hòa Vang, Bán đất tại đường ĐT 601",4.2,,,,,,,,,18.0,12
"Phú Thọ, Yên Lập, Bán đất tại xã Nga Hoàng",2.5,,,,,,,,,1.3,12
"Vĩnh Phúc, Tam Đảo, Bán đất tại xã Hồ Sơn",1.31,,,,,,,Have certificate,,4.2,12
"Hải Phòng, Hải An, Bán đất tại đường Ngô Gia Tự",196.0,12.6,3.0,,,,,Have certificate,,11.8,12
"Bà Rịa Vũng Tàu, Châu Đức, Bán đất tại xã Quảng Thành",200.4,,,,,,,Have certificate,,0.36,12
"Đồng Nai, Long Thành, Bán đất tại xã Long Phước",303.0,,,,,,,Have certificate,,4.5,12
"Đồng Nai, Long Thành, Bán đất tại xã Bình An",595.5,,,,,,,,,5.6,12
"Đồng Nai, Long Thành, Bán đất tại xã Long Phước",147.0,,,,,,,Have certificate,,1.5,12
"Bình Thuận, La Gi, Bán đất tại phường Tân An",714.9,12.0,,Đông - Bắc,,,,Have certificate,,5.5,12
"Hồ Chí Minh, Thủ Đức, Bán đất tại đường Linh Đông",6.2,70.0,,,,,,Have certificate,,0.01,12
"Hồ Chí Minh, Bình Chánh, Bán đất tại xã Lê Minh Xuân",4.0,37.0,6.0,,,,,Have certificate,,0.0,15
"Hà Nội, Chương Mỹ, Bán đất tại đường Đê Mới",250.0,17.0,3.5,Đông - Nam,,,,Have certificate,,15.0,15
"Hải Phòng, Đồ Sơn, Bán đất tại đường 403",58.5,,,,,,,Have certificate,,1.68,15
"Hà Nội, Mê Linh, Bán đất tại xã Văn Khê",120.0,6.0,3.5,,,,,Have certificate,,0.05,15
"Đồng Nai, Nhơn Trạch, Bán đất tại phố Tôn Đức Thắng",984.0,20.0,4.0,Đông - Nam,,,,Have certificate,,6.7,15
"Lào Cai, Sa Pa, Bán đất tại xã Tả Van",3.0,,,,,,,,,0.0,15
"Bình Thuận, Hàm Tân, Bán đất tại đường Quốc Lộ 55B",650.0,25.0,,Đông,,,,Have certificate,,2.6,15
"Hà Nội, Cầu Giấy, Bán đất tại phố Trung Kính",86.0,,,,,,,,,33.0,8
"Thanh Hóa, Nghi Sơn, Bán đất tại xã Nghi Sơn",258.0,8.8,10.5,Đông - Bắc,,,,Have certificate,,16.8,14
"Hồ Chí Minh, Củ Chi, Bán đất tại đường Nguyễn Thị Trong",94.0,8.0,20.0,Đông - Bắc,,,,Have certificate,,2.05,14
"Hà Nội, Bắc Từ Liêm, Bán đất tại đường Phạm Văn Đồng",32.0,10.0,50.0,,,,,Have certificate,,11.5,14
"Hà Nội, Hoài Đức, Bán đất tại xã Đức Giang",44.3,4.0,2.3,Đông - Nam,,,,Have certificate,,4.5,14
"Ninh Bình, Hoa Lư, Bán đất tại đường Xuân Thành",246.0,11.0,6.0,,,,,Have certificate,,23.0,14
"Long An, Đức Huệ, Bán đất tại phố Tỉnh lộ 838",198.0,5.0,,,,,,Have certificate,,0.5,6
"Hà Nội, Sơn Tây, Bán đất tại xã Cổ Đông",104.92,6.54,7.0,Đông - Nam,,,,Have certificate,,3.35,13
"Thái Nguyên, Thái Nguyên, Bán đất tại đường Phố Hương",110.0,4.8,8.0,Tây,,,,Have certificate,,2.8,13
"Hà Nội, Gia Lâm, Bán đất tại đường Đa Tốn",82.6,4.5,3.0,Tây - Nam,,,,Have certificate,,6.8,13
"Hà Nội, Gia Lâm, Bán đất tại đường Đa Tốn",54.0,7.0,3.5,Tây - Nam,,,,Have certificate,,6.8,13
"Bắc Giang, Hiệp Hòa, Bán đất tại xã Danh Thắng",124.0,6.0,,,,,,Have certificate,,0.65,13
"Hồ Chí Minh, Quận 6, Bán đất tại đường Bình Phú",670.0,26.0,30.0,,,,,Have certificate,,115.0,16
"Nam Định, Hải Hậu, Bán đất tại xã Hải Xuân",80.0,5.0,,,,,,Have certificate,,1.4,16
"Hải Phòng, An Dương, Bán đất tại phường An Đồng",100.0,5.0,5.0,Đông,,,,Have certificate,,2.65,16
"Hà Nam, Phủ Lý, Bán đất tại xã Liêm Chung",96.6,4.4,7.0,Đông - Bắc,,,,Have certificate,,0.04,16
"Quảng Ninh, Hải Hà, Bán đất tại xã Cái Chiên",750.0,20.0,,,,,,Have certificate,,2.9,16
"Hà Nội, Mê Linh, Bán đất tại xã Đại Thịnh",320.0,9.0,5.0,,,,,Have certificate,,0.04,16
"Hà Nội, Mê Linh, Bán đất tại xã Thanh Lâm",79.1,4.0,3.0,,,,,Have certificate,,0.04,16
"Hà Nội, Chương Mỹ, Bán đất tại xã Lam Điền",4.224,124.37,8.5,Nam,,,,Have certificate,,20.2,16
"Hà Nội, Chương Mỹ, Bán đất tại đường Chiến Thắng",67.0,8.0,,,,,,Have certificate,,1.93,17
"Bắc Giang, Yên Dũng, Bán đất tại xã Yên Lư",100.0,,,,,,,Have certificate,,1.7,17
"Hồ Chí Minh, Củ Chi, Bán đất tại đường Nguyễn Thị Dây",1.0,18.0,1.0,Tây,,,,Have certificate,,5.5,17
"Hà Nội, Chương Mỹ, Bán đất tại đường Xuân Mai",82.0,6.0,,,,,,Have certificate,,1.95,17
"Đồng Nai, Xuân Lộc, Bán đất tại xã Xuân Tâm",4.556,64.0,4.0,,,,,Have certificate,,1.4,17
"Bình Dương, Dầu Tiếng, Bán đất tại đường ĐT 749B",137.6,5.0,6.0,Đông - Nam,,,,Have certificate,,0.55,11
"Bình Dương, Dầu Tiếng, Bán đất tại đường ĐT 749B",390.3,5.63,6.0,Đông,,,,Have certificate,,0.63,11
"Hồ Chí Minh, Bình Tân, Bán đất tại đường Số 1",70.0,,,,,,,,,3.7,17
"Hồ Chí Minh, Tân Bình, Bán đất tại đường Trường Chinh",138.0,,6.0,,,,,Have certificate,,12.8,10
"Đắk Lắk, M'Đrăk, Bán đất tại đường Trường Sơn Đông",16.014,232.0,,,,,,,,10.5,17
"Lâm Đồng, Đà Lạt, Bán đất tại xã Xuân Thọ",248.0,,3.0,,,,,Have certificate,,0.95,17
"Đắk Lắk, Krông Buk, Bán đất tại xã Cư Né",30.0,32.0,,,,,,Have certificate,,6.0,17
"Long An, Cần Đước, Bán đất tại đường Số 2",107.0,4.0,8.0,Nam,,,,Have certificate,,1.6,17
"Bà Rịa Vũng Tàu, Châu Đức, Bán đất tại xã Đá Bạc",589.0,,,,,,,Have certificate,,1.7,16
"Hồ Chí Minh, Quận 12, Bán đất tại đường Thạnh Lộc 47",498.0,9.4,6.0,Đông - Bắc,,,,Have certificate,,22.0,16
"Đà Nẵng, Hòa Vang, Bán đất tại xã Hòa Bắc",577.0,20.0,4.0,Đông,,,,Have certificate,,2.7,16
"Bình Định, Vân Canh, Bán đất tại xã Canh Vinh",150.0,25.0,36.0,Nam,,,,,,,16
"Hải Phòng, Thủy Nguyên, Bán đất tại đường Liên Thôn",115.0,5.0,6.0,,,,,Have certificate,,,16
"Bà Rịa Vũng Tàu, Phú Mỹ, Bán đất tại xã Tóc Tiên",204.0,5.0,5.0,,,,,Have certificate,,0.99,18
"Hà Nội, Mê Linh, Bán đất tại xã Thanh Lâm",86.2,4.2,5.5,Bắc,,,,Have certificate,,3.25,18
"Bà Rịa Vũng Tàu, Phú Mỹ, Bán đất tại đường Hội Bài - Châu Pha",125.0,5.0,12.0,Bắc,,,,Have certificate,,1.6,18
"Hà Nội, Chương Mỹ, Bán đất tại đường Quốc lộ 21A(Quốc lộ 21)",74.0,7.0,,,,,,Have certificate,,1.75,8
"Quảng Nam, Điện Bàn, Bán đất tại phường Điện Ngọc",147.0,,,,,,,,,0.02,18
"Hà Nội, Quốc Oai, Bán đất tại xã Đông Xuân",625.0,,,,,,,,,12.0,18
"Vĩnh Phúc, Lập Thạch, Bán đất tại xã Vân Trục",2.145,50.0,13.5,,,,,Have certificate,,0.01,5
"An Giang, Châu Phú, Bán đất tại đường Quốc lộ 91",76.7,5.0,,,,,,Have certificate,,1.5,18
"Bà Rịa Vũng Tàu, Bà Rịa, Bán đất tại đường 52A",670.0,10.0,,Đông - Nam,,,,Have certificate,,4.2,18
"Hà Nội, Thanh Trì, Bán đất tại đường Huỳnh Cung",79.0,6.0,10.0,,,,,Have certificate,,16.2,17
"Hà Nội, Sơn Tây, Bán đất tại đường Hồ Chí Minh",100.0,,,,,,,,,3.65,17
"Hà Nội, Chương Mỹ, Bán đất tại đường Tỉnh Lộ 421B",102.0,9.0,,,,,,Have certificate,,1.92,17
"Hà Nội, Chương Mỹ, Bán đất tại đường Tràng An",78.0,7.5,,,,,,Have certificate,,1.83,17
"Hải Phòng, Thủy Nguyên, Bán đất tại xã Liên Xuân",60.0,4.2,5.0,,,,,Have certificate,,0.66,17
"Hải Phòng, Thủy Nguyên, Bán đất tại đường 9C",50.0,5.0,4.0,Đông - Bắc,,,,Have certificate,,1.0,17
"Hòa Bình, Lạc Sơn, Bán đất tại đường Quốc Lộ 12B",251.8,5.12,15.0,,,,,Have certificate,,0.5,17
"Hồ Chí Minh, Bình Chánh, Bán đất tại xã Lê Minh Xuân",2.902,36.0,10.0,Nam,,,,Have certificate,,0.02,17
"Hồ Chí Minh, Bình Chánh, Bán đất tại đường Bà Tỵ",3.536,30.0,10.0,Tây,,,,Have certificate,,0.02,17
"Bình Thuận, Hàm Thuận Nam, Bán đất tại xã Hàm Kiệm",8.451,104.0,5.0,,,,,Have certificate,,2.15,17
"Hà Nội, Chương Mỹ, Bán đất tại đường Quốc lộ 6",72.0,10.0,,,,,,Have certificate,,2.2,15
"Phú Thọ, Phù Ninh, Bán đất tại xã Bảo Thanh",5.0,10.0,20.0,,,,,Have certificate,,0.01,18
"Yên Bái, Yên Bái, Bán đất tại phường Nam Cường",5.0,10.0,20.0,,,,,Have certificate,,0.01,18
"Lào Cai, Lào Cai, Bán đất tại phường Bắc Cường",5.0,20.0,10.0,,,,,Have certificate,,0.01,18
"Bến Tre, Bình Đại, Bán đất tại xã Phú Long",704.5,28.0,4.0,Đông - Nam,,,,Have certificate,,0.8,18
"Hồ Chí Minh, Bình Chánh, Bán đất tại đường Hoàng Phan Thái",80.0,5.0,20.0,,,,,Have certificate,,3.0,18
"Bến Tre, Bình Đại, Bán đất tại xã Phú Long",1.55,30.0,4.0,Tây - Nam,,,,Have certificate,,1.95,18
"Thanh Hóa, Triệu Sơn, Bán đất tại xã Triệu Thành",105.0,,,Đông - Nam,,,,Have certificate,,0.6,18
"Kon Tum, Đăk Hà, Bán đất tại xã Đăk Hring",204.0,12.0,18.0,,,,,Have certificate,,1.0,18
"Kon Tum, Đăk Hà, Bán đất tại xã Ngọk Wang",504.7,12.0,6.0,,,,,Have certificate,,1.0,18
"Bà Rịa Vũng Tàu, Phú Mỹ, Bán đất tại phường Hắc Dịch",16.942,67.0,4.0,,,,,Have certificate,,29.9,18
"Đà Nẵng, Liên Chiểu, Bán đất tại phố Nguyễn Xí",90.0,,10.5,,,,,Have certificate,,7.9,12
"Hà Nội, Chương Mỹ, Bán đất tại đường Quốc Lộ 6A",50.6,6.0,,,,,,Have certificate,,1.55,13
"Hồ Chí Minh, Cần Giờ, Bán đất tại đường Lý Nhơn",25.0,8.4,12.0,Nam,,,,Have certificate,,75.0,20
"Hồ Chí Minh, Củ Chi, Bán đất tại đường Số 787",715.0,17.0,,Tây - Nam,,,,Have certificate,,8.0,14
"Hà Nội, Quốc Oai, Bán đất tại đường DH09",117.0,7.0,6.0,,,,,Have certificate,,3.39,10
"Hồ Chí Minh, Quận 12, Bán đất tại đường Thạnh Xuân 33",123.7,5.0,10.0,Đông,,,,Have certificate,,4.85,20
"An Giang, Thoại Sơn, Bán đất tại xã Vĩnh Trạch",429.0,30.0,7.0,Nam,,,,Have certificate,,2.55,20
"Hà Nội, Tây Hồ, Bán đất tại đường Võ Chí Công",170.0,15.2,,,,,,Have certificate,,90.0,20
"Hà Nội, Hai Bà Trưng, Bán đất tại đường Minh Khai",207.0,,1.7,,,,,Have certificate,,33.0,19
"Hồ Chí Minh, Củ Chi, Bán đất tại đường 28",250.0,7.0,7.0,Tây - Bắc,,,,Have certificate,,4.2,17
"Đồng Nai, Long Thành, Bán đất tại xã Long Đức",100.0,,,,,,,,,1.5,19
"Hồ Chí Minh, Củ Chi, Bán đất tại đường Kênh 8",13.334,,,,,,,,,0.0,19
"Phú Thọ, Tân Sơn, Bán đất tại xã Xuân Đài",516.0,,,Đông - Nam,,,,Have certificate,,0.55,19
"Hà Nội, Quốc Oai, Bán đất tại đường 21",100.0,5.0,4.0,Đông,,,,Have certificate,,0.02,19
"Khánh Hòa, Diên Khánh, Bán đất tại đường Võ Nguyên Giáp",105.0,5.0,7.0,Đông,,,,Have certificate,,0.03,22
"Bà Rịa Vũng Tàu, Bà Rịa, Bán đất tại phường Long Toàn",328.0,,,,,,,,,8.5,15
"Bà Rịa Vũng Tàu, Châu Đức, Bán đất tại xã Đá Bạc",589.0,,,,,,,,,1.8,15
"Hồ Chí Minh, Củ Chi, Bán đất tại đường Nguyễn Thị Kéo",271.5,,,,,,,Have certificate,,1.6,7
"Cần Thơ, Vĩnh Thạnh, Bán đất tại đường Quốc lộ 80",420.0,10.0,32.0,Tây - Bắc,,,,Have certificate,,,21
"Khánh Hòa, Cam Lâm, Bán đất tại xã Suối Cát",5.01,150.0,5.0,,,,,Have certificate,,0.0,21
"Hà Nội, Thanh Trì, Bán đất tại xã Đông Mỹ",1.65,33.0,10.0,,,,,Sale contract,,2.35,21
"Sơn La, Sơn La, Bán đất tại đường Quốc Lộ 6",4.434,150.0,15.0,Đông - Bắc,,,,Have certificate,,0.0,21
"Bà Rịa Vũng Tàu, Vũng Tàu, Bán đất tại đường Trần Phú",500.0,26.0,6.0,Tây - Nam,,,,Have certificate,,22.0,19
"Hà Nội, Sơn Tây, Bán đất tại đường Mỹ Trung",350.0,20.0,3.0,Đông - Nam,,,,Have certificate,,0.01,21
"Hà Nội, Quốc Oai, Bán đất tại đường Phú Mãn",269.8,10.0,7.0,Đông - Bắc,,,,Have certificate,,0.01,19
"Hòa Bình, Kim Bôi, Bán đất tại thị trấn Bo",3.31,,,,,,,,,0.0,21
"Lâm Đồng, Bảo Lâm, Bán đất tại xã Lộc An",243.9,10.0,,Đông,,,,Have certificate,,0.73,21
"Đồng Nai, Long Thành, Bán đất tại đường Phước Bình",1.0,18.3,6.0,Nam,,,,Have certificate,,2.5,21
"Thanh Hóa, Thiệu Hóa, Bán đất tại xã Thiệu Vũ",125.0,5.5,50.0,,,,,Have certificate,,1.1,21
"Đồng Tháp, Tam Nông, Bán đất tại đường ĐT 844",3.35,23.2,,,,,,Have certificate,,4.99,20
"Đồng Nai, Biên Hòa, Bán đất tại đường Đặng Văn Trơn",165.0,5.0,,,,,,Have certificate,,4.2,22
"Đồng Nai, Biên Hòa, Bán đất tại đường Huỳnh Văn Nghệ",2.86,,,,,,,Have certificate,,26.0,22
"Đồng Nai, Long Khánh, Bán đất tại đường Xuân Lập - Bàu Sen",100.0,5.0,5.0,Nam,,,,Have certificate,,0.85,22
"Hà Nội, Hà Đông, Bán đất tại đường Lê Trọng Tấn",109.0,8.0,2.0,,,,,Have certificate,,3.0,22
"Quảng Nam, Điện Bàn, Bán đất tại xã Điện Thắng Trung",960.0,5.0,8.5,Nam,,,,Have certificate,,9.0,22
"Khánh Hòa, Nha Trang, Bán đất tại đường Bắc Sơn",501.3,21.88,18.0,Nam,,,,Have certificate,,48.5,22
"Đắk Lắk, M'Đrăk, Bán đất tại đường Quốc Lộ 26",308.9,7.0,8.0,Nam,,,,Have certificate,,0.75,22
"Hà Nội, Quốc Oai, Bán đất tại đường Hoà Thạch",120.0,8.0,3.5,Đông - Nam,,,,Have certificate,,0.02,22
"Long An, Đức Hòa, Bán đất tại đường Giồng Lớn",100.0,5.0,5.0,Bắc,,,,Have certificate,,0.95,22
"Bình Phước, Hớn Quản, Bán đất tại đường Vành Đai",511.6,10.0,12.0,,,,,Have certificate,,1.9,22
"Phú Yên, Sơn Hòa, Bán đất tại đường ĐT 643",1.4,23.0,12.0,Đông - Nam,,,,Have certificate,,0.55,22
"Bình Dương, Bàu Bàng, Bán đất tại xã Long Nguyên",250.0,,,,,,,Have certificate,,0.91,22
"Gia Lai, Chư Sê, Bán đất tại xã Kông Htok",830.0,15.0,25.0,,,,,Have certificate,,1.2,22
"Hà Nội, Chương Mỹ, Bán đất tại xã Thụy Hương",80.0,4.3,5.0,Đông - Bắc,,,,Have certificate,,3.6,22
"Hồ Chí Minh, Quận 9, Bán đất tại đường D1",2.48,40.0,,,,,,Have certificate,,25.5,22
"Thanh Hóa, Nghi Sơn, Bán đất tại phường Hải Hòa",62.7,9.0,5.0,Nam,,,,Have certificate,,1.8,22
"Kiên Giang, Phú Quốc, Bán đất tại đường ĐT 46",310.9,30.0,5.0,Nam,,,,Have certificate,,3.7,22
"Kiên Giang, Phú Quốc, Bán đất tại đường 30/4",114.0,5.6,5.0,Tây - Nam,,,,Have certificate,,2.0,22
"Kiên Giang, Phú Quốc, Bán đất tại đường Trung Đoàn",76.0,6.24,5.0,Tây - Nam,,,,Have certificate,,0.9,22
"Thái Nguyên, Thái Nguyên, Bán đất tại phường Tích Lương",150.0,,,,,,,,,,22
"Thái Nguyên, Thái Nguyên, Bán đất tại đường Lưu Nhân Chú",120.0,4.0,36.0,Tây - Bắc,,,,Have certificate,,0.03,22
"Hồ Chí Minh, Củ Chi, Bán đất tại đường 463",3.0,53.0,2.0,,,,,Have certificate,,3.0,22
"Đà Nẵng, Liên Chiểu, Bán đất tại đường Bà Nà - Suối Mơ",120.0,6.0,5.5,Tây,,,,Have certificate,,,22
"Đồng Nai, Thống Nhất, Bán đất tại thị trấn Dầu Giây",105.0,5.0,8.0,,,,,,,2.9,22
"Đồng Nai, Nhơn Trạch, Bán đất tại đường Liên Cảng",2.8,43.0,4.0,,,,,Have certificate,,0.0,22
"Quảng Nam, Điện Bàn, Bán đất tại xã Điện Phương",120.0,6.0,3.0,Đông - Nam,,,,Have certificate,,1.03,22
"Kiên Giang, Phú Quốc, Bán đất tại đường Trung Đoàn",1.117,5.0,6.0,Tây - Bắc,,,,Have certificate,,4.5,22
"Hà Nội, Ba Vì, Bán đất tại xã Cẩm Lĩnh",100.0,8.0,6.0,Tây - Bắc,,,,Have certificate,,0.92,22
"Hà Nội, Thanh Oai, Bán đất tại xã Mỹ Hưng",51.0,,,,,,,,,4.0,22
"Hòa Bình, Kim Bôi, Bán đất tại xã Kim Bôi",3.31,70.0,10.0,,,,,Have certificate,,6.0,22
"Lâm Đồng, Đức Trọng, Bán đất tại xã Phú Hội",100.0,5.0,8.0,Đông - Nam,,,,Have certificate,,1.3,22
"Hà Nam, Lý Nhân, Bán đất tại xã Đức Lý",100.0,5.0,22.0,Nam,,,,Have certificate,,1.8,22
"Nam Định, Giao Thủy, Bán đất tại đường Tỉnh lộ 489",977.0,43.0,2.0,,,,,Have certificate,,0.0,22
"Hải Phòng, An Lão, Bán đất tại đường 304",73.0,4.5,5.0,Đông - Nam,,,,Have certificate,,0.6,22
"Lâm Đồng, Đạ Huoai, Bán đất tại đường Điện Biên Phủ",289.6,11.0,,,,,,Have certificate,,0.01,22
"Hồ Chí Minh, Cần Giờ, Bán đất tại xã Long Hòa",200.0,8.0,20.0,Đông - Nam,,,,Have certificate,,12.0,22
"Hồ Chí Minh, Quận 9, Bán đất tại đường Hoàng Hữu Nam",520.0,,30.0,Tây,,,,Have certificate,,33.0,22
"Tiền Giang, Mỹ Tho, Bán đất tại đường Nguyễn Công Bình",61.6,,2.5,,,,,Have certificate,,0.75,22
"Lâm Đồng, Đức Trọng, Bán đất tại đường Quốc lộ 27",150.0,5.0,8.0,,,,,Have certificate,,0.99,22
"Kiên Giang, Phú Quốc, Bán đất tại đường Bào",1.03,30.0,6.0,Đông - Nam,,,,Have certificate,,0.01,22
"Bình Dương, Thủ Dầu Một, Bán đất tại đường Lê Hồng Phong",100.0,5.0,3.5,,,,,Have certificate,,2.49,22
"Thanh Hóa, Nông Cống, Bán đất tại xã Tượng Lĩnh",5.788,,,,,,,Have certificate,,4.0,22
"Hồ Chí Minh, Thủ Đức, Bán đất tại đường Quốc Lộ 13",142.6,5.0,,Tây - Bắc,,,,Have certificate,,11.6,22
"Hà Nội, Hà Đông, Bán đất tại đường Trần Phú",125.0,7.5,5.0,,,,,Have certificate,,26.2,22
"Bà Rịa Vũng Tàu, Xuyên Mộc, Bán đất tại đường Quốc Lộ 55",9.559,25.0,,,,,,Have certificate,,34.0,22
"Quảng Ngãi, Bình Sơn, Bán đất tại đường Dốc Sỏi",5.104,230.0,,,,,,Have certificate,,0.0,22
"Hà Nội, Đan Phượng, Bán đất tại xã Đồng Tháp",62.2,4.0,3.0,Đông - Nam,,,,Have certificate,,0.07,22
"Hà Nội, Ba Vì, Bán đất tại xã Cam Thượng",80.0,,,,,,,Have certificate,,1.3,22
"Hồ Chí Minh, Quận 9, Bán đất tại đường Số 26",308.0,12.0,,,,,,,,32.0,22
"Bắc Ninh, Gia Bình, Bán đất tại xã Quỳnh Phú",116.0,4.66,6.0,Bắc,,,,Have certificate,,2.3,22
"Khánh Hòa, Cam Ranh, Bán đất tại phường Cam Phú",176.0,24.5,16.0,Đông - Bắc,,,,Have certificate,,13.0,22
"Khánh Hòa, Cam Ranh, Bán đất tại đường Phạm Văn Đồng",534.8,20.0,16.0,Đông - Bắc,,,,Have certificate,,23.9,22
"Khánh Hòa, Cam Ranh, Bán đất tại đường Nguyễn Chí Thanh",128.0,16.0,10.0,Đông,,,,Have certificate,,6.2,22
"Khánh Hòa, Diên Khánh, Bán đất tại xã Diên Tân",80.0,5.1,,,,,,Have certificate,,0.39,22
"Bình Phước, Chơn Thành, Bán đất tại xã Minh Long",160.1,5.0,10.0,Tây - Nam,,,,Have certificate,,0.61,22
"Hồ Chí Minh, Cần Giờ, Bán đất tại xã Long Hòa",654.0,3.5,10.0,Nam,,,,Have certificate,,13.0,22
"Thái Nguyên, Sông Công, Bán đất tại phường Bách Quang",102.0,5.25,,,,,,,,0.78,22
"Tây Ninh, Tân Châu, Bán đất tại xã Suối Dây",1.071,10.0,8.0,Đông,,,,Have certificate,,0.84,22
"Quảng Ngãi, Quảng Ngãi, Bán đất tại xã Tịnh Khê",521.5,17.0,3.5,Đông,,,,Have certificate,,2.3,22
"Hà Nội, Hà Đông, Bán đất tại phường Yên Nghĩa",48.0,4.8,12.0,Tây - Nam,,,,Have certificate,,11.0,22
"Bình Định, Vân Canh, Bán đất tại đường Quốc lộ 19C",210.0,7.0,20.0,Tây - Bắc,,,,Have certificate,,1.35,22
"Tây Ninh, Bến Cầu, Bán đất tại thị trấn Bến Cầu",636.2,,,,,,,Have certificate,,6.36,22
"Hồ Chí Minh, Bình Chánh, Bán đất tại đường Vành Đai 4",15.0,,,,,,,Have certificate,,0.01,22
"Tiền Giang, Châu Thành, Bán đất tại đường Kênh Ngang",1.341,37.0,3.5,Tây,,,,Have certificate,,2.6,22
"Hà Nội, Đan Phượng, Bán đất tại xã Thọ Xuân",179.7,14.88,4.0,,,,,Have certificate,,0.07,22
"Khánh Hòa, Khánh Vĩnh, Bán đất tại xã Khánh Hiệp",275.0,5.0,,,,,,Have certificate,,0.4,22
"Khánh Hòa, Khánh Vĩnh, Bán đất tại thị trấn Khánh Vĩnh",141.0,6.8,,Đông - Nam,,,,Have certificate,,2.2,22
"Khánh Hòa, Khánh Vĩnh, Bán đất tại xã Khánh Bình",130.6,8.0,,,,,,Have certificate,,0.26,22
"Long An, Đức Hòa, Bán đất tại đường Bàu Công",428.0,10.0,40.0,Đông - Nam,,,,Have certificate,,7.6,22
"Hà Nội, Nam Từ Liêm, Bán đất tại đường Hữu Hưng",94.2,,,,,,,Have certificate,,15.0,22
"Hồ Chí Minh, Bình Chánh, Bán đất tại đường 3",200.0,10.0,12.0,Nam,,,,Have certificate,,0.05,22
"An Giang, Long Xuyên, Bán đất tại đường Nguyễn Thái Học",153.9,8.67,3.0,Tây - Nam,,,,Have certificate,,3.25,22
"Hà Nội, Thanh Oai, Bán đất tại xã Tam Hưng",75.8,8.0,5.0,,,,,Have certificate,,7.5,11
"Bà Rịa Vũng Tàu, Châu Đức, Bán đất tại đường Xuân Sơn",135.0,10.0,,,,,,Have certificate,,0.69,22
"Long An, Cần Giuộc, Bán đất tại đường Kim Định",109.0,,8.0,,,,,Have certificate,,0.85,22
"Bắc Giang, Yên Dũng, Bán đất tại xã Nội Hoàng",200.0,10.0,,,,,,Have certificate,,9.5,22
"Bắc Ninh, Quế Võ, Bán đất tại đường Quốc lộ 18",150.0,4.5,5.0,Tây - Bắc,,,,Have certificate,,1.2,22
"Đồng Nai, Nhơn Trạch, Bán đất tại đường Nguyễn Ái Quốc",1.349,34.0,,,,,,Have certificate,,0.03,22
"Đồng Nai, Cẩm Mỹ, Bán đất tại xã Lâm San",1.377,,,,,,,Have certificate,,1.6,22
"Hồ Chí Minh, Quận 12, Bán đất tại đường Thạnh Lộc 19",1.133,27.0,2.5,,,,,Have certificate,,18.5,23
"Bình Phước, Hớn Quản, Bán đất tại đường 12",10.0,50.0,,,,,,Have certificate,,36.0,23
"Bình Phước, Chơn Thành, Bán đất tại đường Lê Duẩn",500.0,5.0,18.0,Tây - Bắc,,,,Have certificate,,0.83,23
"Bình Thuận, Phan Thiết, Bán đất tại đường Võ Nguyên Giáp",20.0,200.0,20.0,Tây - Nam,,,,Have certificate,,50.0,22
"Bình Thuận, Phan Thiết, Bán đất tại đường Nguyễn Thông",99.0,5.5,27.0,,,,,Have certificate,,3.6,22
"Bình Thuận, Phan Thiết, Bán đất tại xã Tiến Lợi",100.0,5.0,,,,,,Have certificate,,0.65,22
"Bình Thuận, Phan Thiết, Bán đất tại đường Nguyễn Thanh Hùng",1.422,,10.0,,,,,Have certificate,,14.5,22
"Đồng Nai, Cẩm Mỹ, Bán đất tại đường ĐT 765",727.0,12.0,12.0,Đông - Nam,,,,Have certificate,,2.4,16
"Hồ Chí Minh, Quận 9, Bán đất tại đường 8",92.0,16.0,8.0,,,,,Have certificate,,5.8,22
"Hồ Chí Minh, Quận 12, Bán đất tại đường Thạnh Lộc 19",1.133,27.0,2.5,,,,,Have certificate,,18.5,23
"Bình Phước, Hớn Quản, Bán đất tại đường 12",10.0,50.0,,,,,,Have certificate,,36.0,23
"Bình Phước, Chơn Thành, Bán đất tại đường Lê Duẩn",500.0,5.0,18.0,Tây - Bắc,,,,Have certificate,,0.83,23
"Bình Phước, Chơn Thành, Bán đất tại đường DH01",354.0,5.0,32.0,,,,,Have certificate,,0.75,23
"Bình Thuận, Phan Thiết, Bán đất tại đường Võ Nguyên Giáp",20.0,200.0,20.0,Tây - Nam,,,,Have certificate,,50.0,22
"Bình Thuận, Phan Thiết, Bán đất tại đường Nguyễn Thông",99.0,5.5,27.0,,,,,Have certificate,,3.6,22
"Bình Thuận, Phan Thiết, Bán đất tại xã Tiến Lợi",100.0,5.0,,,,,,Have certificate,,0.65,22
"Bình Thuận, Phan Thiết, Bán đất tại đường Nguyễn Thanh Hùng",1.422,,10.0,,,,,Have certificate,,14.5,22
"Bình Thuận, Phan Thiết, Bán đất tại đường Nguyễn Thanh Hùng",1.422,24.0,10.0,,,,,Have certificate,,0.01,22
"Đồng Nai, Cẩm Mỹ, Bán đất tại đường ĐT 765",727.0,12.0,12.0,Đông - Nam,,,,Have certificate,,2.4,16
"Hồ Chí Minh, Quận 9, Bán đất tại đường 8",92.0,16.0,8.0,,,,,Have certificate,,5.8,22
"Hồ Chí Minh, Quận 9, Bán đất tại đường Long Phước",50.0,8.0,8.0,,,,,Have certificate,,2.55,22
"Hải Phòng, Kiến Thụy, Bán đất tại đường 363",168.0,7.0,8.0,Đông - Bắc,,,,Have certificate,,0.02,19
"Hồ Chí Minh, Củ Chi, Bán đất tại đường 9A",186.0,,,,,,,,,3.65,22
"Quảng Nam, Điện Bàn, Bán đất tại xã Điện Minh",434.0,8.5,6.0,Đông - Nam,,,,Have certificate,,2.3,22
"Khánh Hòa, Khánh Vĩnh, Bán đất tại xã Khánh Nam",2.087,17.0,,,,,,Have certificate,,0.5,22
"Bình Dương, Dĩ An, Bán đất tại đường D1",86.0,6.66,12.0,Tây - Nam,,,,Have certificate,,2.79,22
"Hồ Chí Minh, Bình Chánh, Bán đất tại đường Quốc Lộ 50",144.0,,,,,,,Sale contract,,12.5,22
"Bình Phước, Đồng Xoài, Bán đất tại xã Tiến Hưng",100.0,6.5,13.0,,,,,Have certificate,,1.2,22
"Nam Định, Hải Hậu, Bán đất tại thị trấn Thịnh Long",90.0,5.0,,,,,,,,1.0,23
"Hà Nội, Thạch Thất, Bán đất tại đường Tỉnh lộ 420",153.0,9.0,6.0,Đông - Nam,,,,Have certificate,,0.04,23
"Quảng Nam, Thăng Bình, Bán đất tại đường Nguyễn Thuật",1.0,11.0,3.0,Đông - Nam,,,,Have certificate,,5.2,23
"Bình Phước, Chơn Thành, Bán đất tại xã Minh Thành",10.173,72.0,12.0,Nam,,,,Have certificate,,5.9,23
"Hồ Chí Minh, Hóc Môn, Bán đất tại đường Trịnh Thị Miếng",139.4,7.7,8.0,,,,,Have certificate,,7.2,23
"Bình Phước, Chơn Thành, Bán đất tại đường Quốc Lộ 13",225.0,5.0,12.0,,,,,Have certificate,,0.57,23
"Lào Cai, Bắc Hà, Bán đất tại xã Tả Van Chư",45.0,,,,,,,,,2.85,23
"Bình Dương, Dĩ An, Bán đất tại đường Tân Hiệp",66.0,4.3,10.0,Bắc,,,,Have certificate,,2.41,23
"Phú Thọ, Việt Trì, Bán đất tại đường Phù Đổng",241.0,10.0,4.0,Đông - Nam,,,,Have certificate,,,23
"Hòa Bình, Lương Sơn, Bán đất tại xã Hòa Sơn",8.0,70.0,15.0,,,,,Have certificate,,,23
"Hà Nội, Hà Đông, Bán đất tại phường Phú Lương",50.0,5.0,15.0,,,,,Have certificate,,12.0,23
"Phú Thọ, Việt Trì, Bán đất tại đường Nguyễn Tất Thành",100.0,5.0,6.0,,,,,Have certificate,,1.29,23
"Hà Nội, Sơn Tây, Bán đất tại đường Đồng Trạng",100.0,5.0,5.0,,,,,Have certificate,,1.9,22
"Hải Phòng, Hồng Bàng, Bán đất tại đường Đội Văn",158.0,8.3,4.0,Tây,,,,Have certificate,,7.1,23
"Hà Nội, Quốc Oai, Bán đất tại đường 21",105.0,8.0,6.0,Đông - Nam,,,,Have certificate,,4.0,23
"Hà Nội, Quốc Oai, Bán đất tại đường Phú Mãn",157.0,11.0,,Đông - Nam,,,,Have certificate,,0.03,23
"Hà Nội, Quốc Oai, Bán đất tại đường Vai Réo",100.0,5.5,6.0,Đông - Bắc,,,,Have certificate,,3.7,23
"Bà Rịa Vũng Tàu, Long Đất, Bán đất tại đường Long Tân-Láng Dài",1.339,,,,,,,Have certificate,,3.2,23
"Thừa Thiên Huế, Phú Lộc, Bán đất tại đường Quốc lộ 1A",82.0,6.0,4.0,Đông - Nam,,,,Have certificate,,2.4,23
"Bắc Giang, Lạng Giang, Bán đất tại đường Tỉnh lộ 295",123.0,6.0,16.0,,,,,Have certificate,,1.8,23
"Bắc Giang, Bắc Giang, Bán đất tại đường Xương Giang",126.0,7.0,16.0,,,,,Have certificate,,5.6,23
"Bến Tre, Châu Thành, Bán đất tại đường Quốc lộ 57B",1.2,11.0,,Đông - Bắc,,,,Have certificate,,9.5,23
"Bà Rịa Vũng Tàu, Long Đất, Bán đất tại đường Nguyễn Trọng Nghĩa",179.0,8.0,6.0,Đông - Nam,,,,Have certificate,,1.95,23
"Đà Nẵng, Hải Châu, Bán đất tại đường Đảo Xanh 5",400.0,,,,,,,,,56.0,23
"Long An, Tân An, Bán đất tại đường Võ Văn Môn",199.5,,,Tây - Nam,,,,Have certificate,,3.5,23
"Bà Rịa Vũng Tàu, Long Điền, Bán đất tại đường Tỉnh lộ 44A",394.4,,,,,,,Have certificate,,4.5,23
"Bắc Ninh, Thuận Thành, Bán đất tại xã Nghĩa Đạo",240.0,10.0,5.5,Tây - Bắc,,,,Have certificate,,7.6,23
"Vĩnh Phúc, Tam Đảo, Bán đất tại xã Hợp Châu",3.893,100.0,5.0,,,,,Have certificate,,6.45,23
"Vĩnh Phúc, Tam Đảo, Bán đất tại đường Quốc lộ 2B",1.109,25.0,7.0,,,,,Have certificate,,10.45,23
"Đà Nẵng, Hòa Vang, Bán đất tại đường Nam Kỳ Khởi Nghĩa",194.8,5.82,5.0,Đông,,,,Have certificate,,2.4,23
"Đồng Nai, Nhơn Trạch, Bán đất tại xã Phước Khánh",4.0,,,,,,,Have certificate,,3.5,23
"Đồng Nai, Vĩnh Cửu, Bán đất tại đường ĐT 761",939.0,40.0,6.0,,,,,Have certificate,,1.8,23
"Bình Thuận, Phan Thiết, Bán đất tại xã Thiện Nghiệp",10.31,4.0,7.0,,,,,Have certificate,,10.5,8
"Long An, Bến Lức, Bán đất tại xã Mỹ Yên",199.7,,,,,,,,,3.5,23
"Bà Rịa Vũng Tàu, Xuyên Mộc, Bán đất tại xã Phước Thuận",1.835,32.0,,Đông,,,,Have certificate,,15.9,23
"Đà Nẵng, Hòa Vang, Bán đất tại xã Hòa Phước",180.0,6.0,6.0,Bắc,,,,Have certificate,,3.6,23
"Bà Rịa Vũng Tàu, Châu Đức, Bán đất tại đường 56B",2.832,30.0,6.0,Đông - Nam,,,,Have certificate,,5.6,23
"Hải Phòng, Ngô Quyền, Bán đất tại đường Lê Hồng Phong",119.0,,,,,,,,,,23
"Hải Phòng, An Dương, Bán đất tại đường 351",126.0,,,,,,,,,0.04,23
"Bà Rịa Vũng Tàu, Xuyên Mộc, Bán đất tại xã Phước Thuận",7.0,,,,,,,,,0.02,23
"Long An, Tân An, Bán đất tại đường Cao Văn Lầu",478.0,3.0,3.0,Tây - Nam,,,,Have certificate,,3.8,23
"Long An, Cần Giuộc, Bán đất tại xã Mỹ Lộc",135.0,,,,,,,Have certificate,,,23
"Hà Nội, Sơn Tây, Bán đất tại xã Sơn Đông",100.0,7.0,8.0,,,,,Have certificate,,2.1,23
"Hà Nội, Thạch Thất, Bán đất tại xã Yên Trung",500.0,13.0,6.0,,,,,Have certificate,,0.01,23
"Khánh Hòa, Vạn Ninh, Bán đất tại đường Xuân Tự 2",234.8,6.5,20.0,Đông - Nam,,,,Have certificate,,4.22,23
"Hà Nội, Đống Đa, Bán đất tại đường Cát Linh",52.0,6.0,,,,,,Have certificate,,9.8,23
"Hòa Bình, Lương Sơn, Bán đất tại thị trấn Lương Sơn",77.5,,,,,,,,,,23
"Bình Phước, Đồng Phú, Bán đất tại thị trấn Tân phú",300.0,5.0,19.0,Tây - Nam,,,,Have certificate,,0.34,23
"Hà Nội, Long Biên, Bán đất tại phường Cự Khối",50.0,4.0,4.0,Đông,,,,,,,23
"Hà Nam, Phủ Lý, Bán đất tại phường Thanh Tuyền",214.0,,,,,,,,,0.05,23
"Bắc Giang, Bắc Giang, Bán đất tại xã Đồng Sơn",108.0,6.0,21.0,,,,,Have certificate,,4.1,23
"Bắc Giang, Yên Dũng, Bán đất tại đường Tỉnh lộ 299",90.0,5.0,32.0,,,,,Have certificate,,3.95,23
"Bắc Giang, Yên Dũng, Bán đất tại đường 293",106.0,6.3,5.0,,,,,Have certificate,,0.89,23
"Bắc Giang, Lạng Giang, Bán đất tại đường Quốc lộ 37",416.0,13.0,,Đông - Nam,,,,Have certificate,,5.0,23
"Bắc Giang, Bắc Giang, Bán đất tại đường Quốc lộ 1A",512.0,16.0,16.0,,,,,Have certificate,,22.0,23
"Bắc Giang, Bắc Giang, Bán đất tại đường Đào Sư Tích",108.0,6.5,8.0,,,,,Have certificate,,7.9,23
"Bắc Giang, Tân Yên, Bán đất tại đường Quốc Lộ 17",85.2,5.5,16.0,Tây - Bắc,,,,Have certificate,,1.65,23
"Bình Dương, Dĩ An, Bán đất tại đường Quốc lộ 1K",1.0,3.0,10.0,Tây,,,,Have certificate,,125.0,23
"Bình Định, Quy Nhơn, Bán đất tại đường 8",100.0,4.0,16.0,,,,,Have certificate,,,23
"Bình Định, Phù Cát, Bán đất tại đường Quốc Lộ 19B",125.0,5.0,14.0,Tây - Nam,,,,Have certificate,,0.85,23
"Bình Định, Phù Cát, Bán đất tại xã Cát Tiến",127.0,5.0,16.0,Tây - Bắc,,,,Have certificate,,,23
"Bình Dương, Dĩ An, Bán đất tại đường Quốc lộ 1K",680.0,4.0,40.0,Tây - Bắc,,,,Have certificate,,66.0,23
"Bình Dương, Dĩ An, Bán đất tại đường Quốc lộ 1K",560.0,4.0,30.0,Đông - Nam,,,,Have certificate,,53.0,23
"Bình Định, Quy Nhơn, Bán đất tại xã Nhơn Hội",100.0,4.0,14.0,,,,,Have certificate,,,23
"Bình Dương, Dĩ An, Bán đất tại đường Quốc lộ 1K",500.0,15.0,15.0,Đông - Bắc,,,,Have certificate,,40.0,23
"Bình Dương, Dĩ An, Bán đất tại đường Quốc lộ 1K",160.0,6.0,8.0,,,,,Have certificate,,12.0,23
"Bình Định, Phù Cát, Bán đất tại xã Cát Tiến",150.0,6.0,20.0,Nam,,,,Have certificate,,,23
"Bình Dương, Dĩ An, Bán đất tại đường Quốc lộ 1K",3.0,10.0,7.0,Đông,,,,Have certificate,,288.0,23
"Đắk Lắk, Cư Kuin, Bán đất tại xã Ea Ktur",18.0,110.0,6.0,,,,,Have certificate,,8.5,23
"Bình Dương, Dĩ An, Bán đất tại đường Quốc lộ 1K",650.0,5.0,10.0,Đông - Bắc,,,,Have certificate,,59.0,23
"Bình Dương, Dĩ An, Bán đất tại đường Quốc lộ 1K",350.0,5.0,10.0,Đông,,,,Have certificate,,30.0,23
"Bà Rịa Vũng Tàu, Xuyên Mộc, Bán đất tại đường Tỉnh lộ 328",1.781,,,,,,,Have certificate,,0.05,23
"Hồ Chí Minh, Củ Chi, Bán đất tại xã An Phú",440.5,8.0,6.0,,,,,Have certificate,,2.1,23
"Bình Dương, Dĩ An, Bán đất tại đường Châu Thới",150.0,7.5,13.0,Đông - Bắc,,,,Have certificate,,11.0,23
"Bà Rịa Vũng Tàu, Xuyên Mộc, Bán đất tại đường 328",750.0,15.0,32.0,,,,,Have certificate,,22.0,23
"Quảng Ngãi, Quảng Ngãi, Bán đất tại phường Trương Quang Trọng",522.0,28.0,14.0,,,,,Have certificate,,0.02,23
"Hà Nội, Long Biên, Bán đất tại đường Phố Trạm",50.0,4.0,3.0,Đông,,,,Have certificate,,0.17,23
"Bình Dương, Dĩ An, Bán đất tại đường Quốc lộ 1K",150.0,4.5,7.0,Tây - Bắc,,,,Have certificate,,14.5,23
"Bình Dương, Dĩ An, Bán đất tại đường N1",1.345,10.0,5.0,Đông - Bắc,,,,Have certificate,,125.0,23
"Bình Dương, Dĩ An, Bán đất tại đường Quốc lộ 1K",1.0,12.0,10.0,Đông - Bắc,,,,Have certificate,,94.0,23
"Bình Dương, Dĩ An, Bán đất tại đường Quốc lộ 1K",320.0,10.0,20.0,Đông - Bắc,,,,Have certificate,,28.0,23
"Bình Dương, Dĩ An, Bán đất tại đường Quốc lộ 1K",2.0,4.0,4.0,Đông - Bắc,,,,Have certificate,,189.0,23
"Bình Dương, Dĩ An, Bán đất tại đường Quốc lộ 1K",650.0,3.0,30.0,Đông - Nam,,,,Have certificate,,62.0,23
"Bình Dương, Dĩ An, Bán đất tại phường Bình An",300.0,15.0,12.0,Đông,,,,Have certificate,,23.0,23
"Bình Dương, Dĩ An, Bán đất tại đường Quốc lộ 1K",150.0,5.0,9.0,Đông - Nam,,,,Have certificate,,14.0,23
"Bình Dương, Dĩ An, Bán đất tại phường Bình An",200.0,4.0,12.0,Đông,,,,Have certificate,,18.0,23
"Bình Thuận, Phan Thiết, Bán đất tại phố Nguyễn Văn Tố",120.0,7.0,10.0,,,,,Have certificate,,0.03,23
"Bình Dương, Dĩ An, Bán đất tại đường Quốc lộ 1K",7.35,15.0,40.0,Đông,,,,Have certificate,,670.0,23
"Bình Dương, Dĩ An, Bán đất tại đường Quốc lộ 1K",400.0,5.0,15.0,Tây - Bắc,,,,Have certificate,,41.0,23
"Bình Dương, Dĩ An, Bán đất tại đường Quốc lộ 1K",3.3,,3.0,Đông - Bắc,,,,Have certificate,,350.0,23
"Bình Dương, Dĩ An, Bán đất tại đường Quốc lộ 1K",3.0,4.0,4.0,Đông - Bắc,,,,Have certificate,,293.0,23
"Bình Dương, Dĩ An, Bán đất tại đường Châu Thới",150.0,7.5,12.0,Đông - Bắc,,,,Have certificate,,9.5,23
"Quảng Nam, Thăng Bình, Bán đất tại xã Bình Minh",179.4,6.0,6.0,Tây - Bắc,,,,Have certificate,,3.0,23
"Kon Tum, Kon Plông, Bán đất tại xã Măng Cành",50.0,160.0,18.0,,,,,Have certificate,,21.0,23
"Kon Tum, Kon Plông, Bán đất tại đường Quốc Lộ 24",4.0,70.0,12.0,,,,,Have certificate,,3.0,23
"Phú Yên, Sông Cầu, Bán đất tại phường Xuân Phú",100.0,5.0,40.0,Đông - Nam,,,,Have certificate,,0.03,23
"Đà Nẵng, Ngũ Hành Sơn, Bán đất tại phường Hòa Quý",107.9,4.5,5.0,,,,,,,,23
"Hà Nội, Quốc Oai, Bán đất tại xã Hòa Thạch",100.0,6.0,6.0,Đông - Nam,,,,Have certificate,,0.03,23
"Hà Nội, Quốc Oai, Bán đất tại xã Phú Mãn",300.0,10.0,7.0,Đông - Nam,,,,Have certificate,,,23
"Hà Nội, Sơn Tây, Bán đất tại xã Cổ Đông",100.0,6.0,4.5,Đông - Nam,,,,,,0.03,23
"Hồ Chí Minh, Quận 9, Bán đất tại đường Hoàng Hữu Nam",230.0,6.0,,,,,,Have certificate,,22.0,23
"Hưng Yên, Văn Lâm, Bán đất tại xã Tân Quang",76.0,6.0,4.5,Nam,,,,Have certificate,,0.06,24
"Bình Dương, Dầu Tiếng, Bán đất tại đường DH710",2.782,12.0,12.0,,,,,Have certificate,,0.0,24
"Bình Dương, Phú Giáo, Bán đất tại xã An Thái",253.0,5.0,9.0,,,,,Have certificate,,0.35,24
"Bắc Ninh, Yên Phong, Bán đất tại xã Long Châu",16.0,4.0,18.0,Đông - Nam,,,,Have certificate,,0.64,24
"Hồ Chí Minh, Thủ Đức, Bán đất tại đường 22",289.7,13.8,8.0,Đông - Nam,,,,Have certificate,,22.8,4
"Thái Nguyên, Thái Nguyên, Bán đất tại đường Bắc Sơn",1.0,20.0,61.0,Nam,,,,Have certificate,,,24
"Hà Nội, Long Biên, Bán đất tại phố Ngọc Trì",108.0,5.0,4.0,,,,,Have certificate,,0.16,24
"Đồng Tháp, Lai Vung, Bán đất tại thị trấn Lai Vung",90.0,4.5,,,,,,Have certificate,,3.5,24
"Bình Dương, Dĩ An, Bán đất tại phường Bình An",1.1,13.0,10.0,Đông - Bắc,,,,Have certificate,,115.0,24
"Bình Dương, Dĩ An, Bán đất tại đường Quốc lộ 1K",750.0,8.0,15.0,Tây - Nam,,,,Have certificate,,78.0,24
"Bình Dương, Dĩ An, Bán đất tại đường Quốc lộ 1K",450.0,5.0,12.0,Đông - Bắc,,,,Have certificate,,45.0,24
"Bình Dương, Dĩ An, Bán đất tại đường N1",350.0,8.0,10.0,Đông,,,,Have certificate,,33.0,24
"Bắc Ninh, Gia Bình, Bán đất tại đường Quốc Lộ 17",134.5,7.0,4.0,,,,,Have certificate,,3.0,24
"Khánh Hòa, Nha Trang, Bán đất tại phố Phong Châu",213.8,13.6,26.0,Tây,,,,Have certificate,,10.5,24
"Đồng Nai, Long Khánh, Bán đất tại đường Nguyễn Trãi",192.3,24.0,,Tây - Bắc,,,,Have certificate,,6.5,24
"Khánh Hòa, Diên Khánh, Bán đất tại xã Suối Hiệp",98.0,5.2,6.0,Đông - Nam,,,,Have certificate,,1.05,24
"Khánh Hòa, Cam Lâm, Bán đất tại đường Quốc lộ 1A",194.0,6.6,4.5,Đông - Nam,,,,Have certificate,,1.34,24
"Hà Nội, Thường Tín, Bán đất tại đường 427",80.9,5.9,3.0,Tây,,,,Have certificate,,4.4,23
"Bình Dương, Dĩ An, Bán đất tại đường Quốc lộ 1K",150.0,,,,,,,,,13.5,23
"Quảng Ninh, Cô Tô, Bán đất tại xã Thanh Lân",140.0,,,,,,,Have certificate,,1.5,24
"Hải Phòng, Hồng Bàng, Bán đất tại phường Sở Dầu",70.0,5.0,31.0,Đông - Nam,,,,Have certificate,,6.65,24
"Hà Nội, Thanh Trì, Bán đất tại xã Vạn Phúc",40.0,4.0,3.0,,,,,Have certificate,,3.2,24
"Hòa Bình, Lạc Thủy, Bán đất tại thị trấn Ba Hàng Đồi",92.0,6.0,6.5,Nam,,,,Have certificate,,1.3,24
"Bà Rịa Vũng Tàu, Châu Đức, Bán đất tại đường Láng lớn - Kim Long",1.0,14.0,6.0,Nam,,,,Have certificate,,1.85,24
"Bắc Giang, Lạng Giang, Bán đất tại xã Hương Sơn",100.0,,,,,,,Have certificate,,0.45,24
"Hà Nội, Sóc Sơn, Bán đất tại xã Bắc Sơn",100.0,5.41,4.0,,,,,Have certificate,,1.6,24
"Bình Thuận, Phan Thiết, Bán đất tại đường Hiền Vương",174.8,8.9,15.0,,,,,Have certificate,,0.03,24
"Hà Nội, Sóc Sơn, Bán đất tại xã Tân Hưng",109.0,5.0,4.0,,,,,Have certificate,,1.4,24
"Hà Nội, Sóc Sơn, Bán đất tại xã Tân Minh",80.0,6.0,5.0,,,,,Have certificate,,1.45,24
"Hà Nội, Sóc Sơn, Bán đất tại xã Bắc Sơn",100.0,5.0,5.0,,,,,Have certificate,,0.85,24
"Đà Nẵng, Cẩm Lệ, Bán đất tại đường Trần Kim Xuyến",100.0,5.0,7.5,Tây - Nam,,,,Have certificate,,6.2,24
"Tiền Giang, Mỹ Tho, Bán đất tại đường D7",100.0,5.0,,Tây,,,,Have certificate,,3.9,24
"Tiền Giang, Mỹ Tho, Bán đất tại đường D7",115.0,5.0,12.0,Đông,,,,Have certificate,,4.4,24
"Bình Thuận, Bắc Bình, Bán đất tại xã Hải Ninh",38.68,,,,,,,Have certificate,,5.5,24
"Bắc Ninh, Thuận Thành, Bán đất tại xã Trạm Lộ",86.2,9.1,4.0,Đông - Nam,,,,Have certificate,,1.8,24
"Hà Nội, Quốc Oai, Bán đất tại đường Vai Réo",186.0,,15.0,,,,,Have certificate,,,24
"Đồng Nai, Nhơn Trạch, Bán đất tại đường Võ Thị Sáu",279.0,20.0,14.0,Bắc,,,,Have certificate,,12.4,24
"Long An, Tân An, Bán đất tại đường Đặng Ngọc Sương",493.0,12.0,20.0,,,,,Have certificate,,1.59,24
"Long An, Thạnh Hóa, Bán đất tại đường Quốc Lộ 62",17463.0,,,,,,,Have certificate,,18.0,24
"Long An, Tân An, Bán đất tại đường Đinh Viết Cừu",161.6,,,,,,,Have certificate,,1.65,24
"Bắc Giang, Yên Dũng, Bán đất tại đường Tỉnh lộ 284",100.0,5.0,8.0,Đông - Nam,,,,Have certificate,,3.2,24
"Hồ Chí Minh, Thủ Đức, Bán đất tại đường 20",409.7,15.0,,Đông - Nam,,,,Have certificate,,39.0,24
"Đắk Lắk, Krông Pắc, Bán đất tại đường Quốc Lộ 26",1100.0,41.9,4.0,Đông,,,,Have certificate,,3.98,24
"Đồng Nai, Nhơn Trạch, Bán đất tại đường Phạm Thái Bường",154.0,7.0,14.0,Đông - Bắc,,,,Have certificate,,3.59,24
"Hòa Bình, Lương Sơn, Bán đất tại xã Lâm Sơn",2300.0,,,,,,,Have certificate,,,24
"Hòa Bình, Kim Bôi, Bán đất tại xã Vĩnh Tiến",1160.0,,,,,,,Have certificate,,,24
"Tiền Giang, Gò Công Đông, Bán đất tại xã Kiểng Phước",40000.0,160.0,,,,,,Have certificate,,28.0,24
"Tây Ninh, Dương Minh Châu, Bán đất tại đường ĐT 781C",900.0,,,,,,,,,6.0,24
"Bà Rịa Vũng Tàu, Xuyên Mộc, Bán đất tại đường Hòa Bình - Bình Châu",1342.0,40.0,10.0,,,,,Have certificate,,4.2,24
"Bà Rịa Vũng Tàu, Xuyên Mộc, Bán đất tại đường Hòa Bình - Bình Châu",2732.0,50.0,20.0,,,,,Have certificate,,6.5,24
"Bà Rịa Vũng Tàu, Xuyên Mộc, Bán đất tại đường 1",31091.0,50.0,50.0,Đông - Nam,,,,Have certificate,,85.0,24
"Lâm Đồng, Bảo Lâm, Bán đất tại đường Quốc Lộ 20",142.0,6.0,,,,,,Have certificate,,1.95,24
"Bình Dương, Phú Giáo, Bán đất tại đường DH506",250.0,,,Đông,,,,Have certificate,,1.25,24
"Hà Nội, Thanh Xuân, Bán đất tại đường Bùi Xương Trạch",125.0,5.2,,,,,,Have certificate,,32.0,24
"Hồ Chí Minh, Củ Chi, Bán đất tại Khu dân cư Tân Phú Trung",18000.0,94.5,14.0,,,,,Have certificate,,0.01,24
"Đà Nẵng, Hòa Vang, Bán đất tại xã Hòa Phong",425.0,16.0,10.0,Đông,,,,Have certificate,,2.5,24
"Quảng Nam, Điện Bàn, Bán đất tại đường Võ Nguyên Giáp",767.0,27.12,27.0,Tây - Nam,,,,Have certificate,,0.04,24
"Phú Thọ, Thanh Thủy, Bán đất tại xã Đồng Trung",516.6,,5.0,Đông - Bắc,,,,Have certificate,,5.55,24
"Bình Dương, Dĩ An, Bán đất tại đường Châu Thới",500.0,22.0,17.0,Tây - Bắc,,,,Have certificate,,31.0,24
"Hà Nam, Phủ Lý, Bán đất tại đường Lê Công Thanh",230.0,22.0,38.0,Tây,,,,Have certificate,,0.09,24
"Lâm Đồng, Di Linh, Bán đất tại xã Tân Thượng",4144.0,32.0,,Đông - Nam,,,,,,2.8,24
"Tiền Giang, Mỹ Tho, Bán đất tại đường Ấp Bắc",1000.0,25.0,,,,,,,,,24
"Tây Ninh, Trảng Bàng, Bán đất tại xã Đôn Thuận",2465.0,,,,,,,Have certificate,,4.0,24
"Bình Thuận, Phan Thiết, Bán đất tại phường Mũi Né",50000.0,,,,,,,,,350.0,24
"Hậu Giang, Vị Thanh, Bán đất tại xã Hoả Tiến",31200.0,,4.0,Nam,,,,Have certificate,,5.34,24
"Bà Rịa Vũng Tàu, Xuyên Mộc, Bán đất tại đường Hòa Bình - Bình Châu",3537.0,70.0,20.0,,,,,Have certificate,,7.5,24
"Bà Rịa Vũng Tàu, Xuyên Mộc, Bán đất tại đường 4",12000.0,50.0,50.0,Đông - Nam,,,,Have certificate,,26.0,24
"Sóc Trăng, Mỹ Xuyên, Bán đất tại xã Gia Hòa 2",1300.0,13.0,,,,,,Have certificate,,0.79,24
"Hà Nội, Sóc Sơn, Bán đất tại xã Tân Dân",68.8,,,,,,,Have certificate,,3.35,24
"Đà Nẵng, Sơn Trà, Bán đất tại đường Trần Duy Chiến",66.0,4.6,10.5,Tây - Bắc,,,,Have certificate,,8.7,24
"Đà Nẵng, Sơn Trà, Bán đất tại đường Trương Quốc Dung",122.5,5.0,7.5,,,,,Have certificate,,8.5,24
"Tiền Giang, Cai Lậy, Bán đất tại đường B2",985.2,18.0,8.0,Tây,,,,Have certificate,,11.7,24
"Đà Nẵng, Cẩm Lệ, Bán đất tại đường Cẩm Bắc 1",90.0,,7.5,Tây - Nam,,,,Have certificate,,5.85,24
"Hồ Chí Minh, Bình Chánh, Bán đất tại xã Tân Nhựt",590.0,,,,,,,,,10.0,23
"Hồ Chí Minh, Củ Chi, Bán đất tại xã Phú Hòa Đông",1000.0,,,,,,,,,3.5,24
"Long An, Tân An, Bán đất tại đường Số 13",100.0,5.0,,Đông - Bắc,,,,Have certificate,,1.78,24
"Lâm Đồng, Đức Trọng, Bán đất tại xã Hiệp Thạnh",387.0,8.0,8.0,Nam,,,,Have certificate,,6.0,24
"Long An, Đức Hòa, Bán đất tại đường Số 10",91.52,6.5,12.0,Đông,,,,Have certificate,,3.5,24
"Cần Thơ, Ninh Kiều, Bán đất tại đường Trần Văn Khéo",115.0,5.0,,Đông - Nam,,,,Have certificate,,4.9,24
"Hòa Bình, Lạc Thủy, Bán đất tại thị trấn Ba Hàng Đồi",100.0,,,,,,,Have certificate,,0.6,22
"Hà Nội, Quốc Oai, Bán đất tại đường Hoà Thạch",103.7,5.0,6.0,Đông - Nam,,,,Have certificate,,2.5,23
"Đồng Nai, Nhơn Trạch, Bán đất tại đường Nguyễn Hữu Cảnh",221.6,,30.0,Đông - Bắc,,,,Have certificate,,3.3,24
"Lâm Đồng, Bảo Lộc, Bán đất tại đường Lý Thái Tổ",500.0,30.0,6.0,Đông - Nam,,,,Have certificate,,1.3,24
"Hồ Chí Minh, Thủ Đức, Bán đất tại đường Số 49",100.0,5.0,20.0,Đông,,,,Have certificate,,14.0,24
"Bình Định, An Nhơn, Bán đất tại đường Nguyễn Đình Chiểu",137.6,,,,,,,,,2.49,24
"Hà Nội, Sóc Sơn, Bán đất tại phố Thanh Trì",74.0,4.2,3.5,Đông - Nam,,,,Have certificate,,1.3,24
"Bình Định, Phù Cát, Bán đất tại đường Tỉnh lộ 639",150.0,6.0,7.5,Tây,,,,Have certificate,,0.77,24
"Hà Nội, Gia Lâm, Bán đất tại đường Ỷ Lan",80.0,5.0,3.5,Tây,,,,Have certificate,,6.8,24
"Bắc Ninh, Từ Sơn, Bán đất tại phường Phù Chẩn",150.0,,,,,,,Sale contract,,,19
"Đà Nẵng, Sơn Trà, Bán đất tại đường An Nhơn 12",141.0,7.0,7.5,Tây - Bắc,,,,Have certificate,,22.0,24
"Đà Nẵng, Cẩm Lệ, Bán đất tại đường Lê Đại Hành",1570.0,22.0,24.0,,,,,Have certificate,,95.0,24
"Hải Phòng, An Dương, Bán đất tại đường Cách Hạ",40.0,8.0,3.0,Đông,,,,Have certificate,,1.19,24
"Bình Dương, Dầu Tiếng, Bán đất tại xã Định An",274.0,5.0,12.0,,,,,Have certificate,,0.39,24
"Bình Dương, Dầu Tiếng, Bán đất tại xã Định An",1786.2,30.0,12.0,,,,,Have certificate,,2.79,24
"Bình Dương, Dĩ An, Bán đất tại đường Quốc lộ 1K",900.0,3.0,4.0,Đông,,,,Have certificate,,92.0,24
"Bình Dương, Dĩ An, Bán đất tại đường Quốc lộ 1K",1600.0,4.0,4.0,Tây - Bắc,,,,Have certificate,,179.0,24
"Tiền Giang, Gò Công, Bán đất tại đường Nguyễn Trọng Dân",115.0,5.0,12.0,Bắc,,,,Have certificate,,2.7,24
"Hải Phòng, Lê Chân, Bán đất tại đường Võ Nguyên Giáp",91.0,5.0,15.0,Đông - Nam,,,,Have certificate,,13.5,24
"Hải Phòng, Lê Chân, Bán đất tại phường Vĩnh Niệm",157.0,10.3,12.0,Đông - Nam,,,,Have certificate,,10.25,24
"Hải Phòng, Lê Chân, Bán đất tại phường Vĩnh Niệm",84.0,4.2,15.0,Tây - Bắc,,,,Have certificate,,0.07,24
"Hải Phòng, Lê Chân, Bán đất tại đường Trại Lẻ",81.0,4.5,20.0,Đông - Bắc,,,,Have certificate,,9.9,24
"Hải Phòng, Lê Chân, Bán đất tại đường An Kim Hải",159.1,11.0,25.0,Nam,,,,Have certificate,,29.43,24
"Hồ Chí Minh, Nhà Bè, Bán đất tại xã Nhơn Đức",2300.0,,,,,,,Have certificate,,8.1,24
"Quảng Ninh, Vân Đồn, Bán đất tại xã Hạ Long",108.0,6.0,7.5,Đông - Nam,,,,Have certificate,,0.03,24
"Hồ Chí Minh, Quận 9, Bán đất tại đường Trường Lưu",85.2,10.0,10.0,Đông,,,,Have certificate,,5.29,24
"Đồng Nai, Vĩnh Cửu, Bán đất tại đường ĐT 761",2238.0,22.0,,,,,,Have certificate,,8.0,24
"Lâm Đồng, Lạc Dương, Bán đất tại đường 14/3",2000.0,30.0,6.0,Tây - Nam,,,,Have certificate,,14.0,24
"Bắc Ninh, Từ Sơn, Bán đất tại phường Phù Chẩn",170.0,,,,,,,Sale contract,,,19
"Hồ Chí Minh, Quận 9, Bán đất tại đường Số 8",240.0,8.0,,Đông - Nam,,,,Have certificate,,18.5,24
"Hòa Bình, Yên Thủy, Bán đất tại xã Lạc Thịnh",855.0,17.0,,,,,,Have certificate,,0.01,24
"Long An, Cần Đước, Bán đất tại xã Mỹ Lệ",170.0,,7.0,Tây,,,,Have certificate,,1.28,1
"Bình Phước, Đồng Phú, Bán đất tại đường ĐT 741",200.0,,42.0,,,,,Have certificate,,0.78,24
"Thái Bình, Thái Bình, Bán đất tại đường Long Hưng",62.4,4.0,20.0,Đông - Nam,,,,Have certificate,,3.1,24
"Hải Phòng, Ngô Quyền, Bán đất tại đường Nguyễn Trãi",62.79,4.55,9.0,Đông - Bắc,,,,Have certificate,,6.1,24
"Hải Phòng, Hải An, Bán đất tại đường Nguyễn Đồn",96.27,5.15,13.0,Bắc,,,,Have certificate,,0.07,24
"Tây Ninh, Dương Minh Châu, Bán đất tại đường Dương Minh Châu",350.0,8.0,6.0,Tây - Bắc,,,,,,3.7,24
"Hải Dương, Hải Dương, Bán đất tại phố Lê Thanh Nghị",283.0,7.5,5.0,Đông,,,,Have certificate,,0.03,24
"Bình Phước, Đồng Phú, Bán đất tại xã Tân Tiến",9200.0,20.0,32.0,,,,,Have certificate,,3.5,25
"Long An, Bến Lức, Bán đất tại xã Phước Lợi",475.0,25.0,8.0,Đông - Nam,,,,Have certificate,,16.0,25
"Hà Nội, Thanh Oai, Bán đất tại xã Cao Xuân Dương",105.0,5.1,,,,,,Have certificate,,,25
"Hà Nội, Thanh Trì, Bán đất tại đường Triều Khúc",63.0,4.5,7.0,,,,,Have certificate,,9.0,25
"Kiên Giang, Rạch Giá, Bán đất tại đường La Sơn Phu Tử",95.0,5.0,9.0,Tây - Bắc,,,,Have certificate,,1.37,25
"Long An, Cần Giuộc, Bán đất tại đường 835B",819.0,18.0,20.0,Nam,,,,Have certificate,,17.5,25
"Lâm Đồng, Đà Lạt, Bán đất tại đường Hồ Tùng Mậu",600.0,20.0,5.0,,,,,Have certificate,,60.0,13
"Hồ Chí Minh, Hóc Môn, Bán đất tại đường Bùi Văn Ngữ",93.0,4.0,7.0,Đông - Nam,,,,Have certificate,,4.5,25
"Hồ Chí Minh, Củ Chi, Bán đất tại đường Hu Go 458",243.0,6.0,12.0,,,,,Have certificate,,7.2,22
"Khánh Hòa, Cam Lâm, Bán đất tại đường Nguyễn Tất Thành",4300.0,70.0,100.0,Đông,,,,Have certificate,,,24
"Hải Phòng, Lê Chân, Bán đất tại phố Đào Nhuận",90.0,4.5,14.0,Đông - Bắc,,,,Have certificate,,9.2,24
"Hải Phòng, Ngô Quyền, Bán đất tại đường Lê Quang Đạo",100.0,5.0,25.0,Tây - Nam,,,,Have certificate,,13.2,24
"Hải Phòng, Ngô Quyền, Bán đất tại đường Lê Lai",48.0,4.0,15.0,Đông - Bắc,,,,Have certificate,,6.15,24
"Hải Phòng, Lê Chân, Bán đất tại phố Trực Cát",112.0,5.0,15.0,Đông - Nam,,,,Have certificate,,9.45,24
"Hải Phòng, Lê Chân, Bán đất tại đường Trại Lẻ",81.0,4.5,15.0,Đông - Bắc,,,,,,10.3,24
"Hải Phòng, Ngô Quyền, Bán đất tại đường Lê Lai",48.0,4.0,13.0,Đông - Bắc,,,,Have certificate,,5.2,24
"Hải Phòng, Lê Chân, Bán đất tại phố Trần Nguyên Hãn",78.0,4.8,15.0,Đông - Nam,,,,Have certificate,,10.3,24
"Hải Phòng, Lê Chân, Bán đất tại phường An Biên",303.0,13.5,15.0,Tây - Bắc,,,,Have certificate,,39.3,24
"Thái Nguyên, Phú Bình, Bán đất tại xã Tân Thành",197.0,7.0,6.0,,,,,Have certificate,,0.75,25
"Thanh Hóa, Nông Cống, Bán đất tại xã Tượng Sơn",240.0,6.0,,,,,,,,0.96,25
"Lâm Đồng, Bảo Lâm, Bán đất tại xã Lộc Quảng",1000.0,10.0,,,,,,Have certificate,,4.5,25
"Đồng Nai, Nhơn Trạch, Bán đất tại đường Nguyễn Thị Chơn",1200.0,,,,,,,Have certificate,,2.0,25
"Nam Định, Giao Thủy, Bán đất tại thị trấn Quất Lâm",60.0,5.0,,,,,,Have certificate,,,25
"Hồ Chí Minh, Quận 9, Bán đất tại đường Số 6",186.5,12.1,4.0,,,,,,,7.6,25
"Hồ Chí Minh, Quận 9, Bán đất tại đường Số 12",68.8,,8.0,,,,,Have certificate,,4.3,25
"Khánh Hòa, Nha Trang, Bán đất tại đường 23/10",285.0,6.5,30.0,Nam,,,,Have certificate,,9.0,22
"Bình Phước, Phú Riềng, Bán đất tại đường ĐT 757",150.0,5.0,6.0,,,,,Have certificate,,0.34,25
"Tây Ninh, Dương Minh Châu, Bán đất tại xã Bàu Năng",194.7,6.0,4.2,Đông - Bắc,,,,Have certificate,,0.75,25
"Hà Nội, Hoài Đức, Bán đất tại xã Đắc Sở",105.9,,,,,,,,,,25
"Hải Dương, Kim Thành, Bán đất tại đường Quốc Lộ 5",68.0,5.8,4.0,Tây - Bắc,,,,Have certificate,,0.83,25
"Hà Nội, Quốc Oai, Bán đất tại xã Phú Mãn",570.0,10.0,,,,,,Have certificate,,,25
"Đà Nẵng, Sơn Trà, Bán đất tại đường Nguyễn Trực",250.0,10.0,,,,,,Have certificate,,,25
"Đà Nẵng, Sơn Trà, Bán đất tại đường Thành Vinh",270.0,16.0,,,,,,Have certificate,,34.0,25
"Đà Nẵng, Sơn Trà, Bán đất tại đường Nguyễn Thị Hồng",67.5,4.5,5.0,Đông - Nam,,,,Have certificate,,7.8,25
"Hồ Chí Minh, Quận 12, Bán đất tại đường Huỳnh Thị Hai",68.0,4.0,6.0,,,,,Have certificate,,4.9,25
"Long An, Đức Hòa, Bán đất tại thị trấn Đức Hòa",300.0,,,,,,,Have certificate,,3.6,22
"Tây Ninh, Dương Minh Châu, Bán đất tại đường Kênh Đông",1138.4,30.0,20.0,,,,,Have certificate,,0.65,25
"Bà Rịa Vũng Tàu, Long Đất, Bán đất tại xã Long Tân",377.0,30.0,6.0,Đông - Nam,,,,Have certificate,,3.9,25
"Bình Dương, Dầu Tiếng, Bán đất tại đường ĐT 704",268.3,5.0,8.0,,,,,Have certificate,,2.28,25
"Bình Dương, Dầu Tiếng, Bán đất tại đường ĐT 704",234.3,5.5,8.0,,,,,Have certificate,,2.0,25
"Bình Dương, Dầu Tiếng, Bán đất tại đường ĐT 704",184.0,7.0,,,,,,Have certificate,,1.56,25
"Đà Nẵng, Liên Chiểu, Bán đất tại đường Đào Nghiễm",100.0,5.0,7.5,Nam,,,,Have certificate,,4.55,25
"Hồ Chí Minh, Củ Chi, Bán đất tại phố Bàu Lách",2177.0,,,Tây,,,,Have certificate,,55.0,25
"Hà Nội, Sóc Sơn, Bán đất tại đường Võ Nguyên Giáp",100.0,5.0,5.0,Đông - Bắc,,,,Have certificate,,2.65,25
"Đồng Nai, Long Thành, Bán đất tại xã Bàu Cạn",600.0,12.0,8.0,,,,,Have certificate,,6.0,25
"Ninh Thuận, Thuận Nam, Bán đất tại đường Văn Lâm",14670.0,110.0,40.0,Bắc,,,,Have certificate,,28.0,25
"Khánh Hòa, Ninh Hòa, Bán đất tại đường 1",1000.0,30.0,4.0,Đông - Nam,,,,Have certificate,,7.2,25
"Hồ Chí Minh, Củ Chi, Bán đất tại đường Bùi Thị Lành",165.0,5.0,5.0,Đông - Bắc,,,,Have certificate,,1.8,25
"Hà Nội, Ba Vì, Bán đất tại đường ĐT 87",354.9,9.5,7.0,Bắc,,,,Have certificate,,2.9,22
"Hồ Chí Minh, Thủ Đức, Bán đất tại đường Số 138",281.1,,,,,,,,,25.0,25
"Long An, Cần Giuộc, Bán đất tại đường Đinh Đức Thiện",90.0,5.0,8.0,,,,,Have certificate,,1.5,23
"Bà Rịa Vũng Tàu, Long Đất, Bán đất tại đường Nguyễn Văn Quyết",714.0,4.1,4.5,Đông - Nam,,,,Have certificate,,5.5,25
"Nam Định, Giao Thủy, Bán đất tại thị trấn Quất Lâm",100.0,5.0,6.0,Đông - Nam,,,,Have certificate,,1.02,25
"Hồ Chí Minh, Quận 9, Bán đất tại đường Nguyễn Duy Trinh",93.5,8.0,8.0,Đông - Bắc,,,,Have certificate,,6.29,25
"Quảng Ninh, Hạ Long, Bán đất tại xã Lê Lợi",160.2,8.5,,,,,,,,1.89,25
"Hải Phòng, Dương Kinh, Bán đất tại đường Anh Dũng 7",290.0,14.5,15.0,Tây - Nam,,,,Sale contract,,8.41,25
"Hồ Chí Minh, Quận 9, Bán đất tại đường Số 822",338.0,,4.0,,,,,Have certificate,,12.0,25
"Phú Thọ, Việt Trì, Bán đất tại xã Thanh Đình",328.0,8.0,8.0,,,,,Have certificate,,2.65,25
"Lâm Đồng, Bảo Lâm, Bán đất tại đường Quốc Lộ 20",175.0,6.0,,,,,,Have certificate,,2.6,25
"Thái Nguyên, Đại Từ, Bán đất tại đường 261",108.0,6.0,,Đông - Nam,,,,Sale contract,,,25
"Vĩnh Phúc, Tam Đảo, Bán đất tại thị trấn Tam Đảo",425.0,15.0,,,,,,Have certificate,,32.0,25
"Đồng Nai, Biên Hòa, Bán đất tại đường Huỳnh Văn Nghệ",95.6,,,,,,,Have certificate,,1.3,25
"Long An, Bến Lức, Bán đất tại xã Thạnh Lợi",21641.2,51.7,5.0,Đông - Nam,,,,Have certificate,,16.0,25
"Khánh Hòa, Ninh Hòa, Bán đất tại đường Lê Hồng Phong",236.0,8.0,5.0,Bắc,,,,Have certificate,,0.02,25
"Hồ Chí Minh, Quận 9, Bán đất tại đường Số 6",100.0,5.0,5.0,Tây - Nam,,,,Have certificate,,4.55,25
"Khánh Hòa, Diên Khánh, Bán đất tại xã Diên Lâm",15000.0,,4.0,,,,,Have certificate,,0.6,25
"Quảng Ngãi, Quảng Ngãi, Bán đất tại xã Nghĩa An",205.0,10.0,15.5,Tây,,,,Have certificate,,2.7,25
"Hà Nội, Đông Anh, Bán đất tại đường Vân Trì",108.0,5.6,4.0,,,,,Have certificate,,8.8,25
"Hà Nội, Thường Tín, Bán đất tại xã Ninh Sở",35.0,4.9,2.5,,,,,Have certificate,,2.7,25
"Vĩnh Phúc, Vĩnh Yên, Bán đất tại đường Lương Thế Vinh",100.0,,,,,,,Have certificate,,,25
"Đồng Nai, Cẩm Mỹ, Bán đất tại xã Sông Ray",7969.9,,,,,,,Have certificate,,6.5,19
"Đà Nẵng, Hải Châu, Bán đất tại đường Đảo Xanh 5",400.0,16.1,7.5,Tây,,,,Have certificate,,55.0,25
"Bình Định, Phù Cát, Bán đất tại đường ĐT 639",168.0,7.0,20.0,,,,,Have certificate,,1.7,25
"Hồ Chí Minh, Nhà Bè, Bán đất tại đường Nguyễn Bình",6182.0,,,,,,,Have certificate,,18.5,25
"Bình Dương, Thuận An, Bán đất tại phường An Thạnh",134.0,,,,,,,Have certificate,,3.5,25
"Tây Ninh, Gò Dầu, Bán đất tại đường Nông Trường",1500.0,15.0,30.0,Đông - Bắc,,,,Have certificate,,3.8,25
"Hồ Chí Minh, Củ Chi, Bán đất tại phố Bàu Lách",2374.0,25.0,100.0,Tây,,,,Have certificate,,55.0,25
"Long An, Thủ Thừa, Bán đất tại đường Phan Văn Tình",64.0,4.0,8.0,Nam,,,,Have certificate,,0.85,25
"Hòa Bình, Hòa Bình, Bán đất tại đường Trương Hán Siêu",170.6,7.11,6.0,,,,,Have certificate,,2.36,25
"Hồ Chí Minh, Gò Vấp, Bán đất tại đường Nguyễn Thái Sơn",75.9,5.89,2.0,Tây - Bắc,,,,Have certificate,,7.2,25
"Quảng Ninh, Vân Đồn, Bán đất tại xã Đoàn Kết",110000.0,,,,,,,Have certificate,,80.0,25
"Bắc Ninh, Gia Bình, Bán đất tại xã Xuân Lai",130.0,5.0,4.5,,,,,Have certificate,,4.2,25
"Hồ Chí Minh, Hóc Môn, Bán đất tại đường Nguyễn Văn Bứa",7700.0,70.0,34.0,,,,,,,40.0,25
"Bình Dương, Dầu Tiếng, Bán đất tại đường DH707",1239.7,10.0,12.0,,,,,Have certificate,,0.85,25
"Khánh Hòa, Vạn Ninh, Bán đất tại xã Vạn Thạnh",100.0,5.0,7.0,,,,,Have certificate,,2.7,25
"Khánh Hòa, Ninh Hòa, Bán đất tại đường Quốc Lộ 26",1030.0,10.0,20.0,,,,,Have certificate,,2.0,25
"Bắc Ninh, Yên Phong, Bán đất tại xã Long Châu",79.0,6.5,3.0,,,,,Have certificate,,1.98,25
"Bình Dương, Thủ Dầu Một, Bán đất tại đường Nguyễn Thái Bình",239.6,10.0,3.0,Tây - Nam,,,,Have certificate,,3.6,25
"Thanh Hóa, Nga Sơn, Bán đất tại xã Nga An",94.0,5.1,5.0,Đông - Nam,,,,Have certificate,,0.39,25
"Khánh Hòa, Ninh Hòa, Bán đất tại đường Yết Kiêu",264.0,10.0,10.0,Tây - Nam,,,,Have certificate,,5.0,25
"Hà Nội, Đông Anh, Bán đất tại đường Võ Văn Kiệt",56.0,5.0,3.0,,,,,Have certificate,,4.65,22
"Hà Nội, Quốc Oai, Bán đất tại đường Láng Hòa Lạc",129.9,9.79,3.5,Đông - Bắc,,,,Have certificate,,5.0,25
"Hòa Bình, Hòa Bình, Bán đất tại phường Thái Bình",481.2,21.7,5.0,Đông - Bắc,,,,Have certificate,,0.99,25
"Bình Dương, Bến Cát, Bán đất tại phường Hòa Lợi",1846.4,5.38,6.0,Bắc,,,,Have certificate,,3.08,25
"Hưng Yên, Mỹ Hào, Bán đất tại đường 5",99.0,5.0,4.5,,,,,Have certificate,,2.38,25
"Thừa Thiên Huế, Phong Điền, Bán đất tại thị trấn Phong Điền",202.9,5.05,,Tây - Nam,,,,,,0.4,25
"Hà Nội, Chương Mỹ, Bán đất tại xã Trung Hòa",155.0,,,,,,,,,1.37,25
"Hà Nội, Chương Mỹ, Bán đất tại đường Quốc lộ 6",160.0,4.1,,Đông - Nam,,,,Have certificate,,9.6,25
"Quảng Ninh, Hạ Long, Bán đất tại phường Hà Phong",109.3,4.6,,,,,,,,2.23,25
"Quảng Ninh, Hạ Long, Bán đất tại xã Thống Nhất",294.4,,6.0,Tây - Nam,,,,Have certificate,,1.78,25
"Quảng Ninh, Uông Bí, Bán đất tại phường Vàng Danh",167.1,7.5,4.0,Nam,,,,Have certificate,,0.35,25
"Quảng Ninh, Hạ Long, Bán đất tại phường Hoành Bồ",199.8,14.5,5.0,Tây - Bắc,,,,Have certificate,,1.01,25
"Bắc Ninh, Thuận Thành, Bán đất tại xã An Bình",89.0,5.0,3.0,,,,,Have certificate,,2.6,25
"Đồng Nai, Biên Hòa, Bán đất tại phường Tân Phong",133.0,6.0,5.0,Tây,,,,Have certificate,,3.0,25
"Thừa Thiên Huế, Huế, Bán đất tại xã Thủy An",122.0,5.0,,,,,,,,1.03,25
"Bình Dương, Thuận An, Bán đất tại đường N2",109.7,7.1,,Nam,,,,,,3.2,25
"Hòa Bình, Hòa Bình, Bán đất tại đường Tôn Thất Thuyết",191.6,12.52,5.0,Tây - Bắc,,,,Have certificate,,1.47,25
"Quảng Ninh, Uông Bí, Bán đất tại phường Vàng Danh",211.2,,,,,,,,,0.45,25
"Lâm Đồng, Đức Trọng, Bán đất tại xã Phú Hội",99.0,,150.0,,,,,Have certificate,,1.2,26
"Long An, Bến Lức, Bán đất tại xã Thanh Phú",201.9,10.0,5.0,Nam,,,,Have certificate,,1.95,26
"Đà Nẵng, Cẩm Lệ, Bán đất tại phố Phạm Sư Mạnh",125.0,5.0,5.0,Bắc,,,,Have certificate,,6.45,26
"Thanh Hóa, Quảng Xương, Bán đất tại xã Quảng Văn",220.0,,,,,,,,,0.41,26
"Long An, Đức Huệ, Bán đất tại xã Bình Hòa Bắc",300.0,5.0,12.0,,,,,Have certificate,,0.69,26
"Hà Nội, Long Biên, Bán đất tại đường Ô Cách",65.0,5.0,,,,,,,,10.5,26
"Khánh Hòa, Nha Trang, Bán đất tại đường Nguyễn Tất Thành",86.6,,23.0,,,,,Have certificate,,6.5,26
"Khánh Hòa, Nha Trang, Bán đất tại đường Vườn Xoài",68.9,7.0,3.0,Tây - Bắc,,,,Have certificate,,1.45,26
"Hồ Chí Minh, Củ Chi, Bán đất tại đường 151",2597.0,26.0,3.0,,,,,Have certificate,,31.0,25
"Bình Thuận, Hàm Thuận Bắc, Bán đất tại đường Quốc lộ 28",119.0,4.25,20.0,,,,,Have certificate,,4.0,26
"Bình Phước, Chơn Thành, Bán đất tại xã Minh Thành",300.0,5.0,16.0,Đông - Bắc,,,,Have certificate,,2.3,23
"Hà Nam, Phủ Lý, Bán đất tại xã Đinh Xá",225.0,14.0,,Đông - Nam,,,,Have certificate,,0.1,26
"Hồ Chí Minh, Thủ Đức, Bán đất tại đường 9",544.0,,,,,,,Have certificate,,24.0,23
"Hà Nội, Thường Tín, Bán đất tại xã Ninh Sở",31.5,4.9,2.0,,,,,Have certificate,,2.6,26
"Hà Nội, Thanh Trì, Bán đất tại đường Yên Xá",70.0,5.0,2.0,Tây - Nam,,,,Have certificate,,0.13,26
"Hồ Chí Minh, Quận 9, Bán đất tại đường Bưng Ông Thoàn",80.0,4.0,4.0,,,,,Have certificate,,4.7,26
"Hải Phòng, An Lão, Bán đất tại xã An Thọ",72.0,6.2,7.0,Tây - Nam,,,,Have certificate,,1.75,26
"Hà Nội, Chương Mỹ, Bán đất tại đường Nguyễn Anh Trỗi",98.3,6.0,10.0,,,,,Have certificate,,2.4,26
"Hồ Chí Minh, Quận 9, Bán đất tại đường Trường Lưu",80.0,5.0,10.0,,,,,Have certificate,,4.35,26
"Bình Phước, Bù Đăng, Bán đất tại đường Quốc lộ 14",8865.0,75.0,,,,,,Have certificate,,25.6,26
"Hòa Bình, Lạc Thủy, Bán đất tại thị trấn Ba Hàng Đồi",100.0,6.0,,,,,,Have certificate,,0.6,26
"Bình Phước, Bù Đăng, Bán đất tại đường Quốc lộ 14",12260.0,90.0,,,,,,Have certificate,,27.6,26
"Bình Thuận, Hàm Thuận Bắc, Bán đất tại xã Hàm Đức",3960.0,20.0,2.0,,,,,Have certificate,,0.6,26
"Long An, Thủ Thừa, Bán đất tại đường Tỉnh Lộ 818",10000.0,,,,,,,Have certificate,,0.0,26
"Long An, Cần Giuộc, Bán đất tại xã Tân Tập",100.0,5.0,12.0,,,,,Have certificate,,2.5,26
"Đồng Nai, Thống Nhất, Bán đất tại đường Tỉnh lộ 769",110.7,,,,,,,Have certificate,,2.6,23
"Bà Rịa Vũng Tàu, Châu Đức, Bán đất tại xã Láng Lớn",259.0,10.0,,Tây,,,,Have certificate,,1.4,26
"Hà Nội, Tây Hồ, Bán đất tại đường An Dương",72.0,4.3,5.0,,,,,Have certificate,,13.7,26
"Bình Thuận, Phan Thiết, Bán đất tại phường Xuân An",1022.0,,,,,,,Have certificate,,5.7,26
"Bình Định, Phù Cát, Bán đất tại xã Cát Hải",510.0,,,,,,,Have certificate,,1.5,26
"Bà Rịa Vũng Tàu, Phú Mỹ, Bán đất tại đường Võ Văn Kiệt",4100.0,41.0,,,,,,Have certificate,,15.0,26
"Vĩnh Phúc, Phúc Yên, Bán đất tại xã Ngọc Thanh",2021.0,28.0,12.0,Nam,,,,Have certificate,,0.01,26
"Hà Nội, Gia Lâm, Bán đất tại thị trấn Trâu Quỳ",113.0,5.4,13.0,Tây - Nam,,,,Have certificate,,17.1,26
"Hà Giang, Mèo Vạc, Bán đất tại xã Pả Vi",1039.0,22.0,9.0,Tây - Bắc,,,,Have certificate,,7.0,26
"Vĩnh Phúc, Phúc Yên, Bán đất tại xã Ngọc Thanh",123.8,5.6,8.0,Tây - Nam,,,,Have certificate,,1.68,26
"Đồng Nai, Long Thành, Bán đất tại đường Quốc Lộ 51",3038.0,20.0,32.0,,,,,Have certificate,,,26
"Bình Phước, Bù Đăng, Bán đất tại đường Nguyễn Thị Minh Khai",21458.0,100.0,,,,,,Have certificate,,22.2,26
"Đồng Nai, Biên Hòa, Bán đất tại đường Phước Tân - Giang Điền",550.0,30.0,6.0,,,,,Have certificate,,0.0,26
"Vĩnh Phúc, Phúc Yên, Bán đất tại xã Ngọc Thanh",914.0,,10.0,Đông - Nam,,,,Have certificate,,0.01,26
"Lâm Đồng, Đà Lạt, Bán đất tại đường Bạch Đằng",2150.0,33.0,20.0,Đông - Nam,,,,Have certificate,,60.0,26
"Đắk Nông, Gia Nghĩa, Bán đất tại xã Đắk R’Moan",4000.0,50.0,5.0,,,,,Have certificate,,0.55,26
"Hà Nội, Thanh Trì, Bán đất tại xã Tứ Hiệp",60.0,4.6,,,,,,Have certificate,,15.0,26
"Long An, Tân Hưng, Bán đất tại đường Tỉnh lộ 831",87.5,,,Đông - Bắc,,,,Have certificate,,0.27,26
"Hồ Chí Minh, Thủ Đức, Bán đất tại đường Số 1",618.0,30.0,6.0,Bắc,,,,Have certificate,,48.0,26
"Hà Nội, Nam Từ Liêm, Bán đất tại đường Tu Hoàng",52.0,5.0,2.0,Tây,,,,Have certificate,,7.0,26
"Bà Rịa Vũng Tàu, Vũng Tàu, Bán đất tại đường Đại An",190.0,9.5,20.0,Đông - Bắc,,,,Have certificate,,22.0,19
"Bình Định, Quy Nhơn, Bán đất tại xã Phước Mỹ",1388.0,16.0,4.0,Đông - Nam,,,,Have certificate,,2.2,26
"Long An, Kiến Tường, Bán đất tại phường 2",2862.0,21.0,10.0,Nam,,,,Have certificate,,9.8,26
"Đồng Tháp, Huyện Cao Lãnh, Bán đất tại đường Quốc Lộ 30",5269.0,24.27,,Đông,,,,,,22.0,26
"Bình Dương, Bến Cát, Bán đất tại phường Tân Định",288.6,6.0,5.0,Đông - Nam,,,,Have certificate,,1.52,26
"Thanh Hóa, Yên Định, Bán đất tại xã Yên Trường",107.3,6.0,,Tây - Nam,,,,Have certificate,,1.4,26
"Hà Nội, Quốc Oai, Bán đất tại đường Phú Mãn",269.5,10.0,8.0,Đông - Nam,,,,Have certificate,,4.0,26
"Thái Nguyên, Phổ Yên, Bán đất tại phố Trần Nguyên Hãn",270.0,9.0,12.0,,,,,Have certificate,,0.03,26
"Hà Nội, Quốc Oai, Bán đất tại đường Đồng Bèn",500.0,,,,,,,Have certificate,,0.01,26
"Hà Nội, Quốc Oai, Bán đất tại đường Hoà Thạch",100.0,5.0,10.0,Đông - Nam,,,,Have certificate,,3.0,26
"Bắc Ninh, Thuận Thành, Bán đất tại xã Mão Điền",81.3,4.75,4.0,Đông - Bắc,,,,Have certificate,,2.5,23
"Đà Nẵng, Cẩm Lệ, Bán đất tại đường Nguyễn Phước Lan",200.0,10.0,33.0,Đông - Bắc,,,,Have certificate,,35.0,26
"Hà Nội, Sơn Tây, Bán đất tại đường Tỉnh lộ 413",100.0,5.0,10.0,,,,,Have certificate,,1.3,26
"Bà Rịa Vũng Tàu, Phú Mỹ, Bán đất tại phường Hắc Dịch",213.0,5.0,6.0,Nam,,,,Have certificate,,0.95,26
"Đồng Nai, Biên Hòa, Bán đất tại đường Bùi Văn Hòa",125.0,5.0,3.0,Đông,,,,Have certificate,,2.85,26
"Quảng Ngãi, Sơn Tịnh, Bán đất tại xã Tịnh Thọ",124.0,5.0,4.0,Đông,,,,Have certificate,,0.45,26
"Hồ Chí Minh, Quận 9, Bán đất tại đường 26",143.0,5.0,4.0,,,,,Have certificate,,4.55,26
"Bình Dương, Thủ Dầu Một, Bán đất tại đường Trương Định",149.2,6.0,5.0,Đông - Nam,,,,Have certificate,,0.04,26
"Bà Rịa Vũng Tàu, Châu Đức, Bán đất tại xã Láng Lớn",161.0,5.0,6.0,Nam,,,,Have certificate,,0.65,26
"Lâm Đồng, Bảo Lâm, Bán đất tại đường Quốc Lộ 20",142.0,5.0,6.0,,,,,Have certificate,,1.95,26
"Hồ Chí Minh, Bình Chánh, Bán đất tại đường Liên ấp 4-5",1394.1,,3.64,,,,,Have certificate,,16.5,26
"Hà Nội, Quốc Oai, Bán đất tại xã Phú Cát",100.0,,,,,,,,,1.8,26
"Hà Nội, Sơn Tây, Bán đất tại xã Cổ Đông",100.0,7.0,5.0,,,,,Have certificate,,1.0,26
"Hồ Chí Minh, Bình Chánh, Bán đất tại đường Vườn Thơm",320.0,8.0,12.0,Đông - Nam,,,,Have certificate,,8.0,26
"Ninh Bình, Ninh Bình, Bán đất tại phố Phúc Trì",90.0,5.0,,,,,,,,4.5,26
"Đà Nẵng, Sơn Trà, Bán đất tại đường Phạm Hữu Kính",218.7,10.6,7.5,Nam,,,,Have certificate,,35.0,26
"Hà Nội, Đan Phượng, Bán đất tại đường N1",68.5,5.2,25.0,Đông - Bắc,,,,Have certificate,,8.0,26
"Hà Nội, Hoài Đức, Bán đất tại xã Tiền Yên",105.8,,,,,,,Have certificate,,10.0,26
"Cần Thơ, Ô Môn, Bán đất tại đường Tỉnh Lộ 923",933.0,,,Tây - Bắc,,,,Have certificate,,2.9,26
"Long An, Kiến Tường, Bán đất tại đường Lê Lợi",2179.0,,,,,,,Have certificate,,5.0,26
"Hồ Chí Minh, Quận 7, Bán đất tại phố Trần Xuân Soạn",7566.0,108.0,16.0,,,,,Have certificate,,730.0,26
"Hồ Chí Minh, Quận 7, Bán đất tại đường Đào Trí",17600.0,142.0,24.0,Đông,,,,Have certificate,,470.0,26
"Lạng Sơn, Hữu Lũng, Bán đất tại thị trấn Hữu Lũng",80.0,5.0,8.0,Đông - Bắc,,,,Have certificate,,2.2,26
"Hà Nội, Đông Anh, Bán đất tại đường Sơn Du",69.8,4.33,4.0,,,,,Have certificate,,6.15,24
"Đồng Nai, Nhơn Trạch, Bán đất tại đường Chòm Dầu",109.0,,,,,,,Have certificate,,2.3,26
"Lâm Đồng, Di Linh, Bán đất tại đường Quốc Lộ 20",254.4,5.0,6.0,Đông - Nam,,,,Have certificate,,0.68,26
"Bình Dương, Bàu Bàng, Bán đất tại xã Trừ Văn Thố",1201.0,95.0,8.0,Tây - Nam,,,,Have certificate,,2.5,26
"Khánh Hòa, Nha Trang, Bán đất tại đường Đô Lương",391.0,14.72,,,,,,,,27.0,26
"Hồ Chí Minh, Quận 9, Bán đất tại đường Bưng Ông Thoàn",60.0,4.0,8.0,Đông - Bắc,,,,Have certificate,,6.0,26
"Hà Nội, Chương Mỹ, Bán đất tại xã Tân Tiến",85.4,7.0,5.0,,,,,Have certificate,,,26
"Hưng Yên, Văn Giang, Bán đất tại đường DH20",115.0,7.5,7.0,Nam,,,,Have certificate,,,27
"Trà Vinh, Trà Vinh, Bán đất tại đường Trương Văn Kỉnh",434.0,10.6,3.5,Đông - Nam,,,,Have certificate,,2.6,27
"Bình Dương, Thủ Dầu Một, Bán đất tại đường Nguyễn Đức Thuận",169.4,5.0,10.0,Tây - Bắc,,,,Have certificate,,3.99,24
"Hà Nội, Sóc Sơn, Bán đất tại đường 14",1010.0,24.0,5.0,Đông - Nam,,,,Have certificate,,16.0,27
"Đồng Nai, Vĩnh Cửu, Bán đất tại đường Đồng Khởi",90.0,5.0,8.0,,,,,Have certificate,,1.2,27
"Hồ Chí Minh, Quận 9, Bán đất tại đường Trương Văn Thành",122.0,,,,,,,,,0.11,27
"Hà Nội, Đông Anh, Bán đất tại đường Võ Văn Kiệt",88.0,6.0,5.0,,,,,,,5.9,27
"Hòa Bình, Lương Sơn, Bán đất tại thị trấn Lương Sơn",392.0,24.0,30.0,,,,,Have certificate,,7.5,27
"Hòa Bình, Lạc Thủy, Bán đất tại xã Phú Thành",282.0,,,,,,,,,4.2,27
"Long An, Bến Lức, Bán đất tại đường Liên Xã",814.0,22.0,12.0,Đông,,,,Have certificate,,9.7,27
"Khánh Hòa, Vạn Ninh, Bán đất tại đường Xuân Tự 1",450.0,13.0,5.0,Tây,,,,Have certificate,,5.2,27
"Khánh Hòa, Vạn Ninh, Bán đất tại xã Vạn Lương",2039.3,42.0,30.0,Đông,,,,Have certificate,,0.03,27
"Kon Tum, Đăk Hà, Bán đất tại xã Hà Mòn",12500.0,,,,,,,Have certificate,,1.5,27
"Bà Rịa Vũng Tàu, Xuyên Mộc, Bán đất tại xã Bình Châu",167.1,6.0,8.0,,,,,Have certificate,,2.45,27
"Hồ Chí Minh, Thủ Đức, Bán đất tại đường Nguyễn Tuyển",319.1,15.0,16.0,,,,,Have certificate,,52.0,27
"Tiền Giang, Tân Phước, Bán đất tại đường Tỉnh lộ 867",1500.0,12.0,,,,,,Have certificate,,4.5,27
"Đồng Nai, Nhơn Trạch, Bán đất tại xã Phú Thạnh",114.0,6.0,,,,,,Sale contract,,0.03,27
"Bình Thuận, Phan Thiết, Bán đất tại xã Thiện Nghiệp",1000.0,,,,,,,Have certificate,,1.2,27
"Hồ Chí Minh, Nhà Bè, Bán đất tại đường Huỳnh Tấn Phát",200.0,7.0,30.0,Đông,,,,Have certificate,,17.9,27
"Kiên Giang, Rạch Giá, Bán đất tại đường Võ Trường Toản",656.0,6.95,8.0,Đông - Bắc,,,,Have certificate,,3.8,27
"Hà Nội, Đông Anh, Bán đất tại đường Thôn Đoài",56.0,6.0,3.0,,,,,Have certificate,,4.55,27
"Hà Nội, Chương Mỹ, Bán đất tại xã Nam Phương Tiến",105.0,,,,,,,Have certificate,,,27
"Kon Tum, KonTum, Bán đất tại xã Kroong",8500.0,110.0,5.0,Nam,,,,Have certificate,,0.99,27
"Hồ Chí Minh, Quận 6, Bán đất tại đường An Dương Vương",16000.0,140.0,,,,,,Have certificate,,700.0,27
"Đà Nẵng, Ngũ Hành Sơn, Bán đất tại đường Võ Nguyên Giáp",156.7,6.0,33.0,Đông - Bắc,,,,Have certificate,,,27
"Long An, Cần Đước, Bán đất tại đường Thái Thị Thiêu",863.5,25.0,,Đông,,,,Have certificate,,0.5,27
"Lâm Đồng, Đức Trọng, Bán đất tại xã Hiệp Thạnh",9000.0,,5.0,,,,,Have certificate,,12.6,27
"Quảng Ninh, Hải Hà, Bán đất tại đường Hoàng Hoa Thám",700.0,35.0,6.0,Đông - Nam,,,,Have certificate,,31.5,27
"Lâm Đồng, Bảo Lộc, Bán đất tại đường Mê Linh",216.0,10.0,10.0,Tây - Bắc,,,,Have certificate,,11.0,27
"Đà Nẵng, Hải Châu, Bán đất tại đường Nguyễn Văn Linh",225.0,9.0,20.0,Nam,,,,Have certificate,,75.0,27
"Đà Nẵng, Sơn Trà, Bán đất tại đường Bùi Hữu Nghĩa",164.0,8.3,3.75,Đông,,,,Have certificate,,19.5,27
"Đà Nẵng, Cẩm Lệ, Bán đất tại đường Trần Huấn",81.0,,10.0,Tây - Nam,,,,Have certificate,,7.3,27
"Đồng Tháp, Cao Lãnh, Bán đất tại đường Điện Biên Phủ",509.24,8.78,,,,,,,,15.5,27
"Kiên Giang, Rạch Giá, Bán đất tại phố Tôn Đức Thắng",1037.0,30.0,17.0,,,,,Have certificate,,,27
"Đà Nẵng, Cẩm Lệ, Bán đất tại phố Nguyễn Văn Ngọc",158.0,8.2,7.5,Đông,,,,Have certificate,,8.7,26
"Hà Nội, Đông Anh, Bán đất tại đường Võ Nguyên Giáp",76.0,5.0,6.0,Đông,,,,Have certificate,,0.1,27
"Bình Dương, Phú Giáo, Bán đất tại đường DH501",397.0,,,,,,,,,,27
"Đồng Nai, Long Thành, Bán đất tại xã Tam An",130.0,5.0,5.0,Đông - Nam,,,,Have certificate,,2.9,27
"Bình Thuận, La Gi, Bán đất tại phố Lương Định Của",75000.0,,,,,,,Have certificate,,60.0,27
"Bắc Ninh, Thuận Thành, Bán đất tại xã Trạm Lộ",86.6,8.7,4.5,Đông - Nam,,,,Have certificate,,1.85,27
"Thanh Hóa, Nga Sơn, Bán đất tại xã Nga Tân",148.0,5.0,15.0,Đông - Nam,,,,Have certificate,,0.56,27
"Quảng Nam, Hội An, Bán đất tại xã Cẩm Kim",289.0,21.0,4.0,,,,,Have certificate,,6.3,27
"Long An, Bến Lức, Bán đất tại đường Nguyễn Hữu Trí",128.0,10.0,200.0,Nam,,,,Have certificate,,2.6,27
"Bình Dương, Phú Giáo, Bán đất tại đường DH507",277.0,5.0,16.0,,,,,Have certificate,,0.51,27
"Bà Rịa Vũng Tàu, Châu Đức, Bán đất tại xã Láng Lớn",1440.0,45.0,8.0,Đông,,,,Have certificate,,4.95,27
"Lâm Đồng, Di Linh, Bán đất tại thị trấn Di Linh",4248.0,16.0,8.0,,,,,Have certificate,,,27
"Lâm Đồng, Di Linh, Bán đất tại xã Tân Nghĩa",11700.0,,,,,,,Have certificate,,,27
"Đà Nẵng, Hòa Vang, Bán đất tại xã Hòa Sơn",150.0,5.0,,,,,,Have certificate,,1.25,27
"Đà Nẵng, Sơn Trà, Bán đất tại đường Mỹ Khê 1",93.0,,,,,,,,,15.5,27
"Đắk Lắk, Ea Kar, Bán đất tại đường Liên Xã",892.0,10.0,5.0,Bắc,,,,Have certificate,,0.65,27
"Đà Nẵng, Hòa Vang, Bán đất tại xã Hòa Liên",150.0,,,,,,,,,2.55,27
"Đà Nẵng, Hòa Vang, Bán đất tại đường Hoà Sơn 6",100.0,,7.5,,,,,Have certificate,,2.75,27
"Đà Nẵng, Hòa Vang, Bán đất tại đường Hòa Liên 4",390.0,,7.5,,,,,Have certificate,,8.5,27
"Đà Nẵng, Liên Chiểu, Bán đất tại đường Bàu Mạc 20",90.0,,,,,,,,,4.8,27
"Đà Nẵng, Liên Chiểu, Bán đất tại đường Bàu Mạc 6",107.0,,5.5,Đông - Nam,,,,,,6.0,27
"Đà Nẵng, Hòa Vang, Bán đất tại đường ĐT 601",225.0,,5.5,,,,,Have certificate,,5.5,27
"Đồng Nai, Thống Nhất, Bán đất tại xã Hưng Lộc",95.0,8.0,8.0,Nam,,,,Have certificate,,1.05,27
"Long An, Bến Lức, Bán đất tại đường ĐT 830",100.0,,,Bắc,,,,Have certificate,,3.75,27
"Lâm Đồng, Bảo Lộc, Bán đất tại phường B'Lao",515.0,50.0,6.0,Bắc,,,,Have certificate,,2.1,27
"Hồ Chí Minh, Củ Chi, Bán đất tại xã An Phú",4139.0,40.0,,,,,,Have certificate,,0.0,28
"Đắk Lắk, Ea Kar, Bán đất tại xã Ea Păl",541.0,10.0,3.5,Bắc,,,,Have certificate,,0.2,28
"Hồ Chí Minh, Củ Chi, Bán đất tại xã An Phú",8680.0,,,,,,,Have certificate,,,28
"Lâm Đồng, Đà Lạt, Bán đất tại đường Mimosa",2590.0,18.0,,,,,,Have certificate,,0.01,28
"Tây Ninh, Bến Cầu, Bán đất tại xã Tiên Thuận",4696.0,,,,,,,,,,28
"Hồ Chí Minh, Củ Chi, Bán đất tại xã Trung Lập Hạ",11140.0,,,,,,,Have certificate,,650.0,28
"Đồng Nai, Vĩnh Cửu, Bán đất tại đường Cây Quéo",81.9,6.0,6.0,Tây - Bắc,,,,Have certificate,,1.22,28
"Bắc Ninh, Bắc Ninh, Bán đất tại đường Lãm Làng",90.0,,,,,,,Have certificate,,7.3,28
"Bà Rịa Vũng Tàu, Bà Rịa, Bán đất tại đường Nguyễn Trực",85.0,5.0,10.0,,,,,Have certificate,,2.27,28
"Hà Nội, Quốc Oai, Bán đất tại đường ĐT 421B",55.9,4.0,4.5,Nam,,,,Have certificate,,0.06,22
"Đồng Nai, Nhơn Trạch, Bán đất tại xã Đại Phước",195.5,9.0,5.0,Tây - Bắc,,,,Have certificate,,3.2,27
"Khánh Hòa, Vạn Ninh, Bán đất tại xã Vạn Lương",577.0,21.0,30.0,Đông - Nam,,,,Have certificate,,25.0,27
"Hà Nội, Quốc Oai, Bán đất tại xã Phú Cát",93.0,5.0,6.0,Tây - Nam,,,,Have certificate,,3.8,25
"Hà Nội, Thạch Thất, Bán đất tại xã Bình Yên",153.0,8.0,6.0,,,,,Have certificate,,0.04,27
"Tiền Giang, Mỹ Tho, Bán đất tại xã Phước Thạnh",278.3,5.0,3.0,Bắc,,,,Have certificate,,0.86,27
"Hồ Chí Minh, Nhà Bè, Bán đất tại đường Huỳnh Tấn Phát",95.8,5.0,4.0,,,,,Have certificate,,4.0,15
"Hưng Yên, Mỹ Hào, Bán đất tại xã Dương Quang",70.0,4.0,5.0,Đông,,,,Have certificate,,1.5,27
"Bà Rịa Vũng Tàu, Châu Đức, Bán đất tại đường Trần Hưng Đạo",270.0,15.0,24.0,Nam,,,,Have certificate,,5.4,27
"Tiền Giang, Mỹ Tho, Bán đất tại xã Phước Thạnh",915.4,5.46,3.0,Bắc,,,,Have certificate,,1.85,27
"Đà Nẵng, Thanh Khê, Bán đất tại đường Điện Biên Phủ",83.0,4.5,,Đông - Bắc,,,,Have certificate,,4.35,27
"Đà Nẵng, Ngũ Hành Sơn, Bán đất tại đường Đông Hải 7",252.0,14.0,5.5,,,,,Have certificate,,13.5,28
"Phú Thọ, Thanh Thủy, Bán đất tại đường Tỉnh Lộ 317",395.0,,,,,,,,,0.06,28
"Hòa Bình, Tân Lạc, Bán đất tại xã Mỹ Hoà",1635.0,,,,,,,Have certificate,,,28
"Bình Phước, Đồng Phú, Bán đất tại đường ĐT 741",1080.0,30.0,100.0,,,,,Have certificate,,0.51,28
"Quảng Ngãi, Mộ Đức, Bán đất tại xã Đức Lợi",197.8,6.0,12.0,,,,,Have certificate,,0.89,28
"Đà Nẵng, Hòa Vang, Bán đất tại xã Hòa Phú",340.0,9.0,5.5,Đông - Nam,,,,Have certificate,,1.9,28
"Long An, Tân Trụ, Bán đất tại đường Đan",110.7,4.0,4.0,Đông - Nam,,,,Have certificate,,0.33,28
"Quảng Ninh, Vân Đồn, Bán đất tại đường Liên Xã",436.4,10.0,17.0,Nam,,,,Have certificate,,0.07,28
"Lâm Đồng, Đức Trọng, Bán đất tại thị trấn Liên Nghĩa",313.0,20.0,6.0,Nam,,,,Have certificate,,10.5,28
"Bà Rịa Vũng Tàu, Châu Đức, Bán đất tại đường Số 1",1725.0,15.0,15.0,,,,,Have certificate,,21.0,25
"Đà Nẵng, Sơn Trà, Bán đất tại đường Nguyễn Phan Vinh",60.0,6.0,50.0,Tây - Nam,,,,Have certificate,,4.2,28
"Hà Nội, Thạch Thất, Bán đất tại đường 420",100.0,6.3,6.0,Nam,,,,Have certificate,,4.0,28
"Đà Nẵng, Sơn Trà, Bán đất tại đường Nguyễn Hữu An",183.0,10.0,7.5,Đông,,,,Have certificate,,0.09,28
"Bình Dương, Dĩ An, Bán đất tại đường Châu Thới",450.0,22.0,20.0,Đông - Bắc,,,,Have certificate,,31.0,28
"Bình Dương, Dĩ An, Bán đất tại đường Châu Thới",300.0,15.0,12.0,Đông - Nam,,,,Have certificate,,22.0,28
"Bình Dương, Dĩ An, Bán đất tại đường Quốc lộ 1K",480.0,3.5,9.0,Bắc,,,,Have certificate,,46.0,28
"Tây Ninh, Trảng Bàng, Bán đất tại đường Bời Lời",7000.0,9.0,10.0,Đông - Nam,,,,Have certificate,,6.0,23
"Bà Rịa Vũng Tàu, Long Đất, Bán đất tại xã Long Tân",424.0,30.0,6.0,Đông - Nam,,,,Have certificate,,4.2,28
"Đồng Tháp, Lai Vung, Bán đất tại đường Tỉnh lộ 852",750.0,14.0,16.0,Nam,,,,Have certificate,,3.6,28
"Hồ Chí Minh, Củ Chi, Bán đất tại đường Trung An",2906.0,,,,,,,Have certificate,,0.01,28
"Hòa Bình, Cao Phong, Bán đất tại đường Quốc Lộ 6",1423.0,37.0,10.0,Đông - Nam,,,,Have certificate,,1.1,28
"Lâm Đồng, Đức Trọng, Bán đất tại xã Tân Hội",133.3,5.0,8.0,Đông - Bắc,,,,Have certificate,,1.35,28
"Thanh Hóa, Như Thanh, Bán đất tại thị trấn Bến Sung",110.0,,,,,,,Have certificate,,0.55,28
"Hà Nội, Đông Anh, Bán đất tại đường Bắc Hồng",80.0,,3.5,,,,,Have certificate,,4.5,22
"Bình Định, Hoài Nhơn, Bán đất tại xã Hoài Xuân",133.0,6.0,,,,,,Have certificate,,1.5,28
"Hà Nội, Bắc Từ Liêm, Bán đất tại đường Cổ Nhuế",120.0,6.0,,,,,,,,33.0,14
"Hòa Bình, Lạc Thủy, Bán đất tại xã Phú Thành",5216.0,,,,,,,Have certificate,,0.0,28
"Hòa Bình, Lạc Thủy, Bán đất tại xã Phú Thành",1147.0,30.0,4.0,,,,,,,0.0,28
"Bình Phước, Chơn Thành, Bán đất tại đường Số 25",210.0,,,,,,,Have certificate,,0.38,28
"Tây Ninh, Tây Ninh, Bán đất tại đường Nguyễn Hữu Thọ",128.0,,,,,,,,,0.77,28
"Bình Phước, Đồng Phú, Bán đất tại đường ĐT 741",1000.0,6.0,100.0,,,,,Have certificate,,0.53,28
"Hồ Chí Minh, Bình Chánh, Bán đất tại đường Đoàn Nguyễn Tuấn",477.0,12.0,4.0,Nam,,,,Have certificate,,7.7,28
"Bình Dương, Dầu Tiếng, Bán đất tại xã Thanh An",288.0,,,,,,,Have certificate,,0.75,28
"Kiên Giang, Phú Quốc, Bán đất tại đường Ba Trại",800.0,20.0,4.5,Tây - Nam,,,,Have certificate,,3.15,28
"Long An, Bến Lức, Bán đất tại xã Thạnh Hòa",2170.0,24.0,3.0,,,,,Have certificate,,2.2,28
"Đà Nẵng, Ngũ Hành Sơn, Bán đất tại đường Dương Tôn Hải",90.0,5.0,5.5,Tây,,,,Have certificate,,4.25,28
"Cần Thơ, Bình Thủy, Bán đất tại đường Nguyễn Chí Thanh",232.0,8.0,10.0,Đông - Nam,,,,Have certificate,,,28
"Cần Thơ, Phong Điền, Bán đất tại đường Vàm Bi",104.0,4.5,7.0,Tây - Nam,,,,Have certificate,,0.55,28
"Phú Thọ, Thanh Thủy, Bán đất tại xã Tu Vũ",151.0,5.0,16.0,Đông,,,,Have certificate,,1.45,28
"Phú Thọ, Thanh Thủy, Bán đất tại đường ĐT 317E",206.0,6.0,6.0,,,,,Have certificate,,0.02,28
"Hải Phòng, An Dương, Bán đất tại đường Quốc Lộ 17B",145.0,11.0,3.0,Đông - Bắc,,,,Have certificate,,0.01,29
"Đồng Nai, Vĩnh Cửu, Bán đất tại đường 768",520.0,8.0,,,,,,,,2.5,29
"Hải Phòng, Ngô Quyền, Bán đất tại đường Lê Hồng Phong",1600.0,32.0,64.0,,,,,Have certificate,,0.26,29
"Lâm Đồng, Bảo Lộc, Bán đất tại đường Nguyễn Khuyến",180.0,,,,,,,,,10.0,29
"Đà Nẵng, Sơn Trà, Bán đất tại đường Chính Hữu",125.0,8.0,4.0,Đông - Bắc,,,,Have certificate,,11.2,29
"Bình Dương, Bến Cát, Bán đất tại đường 18",15632.0,50.0,8.0,Đông,,,,Have certificate,,0.0,29
"Lâm Đồng, Lâm Hà, Bán đất tại đường Tỉnh lộ 725",11000.0,100.0,4.0,Đông - Nam,,,,Have certificate,,6.8,29
"Quảng Bình, Quảng Ninh, Bán đất tại xã Hải Ninh",2400.0,40.0,20.0,,,,,Have certificate,,0.4,29
"Tây Ninh, Tây Ninh, Bán đất tại đường Nguyễn Văn Rốp",177.1,,,,,,,Have certificate,,2.3,29
"Bà Rịa Vũng Tàu, Phú Mỹ, Bán đất tại đường Võ Văn Kiệt",8363.0,,8.0,,,,,Have certificate,,23.0,4
"Nam Định, Hải Hậu, Bán đất tại xã Hải Xuân",90.0,5.0,,,,,,Have certificate,,1.0,29
"Bình Dương, Dĩ An, Bán đất tại phường Bình An",6200.0,10.0,5.0,Bắc,,,,Have certificate,,790.0,29
"Phú Thọ, Thanh Sơn, Bán đất tại xã Cự Đồng",90.0,5.0,6.0,,,,,Have certificate,,0.86,29
"Hà Nội, Phú Xuyên, Bán đất tại xã Phú Túc",508.0,29.0,4.0,Đông - Nam,,,,Have certificate,,0.01,29
"Hải Phòng, Hải An, Bán đất tại đường Cát Vũ",100.0,5.0,5.0,Tây - Nam,,,,Have certificate,,3.5,28
"Cần Thơ, Cái Răng, Bán đất tại đường Số 5",90.0,4.5,10.0,Tây - Nam,,,,Have certificate,,2.25,28
"Đà Nẵng, Sơn Trà, Bán đất tại đường Đinh Công Trứ",166.0,8.8,10.0,Tây - Nam,,,,Have certificate,,16.5,28
"Hà Nội, Phú Xuyên, Bán đất tại xã Phượng Dực",110.0,6.7,3.0,Đông - Nam,,,,Have certificate,,5.5,28
"Đồng Nai, Vĩnh Cửu, Bán đất tại đường Long Chiến",145.0,12.0,12.0,Đông,,,,Have certificate,,1.38,28
"Phú Thọ, Thanh Thủy, Bán đất tại xã Tu Vũ",108.0,5.0,16.0,,,,,Have certificate,,1.45,28
"Hồ Chí Minh, Quận 7, Bán đất tại đường Lâm Văn Bền",274.0,9.0,,,,,,Have certificate,,0.2,29
"Hà Nội, Ba Vì, Bán đất tại xã Cẩm Lĩnh",1674.0,18.0,8.0,,,,,Have certificate,,17.0,29
"Hà Nội, Sơn Tây, Bán đất tại xã Cổ Đông",100.0,,6.0,Đông - Nam,,,,Have certificate,,2.0,29
"Bình Định, Quy Nhơn, Bán đất tại phường Nhơn Phú",103.5,4.5,14.0,Tây - Nam,,,,Have certificate,,2.15,22
"Khánh Hòa, Nha Trang, Bán đất tại xã Vĩnh Hiệp",86.5,,,,,,,,,,29
"Hà Nội, Ba Vì, Bán đất tại xã Cẩm Lĩnh",1568.0,19.0,10.0,,,,,Have certificate,,16.0,29
"Đồng Nai, Vĩnh Cửu, Bán đất tại đường Tỉnh Lộ 768",100.0,5.0,20.0,,,,,Have certificate,,1.35,29
"Đồng Nai, Thống Nhất, Bán đất tại đường 769",420.0,8.0,8.0,Đông - Nam,,,,Have certificate,,2.9,29
"Long An, Kiến Tường, Bán đất tại xã Bình Hiệp",708.0,15.0,,,,,,,,1.8,29
"Đồng Nai, Vĩnh Cửu, Bán đất tại đường Tỉnh Lộ 768",90.0,5.0,8.0,,,,,Have certificate,,1.18,27
"Đồng Nai, Thống Nhất, Bán đất tại đường Tỉnh lộ 769",100.0,5.0,5.0,Đông - Bắc,,,,Have certificate,,0.89,29
"Đồng Nai, Thống Nhất, Bán đất tại đường 769",110.0,5.0,8.0,,,,,Have certificate,,0.75,29
"Quảng Nam, Đại Lộc, Bán đất tại xã Đại An",215.0,8.0,5.0,Đông - Nam,,,,Have certificate,,1.0,29
"Lâm Đồng, Đà Lạt, Bán đất tại đường 725",631.0,12.0,,,,,,Have certificate,,6.0,23
"Đồng Nai, Thống Nhất, Bán đất tại xã Gia Tân 3",3600.0,,,,,,,Have certificate,,1.4,29
"Hà Nội, Tây Hồ, Bán đất tại đường An Dương Vương",100.0,6.4,3.5,,,,,Have certificate,,23.0,29
"Hồ Chí Minh, Quận 9, Bán đất tại đường Hoàng Hữu Nam",187.2,6.0,,,,,,Have certificate,,22.0,29
"Quảng Bình, Quảng Ninh, Bán đất tại xã Hải Ninh",3000.0,50.0,20.0,,,,,Have certificate,,0.6,29
"Cần Thơ, Bình Thủy, Bán đất tại phường Long Hòa",2000.0,,,Tây - Nam,,,,Have certificate,,1.99,29
"Bà Rịa Vũng Tàu, Châu Đức, Bán đất tại xã Suối Rao",22015.0,35.0,30.0,Đông - Bắc,,,,Have certificate,,23.0,29
"Đồng Nai, Vĩnh Cửu, Bán đất tại xã Thạnh Phú",80.1,,,,,,,,,1.45,29
"Quảng Nam, Điện Bàn, Bán đất tại đường Trần Phú",300.0,33.0,33.0,Bắc,,,,Have certificate,,6.2,29
"Đà Nẵng, Ngũ Hành Sơn, Bán đất tại đường Hói Kiểng 2",110.0,,,,,,,,,5.5,29
"Quảng Ngãi, Bình Sơn, Bán đất tại xã Bình Châu",125.0,6.0,6.0,Tây - Bắc,,,,Have certificate,,1.2,29
"Nam Định, Giao Thủy, Bán đất tại xã Bạch Long",108.0,6.7,,Tây - Bắc,,,,Have certificate,,1.35,29
"Hồ Chí Minh, Củ Chi, Bán đất tại xã Phú Hòa Đông",6000.0,,,,,,,Have certificate,,36.0,29
"Hồ Chí Minh, Củ Chi, Bán đất tại xã Tân Thạnh Đông",1300.0,,,,,,,Have certificate,,14.0,29
"Hải Phòng, Ngô Quyền, Bán đất tại phường Đằng Giang",100.0,5.0,25.0,,,,,,,0.12,29
"Hà Nội, Sơn Tây, Bán đất tại xã Cổ Đông",100.0,6.49,,,,,,,,2.0,29
"Thanh Hóa, Thanh Hóa, Bán đất tại xã Quảng Đông",51.6,,,,,,,,,1.25,29
"Đắk Nông, Gia Nghĩa, Bán đất tại phường Nghĩa Trung",285.0,8.88,12.0,,,,,Have certificate,,2.39,29
"Đồng Nai, Long Khánh, Bán đất tại đường Điểu Xiển",4200.0,60.0,5.0,Bắc,,,,Have certificate,,0.9,29
"Hà Nội, Ba Vì, Bán đất tại xã Cẩm Lĩnh",1982.0,22.0,8.0,,,,,Have certificate,,13.0,29
"Hà Nội, Ba Vì, Bán đất tại xã Cẩm Lĩnh",1910.0,24.0,8.0,,,,,Have certificate,,14.0,29
"Lâm Đồng, Đức Trọng, Bán đất tại đường Quốc Lộ 20",4311.0,7.0,,,,,,Have certificate,,23.5,29
"Long An, Tân An, Bán đất tại phường 6",769.1,,,,,,,Have certificate,,27.0,29
"Long An, Tân Trụ, Bán đất tại đường ĐT 833",1945.0,4.0,,,,,,Have certificate,,16.0,29
"Hòa Bình, Mai Châu, Bán đất tại đường Quốc lộ 15",50.0,5.0,12.0,Nam,,,,Have certificate,,0.77,29
"Hà Nội, Mê Linh, Bán đất tại đường Tỉnh lộ 312",105.0,5.0,100.0,,,,,Have certificate,,0.09,29
"Đồng Nai, Trảng Bom, Bán đất tại đường Sông Thao",80.0,5.0,10.0,,,,,Have certificate,,3.86,29
"Hà Nội, Sơn Tây, Bán đất tại đường Đồng Trạng",100.0,,9.0,,,,,Have certificate,,2.1,27
"Đồng Nai, Long Khánh, Bán đất tại xã Hàng Gòn",2273.0,28.0,,,,,,,,4.4,29
"Đà Nẵng, Hòa Vang, Bán đất tại xã Hòa Liên",100.0,7.5,7.5,Tây - Nam,,,,Have certificate,,2.8,28
"Đồng Nai, Long Khánh, Bán đất tại xã Hàng Gòn",2000.0,20.0,5.0,,,,,Have certificate,,3.35,29
"Đồng Nai, Long Khánh, Bán đất tại xã Hàng Gòn",1288.0,20.0,,,,,,,,1.91,29
"Đồng Nai, Long Khánh, Bán đất tại xã Hàng Gòn",1000.0,,,,,,,,,1.3,29
"Đà Nẵng, Liên Chiểu, Bán đất tại đường Hòa Phú 25",100.0,5.0,7.5,Tây - Bắc,,,,Have certificate,,7.0,10
"Lâm Đồng, Bảo Lâm, Bán đất tại đường Quốc Lộ 20",138.0,5.0,,,,,,,,1.95,29
"Bình Dương, Dầu Tiếng, Bán đất tại đường ĐT 749B",220.0,5.0,10.0,,,,,Have certificate,,0.59,22
"Kiên Giang, Phú Quốc, Bán đất tại đường Nguyễn Trung Trực",216.0,12.0,8.0,Đông,,,,Have certificate,,2.55,29
"Hồ Chí Minh, Quận 6, Bán đất tại đường Số 24",648.0,24.0,,,,,,Have certificate,,96.0,26
"Bình Dương, Thuận An, Bán đất tại đường Bình Nhâm 88",1015.8,20.9,6.0,Đông - Bắc,,,,Have certificate,,0.01,29
"Bình Dương, Thuận An, Bán đất tại đường Vĩnh Phú 32",609.0,8.5,5.0,,,,,Have certificate,,9.79,29
"Quảng Nam, Núi Thành, Bán đất tại xã Tam Tiến",670.0,30.0,5.0,Đông - Nam,,,,,,9.0,29
"Bà Rịa Vũng Tàu, Châu Đức, Bán đất tại xã Bình Trung",1000.0,,,Đông - Nam,,,,Have certificate,,0.71,29
"Hồ Chí Minh, Thủ Đức, Bán đất tại đường Số 4",130.0,7.0,9.0,,,,,Have certificate,,9.1,29
"Tiền Giang, Mỹ Tho, Bán đất tại xã Phước Thạnh",2068.0,5.0,3.0,Bắc,,,,Have certificate,,4.65,29
"Lâm Đồng, Đà Lạt, Bán đất tại đường Phan Chu Trinh",500.0,13.8,10.0,Đông - Nam,,,,Have certificate,,4.0,29
"Long An, Cần Giuộc, Bán đất tại đường Ấp 2",358.0,28.0,28.0,Đông,,,,Have certificate,,0.01,29
"Hồ Chí Minh, Bình Chánh, Bán đất tại đường Hoàng Phan Thái",80.0,30.0,,,,,,Have certificate,,3.0,29
"Bắc Ninh, Thuận Thành, Bán đất tại xã Trạm Lộ",82.8,6.1,4.5,Tây - Nam,,,,Have certificate,,1.85,29
"Hồ Chí Minh, Quận 2, Bán đất tại đường Lưu Đình Lễ",3028.0,47.0,,,,,,,,640.0,29
"Hà Nội, Đông Anh, Bán đất tại đường Tiên Hùng",102.0,5.5,5.0,Bắc,,,,Have certificate,,5.65,29
"Lâm Đồng, Đức Trọng, Bán đất tại đường Quốc Lộ 20",4200.0,27.0,,,,,,Have certificate,,22.0,29
"Đồng Nai, Long Khánh, Bán đất tại xã Hàng Gòn",3000.0,56.0,,,,,,,,7.5,29
"Bình Định, Quy Nhơn, Bán đất tại phường Quang Trung",100.0,5.0,13.0,,,,,Have certificate,,4.0,29
"Đồng Nai, Long Thành, Bán đất tại xã Tân Hiệp",4881.5,,,,,,,Have certificate,,7.0,29
"Hải Phòng, Ngô Quyền, Bán đất tại đường Đông Khê",68.6,4.0,3.0,Đông - Nam,,,,Have certificate,,3.8,29
"Long An, Đức Huệ, Bán đất tại xã Mỹ Thạnh Đông",150.0,5.0,,Tây,,,,Have certificate,,0.3,29
"Hồ Chí Minh, Thủ Đức, Bán đất tại đường 104",352.0,12.2,6.0,Bắc,,,,Have certificate,,0.05,29
"Hải Phòng, Ngô Quyền, Bán đất tại đường Bạch Thái Bưởi",59.6,4.96,30.0,Đông,,,,Have certificate,,8.2,29
"Hải Phòng, Ngô Quyền, Bán đất tại đường Đông Khê",61.6,3.95,20.0,Tây - Nam,,,,Have certificate,,7.2,29
"Khánh Hòa, Cam Lâm, Bán đất tại xã Cam Tân",100.0,5.0,3.0,Đông - Nam,,,,Have certificate,,0.7,29
"Hà Nội, Hoài Đức, Bán đất tại xã Di Trạch",98.0,,9.0,,,,,Have certificate,,12.0,29
"Hồ Chí Minh, Hóc Môn, Bán đất tại đường Lê Thị Lơ",159.0,10.0,10.0,Tây - Bắc,,,,Have certificate,,5.2,29
"Lâm Đồng, Bảo Lộc, Bán đất tại đường Đoàn Thị Điểm",4021.0,88.5,4.0,Tây - Nam,,,,Have certificate,,12.6,29
"Bình Dương, Dĩ An, Bán đất tại phường Bình An",510.0,20.0,15.0,Đông - Nam,,,,Have certificate,,29.0,29
"Bình Thuận, Phan Thiết, Bán đất tại đường Hồ Xuân Hương",640.0,21.5,,,,,,Have certificate,,12.5,29
"Hà Nội, Hoài Đức, Bán đất tại đường Quốc lộ 32",67.0,5.5,30.0,,,,,Have certificate,,12.5,29
"Nam Định, Ý Yên, Bán đất tại xã Hồng Quang",200.0,5.1,15.0,,,,,Have certificate,,7.8,29
"Đồng Nai, Vĩnh Cửu, Bán đất tại xã Thạnh Phú",75.0,,,,,,,Have certificate,,1.12,29
"Hồ Chí Minh, Thủ Đức, Bán đất tại đường Phạm Văn Đồng",68.8,4.5,5.0,,,,,Have certificate,,6.1,29
"Đắk Lắk, Buôn Đôn, Bán đất tại xã Ea Bar",654.0,5.0,5.0,,,,,Have certificate,,1.5,29
"Hồ Chí Minh, Thủ Đức, Bán đất tại đường Hiệp Bình",52.0,4.0,5.0,,,,,Have certificate,,4.8,29
"Đồng Nai, Vĩnh Cửu, Bán đất tại xã Tân Bình",84.0,,6.0,,,,,Have certificate,,1.3,29
"Hà Nội, Hoài Đức, Bán đất tại đường Quốc lộ 32",64.0,5.0,11.0,Tây - Nam,,,,Have certificate,,11.0,29
"Hồ Chí Minh, Quận 9, Bán đất tại đường Đình Phong Phú",115.0,5.8,7.0,,,,,Have certificate,,8.39,29
"Hồ Chí Minh, Củ Chi, Bán đất tại đường Nguyễn Thị Lèn",71837.0,100.0,6.0,,,,,Have certificate,,350.0,29
"Quảng Nam, Thăng Bình, Bán đất tại xã Bình Dương",3171.0,46.5,7.5,Tây - Bắc,,,,Have certificate,,0.01,29
"Quảng Nam, Thăng Bình, Bán đất tại đường Võ Chí Công",1032.0,32.0,6.0,Đông - Nam,,,,Have certificate,,0.01,29
"Hồ Chí Minh, Quận 9, Bán đất tại đường Võ Văn Hát",86.0,8.0,8.0,Tây - Bắc,,,,Have certificate,,5.75,29
"Quảng Nam, Thăng Bình, Bán đất tại xã Bình Dương",1277.0,15.0,7.5,Đông - Nam,,,,Have certificate,,0.01,29
"Hòa Bình, Lạc Sơn, Bán đất tại đường Quốc Lộ 12B",124.0,5.0,6.0,Đông - Nam,,,,Have certificate,,,24
"Hồ Chí Minh, Quận 9, Bán đất tại đường Võ Văn Hát",91.5,6.0,6.0,,,,,Have certificate,,5.85,29
"Hà Nội, Chương Mỹ, Bán đất tại xã Phụng Châu",71.0,5.4,2.4,Đông,,,,Have certificate,,3.3,24
"Trà Vinh, Trà Vinh, Bán đất tại đường Lê Lợi",75.0,5.0,6.0,Bắc,,,,Have certificate,,1.15,27
"Hồ Chí Minh, Quận 9, Bán đất tại đường Long Phước",102.0,16.0,16.0,,,,,Have certificate,,6.3,29
"Hồ Chí Minh, Quận 2, Bán đất tại đường Nguyễn Văn Kỉnh",135.0,,20.0,,,,,Have certificate,,32.0,29
"Hồ Chí Minh, Quận 2, Bán đất tại đường Số 46-CL",140.0,7.0,12.0,,,,,Have certificate,,9.2,29
"Đà Nẵng, Thanh Khê, Bán đất tại đường Nguyễn Tất Thành",125.0,5.0,,,,,,Have certificate,,0.12,29
"Tiền Giang, Mỹ Tho, Bán đất tại đường Quốc Lộ 50",6966.0,54.0,50.0,Nam,,,,Have certificate,,110.0,30
"Bình Dương, Dầu Tiếng, Bán đất tại đường ĐT 749B",700.0,10.0,,,,,,,,1.6,30
"Tây Ninh, Hòa Thành, Bán đất tại đường Trịnh Phong Đáng",77.0,5.0,10.0,,,,,Have certificate,,0.9,30
"Hà Nội, Thạch Thất, Bán đất tại đường Tỉnh lộ 420",100.0,8.88,4.0,,,,,Have certificate,,2.0,30
"Quảng Ninh, Cô Tô, Bán đất tại đường Lạc Long Quân",300.0,15.0,15.0,,,,,,,0.03,30
"Hòa Bình, Lương Sơn, Bán đất tại xã Cao Dương",91.0,5.0,6.0,,,,,Have certificate,,0.36,30
"Đắk Lắk, Buôn Đôn, Bán đất tại xã Ea Nuôl",371.0,10.0,10.0,,,1,1,Have certificate,Basic,4.5,30
"Bình Phước, Đồng Phú, Bán đất tại đường Quốc lộ 14",250.0,5.0,4.0,Đông - Nam,,,,Have certificate,,0.35,30
"Thừa Thiên Huế, Huế, Bán đất tại đường Bùi Thị Xuân",220.0,,,,,,,,,0.06,30
"Hà Nội, Thạch Thất, Bán đất tại xã Bình Yên",86.9,5.6,6.0,Đông - Nam,,,,Have certificate,,0.04,30
"Hà Nội, Quốc Oai, Bán đất tại xã Hòa Thạch",101.0,6.2,,,,,,Have certificate,,,30
"Hồ Chí Minh, Thủ Đức, Bán đất tại đường 11",1660.8,,,,,,,,,38.0,19
"Hòa Bình, Lạc Thủy, Bán đất tại đường Hồ Chí Minh",200.0,8.0,6.0,,,,,Have certificate,,2.3,29
"Hòa Bình, Lạc Sơn, Bán đất tại đường Quốc Lộ 12B",130.0,5.0,6.0,Đông - Bắc,,,,Have certificate,,,24
"Bắc Ninh, Bắc Ninh, Bán đất tại đường Khả Lễ",81.0,,12.0,,,,,,,8.0,30
"Quảng Ninh, Cô Tô, Bán đất tại đường Lạc Long Quân",575.0,20.0,15.0,,,,,Have certificate,,,30
"Quảng Ninh, Cô Tô, Bán đất tại xã Thanh Lân",300.0,,,,,,,Have certificate,,0.01,30
"Bà Rịa Vũng Tàu, Long Đất, Bán đất tại đường Nguyễn Văn Hưng",303.0,,10.0,,,,,Have certificate,,1.39,30
"Bà Rịa Vũng Tàu, Xuyên Mộc, Bán đất tại đường Tỉnh Lộ 329",1375.0,7.0,24.0,Đông - Bắc,,,,Have certificate,,3.0,30
"Quảng Ninh, Cẩm Phả, Bán đất tại phố Lý Thường Kiệt",123.7,4.17,9.9,Tây - Nam,,,,Have certificate,,2.6,30
"Đà Nẵng, Cẩm Lệ, Bán đất tại đường Tôn Đản",117.0,5.0,10.0,Bắc,,,,Have certificate,,6.0,30
"Hà Nội, Thạch Thất, Bán đất tại đường Liên Xã",93.0,6.0,15.0,,,,,Have certificate,,4.48,30
"Hà Nội, Quốc Oai, Bán đất tại đường Vai Réo",186.0,28.0,15.0,,,,,Have certificate,,,30
"Hà Nội, Quốc Oai, Bán đất tại đường Vai Réo",150.0,22.0,15.0,,,,,Have certificate,,,24
"Long An, Châu Thành, Bán đất tại đường Tỉnh 827B",100.8,4.2,6.0,,,,,Have certificate,,0.36,30
"Đà Nẵng, Cẩm Lệ, Bán đất tại đường Phước Tường 14",95.0,5.0,5.5,Nam,,,,Have certificate,,3.85,30
"Hà Nội, Hoài Đức, Bán đất tại đường 442",50.0,5.23,11.0,,,,,Have certificate,,0.15,30
"Hà Nội, Hoài Đức, Bán đất tại xã An Khánh",74.8,,11.5,,,,,,,,25
"Hà Nội, Hoài Đức, Bán đất tại đường Liên Khu 8",60.0,,11.0,,,,,Have certificate,,,25
"Hà Nội, Đan Phượng, Bán đất tại đường Quốc lộ 32",66.0,5.5,11.0,,,,,Have certificate,,0.15,30
"Khánh Hòa, Diên Khánh, Bán đất tại đường Gò Mây",131.6,5.0,7.0,Tây - Nam,,,,Have certificate,,0.64,30
"Hà Nội, Đông Anh, Bán đất tại đường 3",430.0,,6.0,,,,,Have certificate,,32.0,30
"Khánh Hòa, Diên Khánh, Bán đất tại đường Gò Mây",131.0,5.0,5.0,,,,,Have certificate,,0.64,30
"Hồ Chí Minh, Cần Giờ, Bán đất tại đường 30/4",200.0,8.0,20.0,,,,,Have certificate,,11.0,30
"Bình Dương, Dầu Tiếng, Bán đất tại xã Minh Thạnh",2487.0,,,,,,,Have certificate,,1.25,30
"Lâm Đồng, Lâm Hà, Bán đất tại xã Phúc Thọ",4040.0,,,,,,,Have certificate,,6.5,30
"Hồ Chí Minh, Quận 2, Bán đất tại đường Lê Văn Thịnh",538.0,12.5,12.0,Đông - Nam,,,,Have certificate,,0.07,22
"Hồ Chí Minh, Củ Chi, Bán đất tại xã Thái Mỹ",642.3,,7.0,,,,,,,1.9,30
"Đồng Nai, Vĩnh Cửu, Bán đất tại đường Cây Quéo",80.0,5.0,5.0,Đông,,,,Have certificate,,1.25,30
"Quảng Nam, Thăng Bình, Bán đất tại xã Bình Dương",2800.0,22.0,4.0,Đông - Bắc,,,,Have certificate,,800.0,30
"Bà Rịa Vũng Tàu, Vũng Tàu, Bán đất tại đường Trương Công Định",223.0,,,Đông - Nam,,,,Have certificate,,18.0,30
"Hà Nội, Long Biên, Bán đất tại đường Ngô Gia Tự",3200.0,,30.0,,,,,Have certificate,,430.0,30
"Bình Định, Quy Nhơn, Bán đất tại đường Trần Văn Dũng",80.0,4.0,,Đông - Bắc,,,,Have certificate,,3.3,22
"Long An, Thủ Thừa, Bán đất tại xã Bình An",190.0,,,,,,,Have certificate,,2.55,30
"Khánh Hòa, Nha Trang, Bán đất tại đường Hòn Xện",140.0,8.0,,Bắc,,,,Have certificate,,0.07,30
"Khánh Hòa, Nha Trang, Bán đất tại đường Hòn Xện",280.0,12.0,,Nam,,,,Have certificate,,0.07,30
"Hồ Chí Minh, Quận 7, Bán đất tại đường Lê Văn Lương",4000.0,7.3,40.0,Tây - Bắc,,,,,,180.0,30
"Thái Nguyên, Phổ Yên, Bán đất tại phố Trần Nguyên Hãn",630.0,27.0,9.0,Tây - Nam,,,,Have certificate,,0.05,30
"Hưng Yên, Kim Động, Bán đất tại xã Vĩnh Xá",130.0,6.5,,,,,,,,0.02,30
"Lâm Đồng, Đà Lạt, Bán đất tại phường 10",1678.0,14.0,,Tây - Bắc,,,,Have certificate,,71.0,30
"Khánh Hòa, Nha Trang, Bán đất tại đường Hòn Xện",300.0,,,,,,,,,0.12,30
"Đồng Nai, Vĩnh Cửu, Bán đất tại xã Thạnh Phú",295.0,10.0,12.0,Đông,,,,Have certificate,,4.0,27
"Hồ Chí Minh, Quận 9, Bán đất tại đường 8",50.0,8.0,8.0,Tây - Bắc,,,,Have certificate,,2.77,30
"Hà Nội, Hoàng Mai, Bán đất tại đường Linh Đường",50.0,4.0,4.0,,,,,Have certificate,,9.0,30
"Đắk Lắk, Buôn Hồ, Bán đất tại xã Ea Drông",617.3,11.22,12.0,Đông - Nam,,,,Have certificate,,0.26,30
"Lâm Đồng, Bảo Lộc, Bán đất tại đường Chi Lăng",454.0,6.0,20.0,Tây,,,,Have certificate,,3.4,30
"Hà Nội, Mê Linh, Bán đất tại xã Thanh Lâm",86.0,,,,,,,Have certificate,,3.8,30
"Bình Thuận, Hàm Tân, Bán đất tại xã Tân Xuân",10000.0,63.0,5.0,,,,,Have certificate,,8.19,30
"Đà Nẵng, Cẩm Lệ, Bán đất tại đường Hoà An 17",348.8,15.0,7.0,Tây - Bắc,,,,Have certificate,,17.44,30
"Quảng Bình, Đồng Hới, Bán đất tại đường Nguyễn Đăng Giai",200.0,10.0,7.5,Đông - Bắc,,,,Have certificate,,1.81,30
"Thanh Hóa, Bá Thước, Bán đất tại thị trấn Cành Nàng",124.9,5.0,,,,,,,,0.48,30
"Đồng Nai, Vĩnh Cửu, Bán đất tại đường Hương Lộ 15",80.0,4.0,9.0,,,,,Have certificate,,1.56,30
"Đồng Nai, Cẩm Mỹ, Bán đất tại xã Sông Ray",1700.0,,3.0,,,,,Have certificate,,1.34,30
"Đồng Nai, Cẩm Mỹ, Bán đất tại xã Sông Ray",2020.0,,3.2,,,,,,,1.88,30
"Bà Rịa Vũng Tàu, Phú Mỹ, Bán đất tại đường Quốc Lộ 51",125.0,5.0,6.0,Tây - Nam,,,,Have certificate,,1.13,30
"Hồ Chí Minh, Quận 12, Bán đất tại đường Thạnh Xuân 52",334.7,4.6,4.0,,,,,Have certificate,,13.0,30
"Khánh Hòa, Vạn Ninh, Bán đất tại đường Tân Đức Đông",570.0,15.0,15.0,Đông - Bắc,,,,Have certificate,,0.02,30
"Đà Nẵng, Liên Chiểu, Bán đất tại đường Phan Đình Giót",125.0,5.0,10.0,,,,,Have certificate,,8.0,30
"Hà Nội, Long Biên, Bán đất tại đường Nguyễn Văn Cừ",957.0,59.0,60.0,,,,,Have certificate,,86.0,30
"Hà Nội, Long Biên, Bán đất tại phố Lệ Mật",1052.0,,,,,,,Have certificate,,0.04,30
"Thừa Thiên Huế, Huế, Bán đất tại đường Bùi Thị Xuân",267.0,12.0,,,,,,Have certificate,,0.05,30
"Hồ Chí Minh, Quận 9, Bán đất tại đường Trường Lưu",62.0,7.0,7.0,,,,,Have certificate,,4.0,30
"Quảng Ninh, Hạ Long, Bán đất tại phường Tuần Châu",468.0,26.0,12.0,,,,,Have certificate,,,30
"Đà Nẵng, Ngũ Hành Sơn, Bán đất tại đường Võ Nguyên Giáp",140.0,7.0,6.0,,,,,Have certificate,,33.5,30
"Quảng Ninh, Hạ Long, Bán đất tại phường Tuần Châu",360.0,20.0,8.0,Nam,,,,Have certificate,,,30
"Quảng Ninh, Hạ Long, Bán đất tại đường Lán Bè",252.0,14.0,7.0,Bắc,,,,Have certificate,,32.0,30
"Quảng Ninh, Hạ Long, Bán đất tại đường Âu Tầu",683.0,,,,,,,Have certificate,,,30
"Hồ Chí Minh, Quận 9, Bán đất tại đường Trường Lưu",102.0,10.0,10.0,Bắc,,,,Have certificate,,5.65,30
"Thừa Thiên Huế, Huế, Bán đất tại đường Trần Phú",230.0,10.0,,,,,,Have certificate,,0.1,30
"Hà Nội, Long Biên, Bán đất tại phường Cự Khối",64.0,4.3,5.0,,,,,Have certificate,,9.09,30
"Long An, Bến Lức, Bán đất tại đường Liên Xã",312.0,12.0,8.0,,,,,Have certificate,,2.9,30
"Tây Ninh, Bến Cầu, Bán đất tại đường Nguyễn Trung Trực",726.4,30.0,10.0,Nam,,,,Have certificate,,,24
"Đồng Nai, Xuân Lộc, Bán đất tại đường ĐT 763",1875.0,20.0,8.0,Tây,,,,Have certificate,,5.73,30
"Bình Dương, Bến Cát, Bán đất tại đường Hùng Vương",1106.0,7.0,,,,,,Have certificate,,7.0,30
"Đồng Nai, Nhơn Trạch, Bán đất tại đường Võ Thị Sáu",100.0,5.0,12.0,,,,,Have certificate,,3.5,30
"Bà Rịa Vũng Tàu, Vũng Tàu, Bán đất tại đường Dương Minh Châu",213.0,7.5,13.0,Đông - Nam,,,,Have certificate,,23.5,30
"Đồng Nai, Nhơn Trạch, Bán đất tại đường Võ Thị Sáu",140.0,7.0,12.0,,,,,Have certificate,,6.5,30
"Hà Nội, Chương Mỹ, Bán đất tại xã Trần Phú",650.0,15.0,7.0,,,,,Have certificate,,3.98,30
"Hồ Chí Minh, Củ Chi, Bán đất tại đường Bùi Thị He",232.0,8.0,,,,,,Have certificate,,,30
"Bình Dương, Dầu Tiếng, Bán đất tại đường Tỉnh lộ 749",250.0,5.0,,Tây,,,,Have certificate,,0.55,30
"Hà Nội, Chương Mỹ, Bán đất tại xã Đại Yên",178.5,10.35,,,,,,,,0.06,30
"Đồng Nai, Cẩm Mỹ, Bán đất tại xã Bảo Bình",2100.0,28.0,4.0,Nam,,,,Have certificate,,1.11,30
"Đồng Nai, Cẩm Mỹ, Bán đất tại đường 765",113.7,5.0,3.0,,,,,Have certificate,,0.56,30
"Long An, Cần Đước, Bán đất tại xã Tân Trạch",101.0,,,,,,,Have certificate,,1.19,30
"Đồng Nai, Cẩm Mỹ, Bán đất tại xã Xuân Tây",3264.0,21.0,3.0,Đông - Bắc,,,,Have certificate,,1.18,30
"Đồng Nai, Nhơn Trạch, Bán đất tại đường Hùng Vương",137.0,5.0,5.0,,,,,Have certificate,,2.1,30
"Hà Nội, Thạch Thất, Bán đất tại đường Tỉnh lộ 420",65.0,5.0,4.0,,,,,Have certificate,,1.6,30
"Đồng Nai, Nhơn Trạch, Bán đất tại xã Phước An",100.0,5.0,14.0,,,,,Have certificate,,2.35,30
"Tiền Giang, Mỹ Tho, Bán đất tại đường Phạm Hùng",108.0,4.0,2.0,Tây,,,,Have certificate,,0.77,30
"Hà Nội, Quốc Oai, Bán đất tại đường Phú Cát",100.0,5.0,12.0,Đông - Bắc,,,,Have certificate,,0.03,30
"Thanh Hóa, Thạch Thành, Bán đất tại xã Thạch Quảng",92.3,5.3,4.0,Tây - Nam,,,,Have certificate,,0.48,24
"Quảng Ngãi, Sơn Tịnh, Bán đất tại đường Tế Hanh",500.0,15.0,12.0,,,,,Have certificate,,0.01,30
"Hải Phòng, Đồ Sơn, Bán đất tại đường Hợp Đức",125.0,5.0,18.0,,,,,Have certificate,,0.02,30
"Ninh Thuận, Ninh Phước, Bán đất tại đường Quốc lộ 1A",4987.9,,5.0,,,,,Have certificate,,5.0,30
"Tây Ninh, Tân Châu, Bán đất tại xã Tân Hưng",848.2,15.0,,,,,,Have certificate,,2.5,30
"Kiên Giang, Phú Quốc, Bán đất tại xã Dương Tơ",25000.0,,,,,,,Have certificate,,1.5,30
"Bình Định, Phù Mỹ, Bán đất tại xã Mỹ Thọ",340.0,15.0,5.0,Đông - Nam,,,,Have certificate,,2.95,30
"Đồng Nai, Long Khánh, Bán đất tại đường Bảo Quang - Bàu Cối",4652.0,157.0,25.0,,,,,Have certificate,,13.5,30
"Đà Nẵng, Hòa Vang, Bán đất tại đường 14G",1280.0,50.0,10.0,Nam,,,,Have certificate,,9.5,30
"Đồng Nai, Xuân Lộc, Bán đất tại đường Quốc lộ 1A",20000.0,89.0,50.0,,,,,Have certificate,,60.0,30
"Hà Nội, Thanh Trì, Bán đất tại xã Vạn Phúc",753.0,7.0,4.0,,,,,Have certificate,,,30
"Tiền Giang, Châu Thành, Bán đất tại xã Tam Hiệp",296.0,23.6,3.0,Tây - Nam,,,,Have certificate,,0.4,30
"Hà Nội, Long Biên, Bán đất tại đường Nguyễn Văn Linh",50.0,4.5,10.0,,,,,Have certificate,,8.26,30
"Đà Nẵng, Hải Châu, Bán đất tại đường Nguyễn Tất Thành",305.0,,,,,,,,,40.0,19
"Hà Nội, Nam Từ Liêm, Bán đất tại đường Do Nha",73.5,3.17,10.0,,,,,Have certificate,,13.6,30
"Lào Cai, Sa Pa, Bán đất tại xã Mường Hoa",1600.0,,,,,,,Have certificate,,7.5,30
"Hà Nội, Hoàng Mai, Bán đất tại đường Thanh Lân",50.0,5.5,2.0,Nam,,,,Have certificate,,7.8,30
"Lào Cai, Sa Pa, Bán đất tại xã Mường Hoa",2800.0,,,,,,,Have certificate,,23.0,30
"Lâm Đồng, Bảo Lâm, Bán đất tại đường Quốc Lộ 20",186.0,6.0,6.0,,,,,Have certificate,,2.94,30
"Hà Nội, Đông Anh, Bán đất tại đường Võ Văn Kiệt",100.0,5.0,15.0,,,,,Have certificate,,0.1,24
"Hồ Chí Minh, Cần Giờ, Bán đất tại đường Rừng Sác",416.0,,,,,,,Have certificate,,0.07,22
"Hà Nội, Đông Anh, Bán đất tại đường Cao Lỗ",120.0,6.0,3.0,,,,,Have certificate,,5.0,27
"Bình Dương, Tân Uyên, Bán đất tại xã Vĩnh Tân",600.0,,,,,,,,,,30
"Hòa Bình, Lạc Thủy, Bán đất tại đường Hồ Chí Minh",5216.0,30.0,7.0,,,,,Have certificate,,,24
"Hải Phòng, Dương Kinh, Bán đất tại phố Sông He",122.0,4.5,8.0,Tây - Bắc,,,,Have certificate,,0.04,25
"Bình Phước, Chơn Thành, Bán đất tại đường ĐT 756",252.3,5.0,6.0,Nam,,,,Have certificate,,0.57,25
"Đồng Nai, Biên Hòa, Bán đất tại đường Nguyễn Trung Trực",70.0,4.5,12.0,,,,,Have certificate,,1.48,30
"Hà Nội, Hà Đông, Bán đất tại phường Đồng Mai",65.5,4.0,8.0,Bắc,,,,Have certificate,,7.2,26
"Hà Nội, Sơn Tây, Bán đất tại đường Quốc lộ 21A(Quốc lộ 21)",106.0,,,,,,,,,3.89,19
"Hà Nội, Sóc Sơn, Bán đất tại xã Mai Đình",62.0,4.0,5.0,Đông - Bắc,,,,Have certificate,,3.25,25
"Đồng Nai, Vĩnh Cửu, Bán đất tại đường Hương Lộ 9",84.1,7.0,7.0,Đông - Bắc,,,,Have certificate,,1.3,28
"Hồ Chí Minh, Thủ Đức, Bán đất tại đường Số 9",1110.0,25.0,5.0,,,,,Have certificate,,25.0,28
"Hồ Chí Minh, Thủ Đức, Bán đất tại đường Số 8",26462.0,270.0,5.0,,,,,Have certificate,,960.0,28
"Đồng Nai, Vĩnh Cửu, Bán đất tại đường Cây Quéo",78.8,6.0,6.0,Tây - Bắc,,,,Have certificate,,1.18,28
"Hà Nội, Gia Lâm, Bán đất tại đường Đa Tốn",50.0,4.5,17.0,Đông - Nam,,,,Have certificate,,9.8,14
"Hà Nội, Đông Anh, Bán đất tại đường Bắc Thăng Long",200.0,11.0,8.0,Đông - Nam,,,,Have certificate,,31.0,24
"Hồ Chí Minh, Bình Tân, Bán đất tại đường Hàng Dương",103.0,5.2,6.0,,,,,Have certificate,,6.8,20
"Hồ Chí Minh, Quận 11, Bán đất tại đường Hòa Bình",57.6,4.0,8.0,,,,,Have certificate,,6.99,23
"Bình Dương, Phú Giáo, Bán đất tại đường DH507",400.0,,,,,,,Have certificate,,0.6,26
"Bình Dương, Phú Giáo, Bán đất tại đường DH511",400.0,45.0,10.0,,,,,Have certificate,,0.6,26
